record_id,record_type,season,match_id,tournament_id,tournament_name,match_type,match_date,venue,city,match_overs,team_a_id,team_a,team_b_id,team_b,winner,result,win_by,inning,inning_team_id,inning_team,innings_runs,innings_wickets,innings_extras,innings_overs,innings_balls,innings_run_rate,is_declare,is_forfeited,is_allout,revised_target,revised_overs,penalty_run,lead_by,trail_by,negative_run,player_id,player,batting_team_id,batting_team,bowling_team_id,bowling_team,runs,balls,minutes,fours,sixes,strike_rate,batting_hand,how_to_out,how_to_out_short_name,overs,maidens,wickets,dots,wides,no_balls,economy_rate,total_extras,summary,extra_type_id,type_code,extra_type_run,extra_run,wicket_number,wicket_score,wicket_over,wicket_balls,dismiss_player_id,dismiss_player,raw_json,source
1,BATTING,2,26175565,2092140,JCC Box Cricket League,Box Cricket,2026-07-17,Turf8teen10,Jaipur,7,13914529,Neuro strikers,13914777,Mavericks,Neuro strikers,Resulted,26 runs,1,13914529,Neuro strikers,59,4,3,7.0,0,8.43,0,0,0,0,0.0,0,0,0,0,33295238,Mahesh kumar,13914529,Neuro strikers,,,0,1,1,0,0,0.0,RHB,c †Nitesh b Siddharth Rao,c †Nitesh b Siddharth Rao,,,,,,,,,,,,,,,,,,,,,CricHeroes scorecard v2
2,BATTING,2,26175565,2092140,JCC Box Cricket League,Box Cricket,2026-07-17,Turf8teen10,Jaipur,7,13914529,Neuro strikers,13914777,Mavericks,Neuro strikers,Resulted,26 runs,1,13914529,Neuro strikers,59,4,3,7.0,0,8.43,0,0,0,0,0.0,0,0,0,0,49460120,Sagar  (c),13914529,Neuro strikers,,,20,10,10,2,1,200.0,RHB,c&b Anil Rawat,c&b Anil Rawat,,,,,,,,,,,,,,,,,,,,,CricHeroes scorecard v2
3,BATTING,2,26175565,2092140,JCC Box Cricket League,Box Cricket,2026-07-17,Turf8teen10,Jaipur,7,13914529,Neuro strikers,13914777,Mavericks,Neuro strikers,Resulted,26 runs,1,13914529,Neuro strikers,59,4,3,7.0,0,8.43,0,0,0,0,0.0,0,0,0,0,50368825,Bhairav Deep Touchy,13914529,Neuro strikers,,,26,22,20,2,2,118.18,RHB,c †Nitesh b Anil Rawat,c †Nitesh b Anil Rawat,,,,,,,,,,,,,,,,,,,,,CricHeroes scorecard v2
4,BATTING,2,26175565,2092140,JCC Box Cricket League,Box Cricket,2026-07-17,Turf8teen10,Jaipur,7,13914529,Neuro strikers,13914777,Mavericks,Neuro strikers,Resulted,26 runs,1,13914529,Neuro strikers,59,4,3,7.0,0,8.43,0,0,0,0,0.0,0,0,0,0,41945456,Saurabh CBI,13914529,Neuro strikers,,,8,6,8,0,1,133.33,RHB,run out † Nitesh,run out † Nitesh,,,,,,,,,,,,,,,,,,,,,CricHeroes scorecard v2
5,BATTING,2,26175565,2092140,JCC Box Cricket League,Box Cricket,2026-07-17,Turf8teen10,Jaipur,7,13914529,Neuro strikers,13914777,Mavericks,Neuro strikers,Resulted,26 runs,1,13914529,Neuro strikers,59,4,3,7.0,0,8.43,0,0,0,0,0.0,0,0,0,0,8131458,Lakshay,13914529,Neuro strikers,,,2,3,2,0,0,66.67,RHB,not out,not out,,,,,,,,,,,,,,,,,,,,,CricHeroes scorecard v2
6,BATTING,2,26175565,2092140,JCC Box Cricket League,Box Cricket,2026-07-17,Turf8teen10,Jaipur,7,13914529,Neuro strikers,13914777,Mavericks,Neuro strikers,Resulted,26 runs,2,13914777,Mavericks,33,5,4,7.0,0,4.71,0,0,0,0,0.0,0,0,0,0,5228456,Anil Rawat  (c),13914777,Mavericks,,,5,18,14,0,0,27.78,RHB,retired hurt,retired hurt,,,,,,,,,,,,,,,,,,,,,CricHeroes scorecard v2
7,BATTING,2,26175565,2092140,JCC Box Cricket League,Box Cricket,2026-07-17,Turf8teen10,Jaipur,7,13914529,Neuro strikers,13914777,Mavericks,Neuro strikers,Resulted,26 runs,2,13914777,Mavericks,33,5,4,7.0,0,4.71,0,0,0,0,0.0,0,0,0,0,12843502,Uddhav Chaudhary,13914777,Mavericks,,,2,3,4,0,0,66.67,RHB,run out Saurabh CBI / Prashant Ramchandani,run out Saurabh CBI / Prashant Ramchandani,,,,,,,,,,,,,,,,,,,,,CricHeroes scorecard v2
8,BATTING,2,26175565,2092140,JCC Box Cricket League,Box Cricket,2026-07-17,Turf8teen10,Jaipur,7,13914529,Neuro strikers,13914777,Mavericks,Neuro strikers,Resulted,26 runs,2,13914777,Mavericks,33,5,4,7.0,0,4.71,0,0,0,0,0.0,0,0,0,0,38735959,Siddharth Rao,13914777,Mavericks,,,2,5,8,0,0,40.0,RHB,c Saurabh CBI b Sagar,c Saurabh CBI b Sagar,,,,,,,,,,,,,,,,,,,,,CricHeroes scorecard v2
9,BATTING,2,26175565,2092140,JCC Box Cricket League,Box Cricket,2026-07-17,Turf8teen10,Jaipur,7,13914529,Neuro strikers,13914777,Mavericks,Neuro strikers,Resulted,26 runs,2,13914777,Mavericks,33,5,4,7.0,0,4.71,0,0,0,0,0.0,0,0,0,0,49460259,Nitesh  (wk),13914777,Mavericks,,,10,6,6,1,1,166.67,RHB,c Mahesh kumar b Abhijeet Singh Shekhawat,c Mahesh kumar b Abhijeet Singh Shekhawat,,,,,,,,,,,,,,,,,,,,,CricHeroes scorecard v2
10,BATTING,2,26175565,2092140,JCC Box Cricket League,Box Cricket,2026-07-17,Turf8teen10,Jaipur,7,13914529,Neuro strikers,13914777,Mavericks,Neuro strikers,Resulted,26 runs,2,13914777,Mavericks,33,5,4,7.0,0,4.71,0,0,0,0,0.0,0,0,0,0,7989139,Sonu,13914777,Mavericks,,,4,6,4,0,0,66.67,,b Saurabh CBI,b Saurabh CBI,,,,,,,,,,,,,,,,,,,,,CricHeroes scorecard v2
11,BATTING,2,26175565,2092140,JCC Box Cricket League,Box Cricket,2026-07-17,Turf8teen10,Jaipur,7,13914529,Neuro strikers,13914777,Mavericks,Neuro strikers,Resulted,26 runs,2,13914777,Mavericks,33,5,4,7.0,0,4.71,0,0,0,0,0.0,0,0,0,0,52038417,Vikas,13914777,Mavericks,,,0,0,3,0,0,0.0,RHB,not out,not out,,,,,,,,,,,,,,,,,,,,,CricHeroes scorecard v2
12,BATTING,2,26175565,2092140,JCC Box Cricket League,Box Cricket,2026-07-17,Turf8teen10,Jaipur,7,13914529,Neuro strikers,13914777,Mavericks,Neuro strikers,Resulted,26 runs,2,13914777,Mavericks,33,5,4,7.0,0,4.71,0,0,0,0,0.0,0,0,0,0,4807250,Dr. Gaurav,13914777,Mavericks,,,0,2,1,0,0,0.0,RHB,b Abhijeet Singh Shekhawat,b Abhijeet Singh Shekhawat,,,,,,,,,,,,,,,,,,,,,CricHeroes scorecard v2
13,BATTING,2,26175565,2092140,JCC Box Cricket League,Box Cricket,2026-07-17,Turf8teen10,Jaipur,7,13914529,Neuro strikers,13914777,Mavericks,Neuro strikers,Resulted,26 runs,2,13914777,Mavericks,33,5,4,7.0,0,4.71,0,0,0,0,0.0,0,0,0,0,15803869,Nitin Setia,13914777,Mavericks,,,6,3,1,0,1,200.0,RHB,not out,not out,,,,,,,,,,,,,,,,,,,,,CricHeroes scorecard v2
14,BATTING,2,26158057,2092140,JCC Box Cricket League,Box Cricket,2026-07-17,Heera Box Cricket,Jaipur,7,13914721,Outliers,13914529,Neuro strikers,Neuro strikers,Resulted,6 wickets,1,13914721,Outliers,51,3,7,7.0,0,7.29,0,0,0,0,0.0,0,0,0,0,50368899,Naman Mavericks,13914721,Outliers,,,20,8,11,1,2,250.0,RHB,run out Prashant Ramchandani,run out Prashant Ramchandani,,,,,,,,,,,,,,,,,,,,,CricHeroes scorecard v2
15,BATTING,2,26158057,2092140,JCC Box Cricket League,Box Cricket,2026-07-17,Heera Box Cricket,Jaipur,7,13914721,Outliers,13914529,Neuro strikers,Neuro strikers,Resulted,6 wickets,1,13914721,Outliers,51,3,7,7.0,0,7.29,0,0,0,0,0.0,0,0,0,0,50368843,Harnoor Singh,13914721,Outliers,,,0,1,5,0,0,0.0,RHB,b Saurabh CBI,b Saurabh CBI,,,,,,,,,,,,,,,,,,,,,CricHeroes scorecard v2
16,BATTING,2,26158057,2092140,JCC Box Cricket League,Box Cricket,2026-07-17,Heera Box Cricket,Jaipur,7,13914721,Outliers,13914529,Neuro strikers,Neuro strikers,Resulted,6 wickets,1,13914721,Outliers,51,3,7,7.0,0,7.29,0,0,0,0,0.0,0,0,0,0,52760329,Jaivardhan Pathak,13914721,Outliers,,,0,1,1,0,0,0.0,RHB,c Sagar b Saurabh CBI,c Sagar b Saurabh CBI,,,,,,,,,,,,,,,,,,,,,CricHeroes scorecard v2
17,BATTING,2,26158057,2092140,JCC Box Cricket League,Box Cricket,2026-07-17,Heera Box Cricket,Jaipur,7,13914721,Outliers,13914529,Neuro strikers,Neuro strikers,Resulted,6 wickets,1,13914721,Outliers,51,3,7,7.0,0,7.29,0,0,0,0,0.0,0,0,0,0,2238721,Adhip Choudhary,13914721,Outliers,,,14,16,16,0,1,87.5,RHB,not out,not out,,,,,,,,,,,,,,,,,,,,,CricHeroes scorecard v2
18,BATTING,2,26158057,2092140,JCC Box Cricket League,Box Cricket,2026-07-17,Heera Box Cricket,Jaipur,7,13914721,Outliers,13914529,Neuro strikers,Neuro strikers,Resulted,6 wickets,1,13914721,Outliers,51,3,7,7.0,0,7.29,0,0,0,0,0.0,0,0,0,0,1748478,Nishant Gupta,13914721,Outliers,,,10,16,11,1,0,62.5,RHB,not out,not out,,,,,,,,,,,,,,,,,,,,,CricHeroes scorecard v2
19,BATTING,2,26158057,2092140,JCC Box Cricket League,Box Cricket,2026-07-17,Heera Box Cricket,Jaipur,7,13914721,Outliers,13914529,Neuro strikers,Neuro strikers,Resulted,6 wickets,2,13914529,Neuro strikers,52,1,7,6.3,0,8.0,0,0,0,0,0.0,0,0,0,0,33295238,Mahesh kumar,13914529,Neuro strikers,,,32,25,22,1,3,128.0,RHB,not out,not out,,,,,,,,,,,,,,,,,,,,,CricHeroes scorecard v2
20,BATTING,2,26158057,2092140,JCC Box Cricket League,Box Cricket,2026-07-17,Heera Box Cricket,Jaipur,7,13914721,Outliers,13914529,Neuro strikers,Neuro strikers,Resulted,6 wickets,2,13914529,Neuro strikers,52,1,7,6.3,0,8.0,0,0,0,0,0.0,0,0,0,0,49460120,Sagar  (c),13914529,Neuro strikers,,,0,3,3,0,0,0.0,RHB,c Naman Mavericks b Dhruv Paliwal,c Naman Mavericks b Dhruv Paliwal,,,,,,,,,,,,,,,,,,,,,CricHeroes scorecard v2
21,BATTING,2,26158057,2092140,JCC Box Cricket League,Box Cricket,2026-07-17,Heera Box Cricket,Jaipur,7,13914721,Outliers,13914529,Neuro strikers,Neuro strikers,Resulted,6 wickets,2,13914529,Neuro strikers,52,1,7,6.3,0,8.0,0,0,0,0,0.0,0,0,0,0,50368825,Bhairav Deep Touchy,13914529,Neuro strikers,,,13,13,18,1,1,100.0,RHB,not out,not out,,,,,,,,,,,,,,,,,,,,,CricHeroes scorecard v2
22,BATTING,2,26158010,2092140,JCC Box Cricket League,Box Cricket,2026-07-17,Heera Box Cricket,Jaipur,7,13914777,Mavericks,13914721,Outliers,Mavericks,Resulted,20 runs,1,13914777,Mavericks,50,5,10,7.0,0,7.14,0,0,0,0,0.0,0,0,0,0,5228456,Anil Rawat  (c),13914777,Mavericks,,,15,19,19,1,1,78.95,RHB,c Jaivardhan Pathak b Dhruv Paliwal,c Jaivardhan Pathak b Dhruv Paliwal,,,,,,,,,,,,,,,,,,,,,CricHeroes scorecard v2
23,BATTING,2,26158010,2092140,JCC Box Cricket League,Box Cricket,2026-07-17,Heera Box Cricket,Jaipur,7,13914777,Mavericks,13914721,Outliers,Mavericks,Resulted,20 runs,1,13914777,Mavericks,50,5,10,7.0,0,7.14,0,0,0,0,0.0,0,0,0,0,7977983,Rahul  Kasliwal,13914777,Mavericks,,,8,9,15,0,1,88.89,RHB,run out Satvik Todwal / Nishant Gupta,run out Satvik Todwal / Nishant Gupta,,,,,,,,,,,,,,,,,,,,,CricHeroes scorecard v2
24,BATTING,2,26158010,2092140,JCC Box Cricket League,Box Cricket,2026-07-17,Heera Box Cricket,Jaipur,7,13914777,Mavericks,13914721,Outliers,Mavericks,Resulted,20 runs,1,13914777,Mavericks,50,5,10,7.0,0,7.14,0,0,0,0,0.0,0,0,0,0,49460259,Nitesh  (wk),13914777,Mavericks,,,0,2,1,0,0,0.0,RHB,b Satvik Todwal,b Satvik Todwal,,,,,,,,,,,,,,,,,,,,,CricHeroes scorecard v2
25,BATTING,2,26158010,2092140,JCC Box Cricket League,Box Cricket,2026-07-17,Heera Box Cricket,Jaipur,7,13914777,Mavericks,13914721,Outliers,Mavericks,Resulted,20 runs,1,13914777,Mavericks,50,5,10,7.0,0,7.14,0,0,0,0,0.0,0,0,0,0,38735959,Siddharth Rao,13914777,Mavericks,,,14,8,11,3,0,175.0,RHB,not out,not out,,,,,,,,,,,,,,,,,,,,,CricHeroes scorecard v2
26,BATTING,2,26158010,2092140,JCC Box Cricket League,Box Cricket,2026-07-17,Heera Box Cricket,Jaipur,7,13914777,Mavericks,13914721,Outliers,Mavericks,Resulted,20 runs,1,13914777,Mavericks,50,5,10,7.0,0,7.14,0,0,0,0,0.0,0,0,0,0,4807250,Dr. Gaurav,13914777,Mavericks,,,2,4,4,0,0,50.0,RHB,b Krshna,b Krshna,,,,,,,,,,,,,,,,,,,,,CricHeroes scorecard v2
27,BATTING,2,26158010,2092140,JCC Box Cricket League,Box Cricket,2026-07-17,Heera Box Cricket,Jaipur,7,13914777,Mavericks,13914721,Outliers,Mavericks,Resulted,20 runs,1,13914777,Mavericks,50,5,10,7.0,0,7.14,0,0,0,0,0.0,0,0,0,0,52038417,Vikas,13914777,Mavericks,,,0,0,1,0,0,0.0,RHB,st †Adhip Choudhary b Krshna,st †Adhip Choudhary b Krshna,,,,,,,,,,,,,,,,,,,,,CricHeroes scorecard v2
28,BATTING,2,26158010,2092140,JCC Box Cricket League,Box Cricket,2026-07-17,Heera Box Cricket,Jaipur,7,13914777,Mavericks,13914721,Outliers,Mavericks,Resulted,20 runs,1,13914777,Mavericks,50,5,10,7.0,0,7.14,0,0,0,0,0.0,0,0,0,0,12843502,Uddhav Chaudhary,13914777,Mavericks,,,1,1,1,0,0,100.0,RHB,not out,not out,,,,,,,,,,,,,,,,,,,,,CricHeroes scorecard v2
29,BATTING,2,26158010,2092140,JCC Box Cricket League,Box Cricket,2026-07-17,Heera Box Cricket,Jaipur,7,13914777,Mavericks,13914721,Outliers,Mavericks,Resulted,20 runs,2,13914721,Outliers,30,4,2,7.0,0,4.29,0,0,0,0,0.0,0,0,0,0,50368899,Naman Mavericks,13914721,Outliers,,,12,16,7,1,1,75.0,RHB,b Rahul  Kasliwal,b Rahul  Kasliwal,,,,,,,,,,,,,,,,,,,,,CricHeroes scorecard v2
30,BATTING,2,26158010,2092140,JCC Box Cricket League,Box Cricket,2026-07-17,Heera Box Cricket,Jaipur,7,13914777,Mavericks,13914721,Outliers,Mavericks,Resulted,20 runs,2,13914721,Outliers,30,4,2,7.0,0,4.29,0,0,0,0,0.0,0,0,0,0,50368843,Harnoor Singh,13914721,Outliers,,,2,4,9,0,0,50.0,RHB,c †Nitesh b Vikas,c †Nitesh b Vikas,,,,,,,,,,,,,,,,,,,,,CricHeroes scorecard v2
31,BATTING,2,26158010,2092140,JCC Box Cricket League,Box Cricket,2026-07-17,Heera Box Cricket,Jaipur,7,13914777,Mavericks,13914721,Outliers,Mavericks,Resulted,20 runs,2,13914721,Outliers,30,4,2,7.0,0,4.29,0,0,0,0,0.0,0,0,0,0,1748478,Nishant Gupta,13914721,Outliers,,,0,1,3,0,0,0.0,RHB,c †Nitesh b Vikas,c †Nitesh b Vikas,,,,,,,,,,,,,,,,,,,,,CricHeroes scorecard v2
32,BATTING,2,26158010,2092140,JCC Box Cricket League,Box Cricket,2026-07-17,Heera Box Cricket,Jaipur,7,13914777,Mavericks,13914721,Outliers,Mavericks,Resulted,20 runs,2,13914721,Outliers,30,4,2,7.0,0,4.29,0,0,0,0,0.0,0,0,0,0,52760329,Jaivardhan Pathak,13914721,Outliers,,,10,13,10,0,1,76.92,RHB,not out,not out,,,,,,,,,,,,,,,,,,,,,CricHeroes scorecard v2
33,BATTING,2,26158010,2092140,JCC Box Cricket League,Box Cricket,2026-07-17,Heera Box Cricket,Jaipur,7,13914777,Mavericks,13914721,Outliers,Mavericks,Resulted,20 runs,2,13914721,Outliers,30,4,2,7.0,0,4.29,0,0,0,0,0.0,0,0,0,0,50368913,Rudraksh  (c),13914721,Outliers,,,4,8,6,0,0,50.0,RHB,c Anil Rawat b Siddharth Rao,c Anil Rawat b Siddharth Rao,,,,,,,,,,,,,,,,,,,,,CricHeroes scorecard v2
34,BATTING,2,26158010,2092140,JCC Box Cricket League,Box Cricket,2026-07-17,Heera Box Cricket,Jaipur,7,13914777,Mavericks,13914721,Outliers,Mavericks,Resulted,20 runs,2,13914721,Outliers,30,4,2,7.0,0,4.29,0,0,0,0,0.0,0,0,0,0,2238721,Adhip Choudhary  (wk),13914721,Outliers,,,0,0,2,0,0,0.0,RHB,not out,not out,,,,,,,,,,,,,,,,,,,,,CricHeroes scorecard v2
35,BATTING,2,26158038,2092140,JCC Box Cricket League,Box Cricket,2026-07-17,Heera Box Cricket,Jaipur,7,13914777,Mavericks,13914529,Neuro strikers,Neuro strikers,Resulted,7 wickets,1,13914777,Mavericks,46,2,2,7.0,0,6.57,0,0,0,0,0.0,0,0,0,0,12843502,Uddhav Chaudhary,13914777,Mavericks,,,5,14,14,0,0,35.71,RHB,run out Opal,run out Opal,,,,,,,,,,,,,,,,,,,,,CricHeroes scorecard v2
36,BATTING,2,26158038,2092140,JCC Box Cricket League,Box Cricket,2026-07-17,Heera Box Cricket,Jaipur,7,13914777,Mavericks,13914529,Neuro strikers,Neuro strikers,Resulted,7 wickets,1,13914777,Mavericks,46,2,2,7.0,0,6.57,0,0,0,0,0.0,0,0,0,0,5228456,Anil Rawat  (c),13914777,Mavericks,,,29,20,16,3,2,145.0,RHB,run out Lakshay / Sagar,run out Lakshay / Sagar,,,,,,,,,,,,,,,,,,,,,CricHeroes scorecard v2
37,BATTING,2,26158038,2092140,JCC Box Cricket League,Box Cricket,2026-07-17,Heera Box Cricket,Jaipur,7,13914777,Mavericks,13914529,Neuro strikers,Neuro strikers,Resulted,7 wickets,1,13914777,Mavericks,46,2,2,7.0,0,6.57,0,0,0,0,0.0,0,0,0,0,7977983,Rahul  Kasliwal,13914777,Mavericks,,,4,6,5,0,0,66.67,RHB,not out,not out,,,,,,,,,,,,,,,,,,,,,CricHeroes scorecard v2
38,BATTING,2,26158038,2092140,JCC Box Cricket League,Box Cricket,2026-07-17,Heera Box Cricket,Jaipur,7,13914777,Mavericks,13914529,Neuro strikers,Neuro strikers,Resulted,7 wickets,1,13914777,Mavericks,46,2,2,7.0,0,6.57,0,0,0,0,0.0,0,0,0,0,49460259,Nitesh,13914777,Mavericks,,,6,2,3,0,1,300.0,RHB,not out,not out,,,,,,,,,,,,,,,,,,,,,CricHeroes scorecard v2
39,BATTING,2,26158038,2092140,JCC Box Cricket League,Box Cricket,2026-07-17,Heera Box Cricket,Jaipur,7,13914777,Mavericks,13914529,Neuro strikers,Neuro strikers,Resulted,7 wickets,2,13914529,Neuro strikers,50,0,0,5.0,0,10.0,0,0,0,0,0.0,0,0,0,0,33295238,Mahesh kumar,13914529,Neuro strikers,,,24,15,12,1,2,160.0,RHB,not out,not out,,,,,,,,,,,,,,,,,,,,,CricHeroes scorecard v2
40,BATTING,2,26158038,2092140,JCC Box Cricket League,Box Cricket,2026-07-17,Heera Box Cricket,Jaipur,7,13914777,Mavericks,13914529,Neuro strikers,Neuro strikers,Resulted,7 wickets,2,13914529,Neuro strikers,50,0,0,5.0,0,10.0,0,0,0,0,0.0,0,0,0,0,49460120,Sagar  (c),13914529,Neuro strikers,,,26,15,12,0,4,173.33,RHB,not out,not out,,,,,,,,,,,,,,,,,,,,,CricHeroes scorecard v2
41,BATTING,2,26088240,2092140,JCC Box Cricket League,Box Cricket,2026-07-12,Turf8teen10,Jaipur,7,13914529,Neuro strikers,13914777,Mavericks,Mavericks,Resulted,6 wickets,1,13914529,Neuro strikers,32,4,6,7.0,0,4.57,0,0,0,0,0.0,0,0,0,0,33295238,Mahesh kumar,13914529,Neuro strikers,,,2,5,2,0,0,40.0,RHB,c Vikas b Siddharth Rao,c Vikas b Siddharth Rao,,,,,,,,,,,,,,,,,,,,,CricHeroes scorecard v2
42,BATTING,2,26088240,2092140,JCC Box Cricket League,Box Cricket,2026-07-12,Turf8teen10,Jaipur,7,13914529,Neuro strikers,13914777,Mavericks,Mavericks,Resulted,6 wickets,1,13914529,Neuro strikers,32,4,6,7.0,0,4.57,0,0,0,0,0.0,0,0,0,0,49460120,Sagar  (c),13914529,Neuro strikers,,,2,6,6,0,0,33.33,RHB,c †Nitesh b Vikas,c †Nitesh b Vikas,,,,,,,,,,,,,,,,,,,,,CricHeroes scorecard v2
43,BATTING,2,26088240,2092140,JCC Box Cricket League,Box Cricket,2026-07-12,Turf8teen10,Jaipur,7,13914529,Neuro strikers,13914777,Mavericks,Mavericks,Resulted,6 wickets,1,13914529,Neuro strikers,32,4,6,7.0,0,4.57,0,0,0,0,0.0,0,0,0,0,52038035,Sarthak Rathore ,13914529,Neuro strikers,,,3,10,8,0,0,30.0,RHB,c Anil Rawat b Nitin Setia,c Anil Rawat b Nitin Setia,,,,,,,,,,,,,,,,,,,,,CricHeroes scorecard v2
44,BATTING,2,26088240,2092140,JCC Box Cricket League,Box Cricket,2026-07-12,Turf8teen10,Jaipur,7,13914529,Neuro strikers,13914777,Mavericks,Mavericks,Resulted,6 wickets,1,13914529,Neuro strikers,32,4,6,7.0,0,4.57,0,0,0,0,0.0,0,0,0,0,41945456,Saurabh CBI,13914529,Neuro strikers,,,3,10,8,0,0,30.0,RHB,c †Nitesh b Vikas,c †Nitesh b Vikas,,,,,,,,,,,,,,,,,,,,,CricHeroes scorecard v2
45,BATTING,2,26088240,2092140,JCC Box Cricket League,Box Cricket,2026-07-12,Turf8teen10,Jaipur,7,13914529,Neuro strikers,13914777,Mavericks,Mavericks,Resulted,6 wickets,1,13914529,Neuro strikers,32,4,6,7.0,0,4.57,0,0,0,0,0.0,0,0,0,0,8131458,Lakshay,13914529,Neuro strikers,,,14,7,6,0,2,200.0,RHB,not out,not out,,,,,,,,,,,,,,,,,,,,,CricHeroes scorecard v2
46,BATTING,2,26088240,2092140,JCC Box Cricket League,Box Cricket,2026-07-12,Turf8teen10,Jaipur,7,13914529,Neuro strikers,13914777,Mavericks,Mavericks,Resulted,6 wickets,1,13914529,Neuro strikers,32,4,6,7.0,0,4.57,0,0,0,0,0.0,0,0,0,0,49459939,Abhijeet Singh Shekhawat,13914529,Neuro strikers,,,2,4,3,0,0,50.0,RHB,not out,not out,,,,,,,,,,,,,,,,,,,,,CricHeroes scorecard v2
47,BATTING,2,26088240,2092140,JCC Box Cricket League,Box Cricket,2026-07-12,Turf8teen10,Jaipur,7,13914529,Neuro strikers,13914777,Mavericks,Mavericks,Resulted,6 wickets,2,13914777,Mavericks,33,1,2,5.4,0,5.82,0,0,0,0,0.0,0,0,0,0,5228456,Anil Rawat  (c),13914777,Mavericks,,,0,2,2,0,0,0.0,RHB,c Lakshay b Mahesh kumar,c Lakshay b Mahesh kumar,,,,,,,,,,,,,,,,,,,,,CricHeroes scorecard v2
48,BATTING,2,26088240,2092140,JCC Box Cricket League,Box Cricket,2026-07-12,Turf8teen10,Jaipur,7,13914529,Neuro strikers,13914777,Mavericks,Mavericks,Resulted,6 wickets,2,13914777,Mavericks,33,1,2,5.4,0,5.82,0,0,0,0,0.0,0,0,0,0,49460259,Nitesh  (wk),13914777,Mavericks,,,15,15,17,0,1,100.0,RHB,not out,not out,,,,,,,,,,,,,,,,,,,,,CricHeroes scorecard v2
49,BATTING,2,26088240,2092140,JCC Box Cricket League,Box Cricket,2026-07-12,Turf8teen10,Jaipur,7,13914529,Neuro strikers,13914777,Mavericks,Mavericks,Resulted,6 wickets,2,13914777,Mavericks,33,1,2,5.4,0,5.82,0,0,0,0,0.0,0,0,0,0,7977983,Rahul  Kasliwal,13914777,Mavericks,,,16,17,14,0,1,94.12,RHB,not out,not out,,,,,,,,,,,,,,,,,,,,,CricHeroes scorecard v2
50,BATTING,2,26085797,2092140,JCC Box Cricket League,Box Cricket,2026-07-12,Turf8teen10,Jaipur,7,13914721,Outliers,13914529,Neuro strikers,Neuro strikers,Resulted,5 wickets,1,13914721,Outliers,84,4,5,7.0,0,12.0,0,0,0,0,0.0,0,0,0,0,50368899,Naman Mavericks,13914721,Outliers,,,53,24,20,2,7,220.83,RHB,run out Opal / † Sagar,run out Opal / † Sagar,,,,,,,,,,,,,,,,,,,,,CricHeroes scorecard v2
51,BATTING,2,26085797,2092140,JCC Box Cricket League,Box Cricket,2026-07-12,Turf8teen10,Jaipur,7,13914721,Outliers,13914529,Neuro strikers,Neuro strikers,Resulted,5 wickets,1,13914721,Outliers,84,4,5,7.0,0,12.0,0,0,0,0,0.0,0,0,0,0,50368825,Bhairav Deep Touchy,13914721,Outliers,,,23,12,11,0,3,191.67,RHB,c Opal b Prashant Ramchandani,c Opal b Prashant Ramchandani,,,,,,,,,,,,,,,,,,,,,CricHeroes scorecard v2
52,BATTING,2,26085797,2092140,JCC Box Cricket League,Box Cricket,2026-07-12,Turf8teen10,Jaipur,7,13914721,Outliers,13914529,Neuro strikers,Neuro strikers,Resulted,5 wickets,1,13914721,Outliers,84,4,5,7.0,0,12.0,0,0,0,0,0.0,0,0,0,0,7989139,Sonu,13914721,Outliers,,,0,1,1,0,0,0.0,,c †Sagar b Prashant Ramchandani,c †Sagar b Prashant Ramchandani,,,,,,,,,,,,,,,,,,,,,CricHeroes scorecard v2
53,BATTING,2,26085797,2092140,JCC Box Cricket League,Box Cricket,2026-07-12,Turf8teen10,Jaipur,7,13914721,Outliers,13914529,Neuro strikers,Neuro strikers,Resulted,5 wickets,1,13914721,Outliers,84,4,5,7.0,0,12.0,0,0,0,0,0.0,0,0,0,0,15649695,Ankit,13914721,Outliers,,,1,4,2,0,0,25.0,RHB,b Saurabh CBI,b Saurabh CBI,,,,,,,,,,,,,,,,,,,,,CricHeroes scorecard v2
54,BATTING,2,26085797,2092140,JCC Box Cricket League,Box Cricket,2026-07-12,Turf8teen10,Jaipur,7,13914721,Outliers,13914529,Neuro strikers,Neuro strikers,Resulted,5 wickets,1,13914721,Outliers,84,4,5,7.0,0,12.0,0,0,0,0,0.0,0,0,0,0,21015521,Satvik Todwal,13914721,Outliers,,,2,2,5,0,0,100.0,RHB,not out,not out,,,,,,,,,,,,,,,,,,,,,CricHeroes scorecard v2
55,BATTING,2,26085797,2092140,JCC Box Cricket League,Box Cricket,2026-07-12,Turf8teen10,Jaipur,7,13914721,Outliers,13914529,Neuro strikers,Neuro strikers,Resulted,5 wickets,2,13914529,Neuro strikers,90,2,9,6.4,0,13.5,0,0,0,0,0.0,0,0,0,0,33295238,Mahesh kumar,13914529,Neuro strikers,,,19,12,11,1,2,158.33,RHB,c Bhairav Deep Touchy b Satvik Todwal,c Bhairav Deep Touchy b Satvik Todwal,,,,,,,,,,,,,,,,,,,,,CricHeroes scorecard v2
56,BATTING,2,26085797,2092140,JCC Box Cricket League,Box Cricket,2026-07-12,Turf8teen10,Jaipur,7,13914721,Outliers,13914529,Neuro strikers,Neuro strikers,Resulted,5 wickets,2,13914529,Neuro strikers,90,2,9,6.4,0,13.5,0,0,0,0,0.0,0,0,0,0,49460120,Sagar  (c & wk),13914529,Neuro strikers,,,56,21,22,1,8,266.67,RHB,not out,not out,,,,,,,,,,,,,,,,,,,,,CricHeroes scorecard v2
57,BATTING,2,26085797,2092140,JCC Box Cricket League,Box Cricket,2026-07-12,Turf8teen10,Jaipur,7,13914721,Outliers,13914529,Neuro strikers,Neuro strikers,Resulted,5 wickets,2,13914529,Neuro strikers,90,2,9,6.4,0,13.5,0,0,0,0,0.0,0,0,0,0,8131458,Lakshay,13914529,Neuro strikers,,,0,3,4,0,0,0.0,RHB,c Jaivardhan Pathak b Bhairav Deep Touchy,c Jaivardhan Pathak b Bhairav Deep Touchy,,,,,,,,,,,,,,,,,,,,,CricHeroes scorecard v2
58,BATTING,2,26085797,2092140,JCC Box Cricket League,Box Cricket,2026-07-12,Turf8teen10,Jaipur,7,13914721,Outliers,13914529,Neuro strikers,Neuro strikers,Resulted,5 wickets,2,13914529,Neuro strikers,90,2,9,6.4,0,13.5,0,0,0,0,0.0,0,0,0,0,41945456,Saurabh CBI,13914529,Neuro strikers,,,6,5,6,0,1,120.0,RHB,not out,not out,,,,,,,,,,,,,,,,,,,,,CricHeroes scorecard v2
59,BATTING,2,26083705,2092140,JCC Box Cricket League,Box Cricket,2026-07-12,Turf8teen10,Jaipur,7,13914777,Mavericks,13914721,Outliers,Mavericks,Resulted,33 runs,1,13914777,Mavericks,81,2,4,7.0,0,11.57,0,0,0,0,0.0,0,0,0,0,4807250,Dr. Gaurav,13914777,Mavericks,,,0,6,1,0,0,0.0,RHB,c Bhairav Deep Touchy b Naman Mavericks,c Bhairav Deep Touchy b Naman Mavericks,,,,,,,,,,,,,,,,,,,,,CricHeroes scorecard v2
60,BATTING,2,26083705,2092140,JCC Box Cricket League,Box Cricket,2026-07-12,Turf8teen10,Jaipur,7,13914777,Mavericks,13914721,Outliers,Mavericks,Resulted,33 runs,1,13914777,Mavericks,81,2,4,7.0,0,11.57,0,0,0,0,0.0,0,0,0,0,5228456,Anil Rawat  (c),13914777,Mavericks,,,52,22,15,5,4,236.36,RHB,not out,not out,,,,,,,,,,,,,,,,,,,,,CricHeroes scorecard v2
61,BATTING,2,26083705,2092140,JCC Box Cricket League,Box Cricket,2026-07-12,Turf8teen10,Jaipur,7,13914777,Mavericks,13914721,Outliers,Mavericks,Resulted,33 runs,1,13914777,Mavericks,81,2,4,7.0,0,11.57,0,0,0,0,0.0,0,0,0,0,7977983,Rahul  Kasliwal,13914777,Mavericks,,,25,15,12,2,2,166.67,RHB,c †Naman Mavericks b Ankit,c †Naman Mavericks b Ankit,,,,,,,,,,,,,,,,,,,,,CricHeroes scorecard v2
62,BATTING,2,26083705,2092140,JCC Box Cricket League,Box Cricket,2026-07-12,Turf8teen10,Jaipur,7,13914777,Mavericks,13914721,Outliers,Mavericks,Resulted,33 runs,1,13914777,Mavericks,81,2,4,7.0,0,11.57,0,0,0,0,0.0,0,0,0,0,38735959,Siddharth Rao,13914777,Mavericks,,,0,0,1,0,0,0.0,RHB,not out,not out,,,,,,,,,,,,,,,,,,,,,CricHeroes scorecard v2
63,BATTING,2,26083705,2092140,JCC Box Cricket League,Box Cricket,2026-07-12,Turf8teen10,Jaipur,7,13914777,Mavericks,13914721,Outliers,Mavericks,Resulted,33 runs,2,13914721,Outliers,48,1,2,7.0,0,6.86,0,0,0,0,0.0,0,0,0,0,50368899,Naman Mavericks  (wk),13914721,Outliers,,,31,21,15,3,3,147.62,RHB,c Siddharth Rao b Vikas,c Siddharth Rao b Vikas,,,,,,,,,,,,,,,,,,,,,CricHeroes scorecard v2
64,BATTING,2,26083705,2092140,JCC Box Cricket League,Box Cricket,2026-07-12,Turf8teen10,Jaipur,7,13914777,Mavericks,13914721,Outliers,Mavericks,Resulted,33 runs,2,13914721,Outliers,48,1,2,7.0,0,6.86,0,0,0,0,0.0,0,0,0,0,52760329,Jaivardhan Pathak,13914721,Outliers,,,11,15,18,0,0,73.33,RHB,not out,not out,,,,,,,,,,,,,,,,,,,,,CricHeroes scorecard v2
65,BATTING,2,26083705,2092140,JCC Box Cricket League,Box Cricket,2026-07-12,Turf8teen10,Jaipur,7,13914777,Mavericks,13914721,Outliers,Mavericks,Resulted,33 runs,2,13914721,Outliers,48,1,2,7.0,0,6.86,0,0,0,0,0.0,0,0,0,0,15649695,Ankit,13914721,Outliers,,,4,6,2,1,0,66.67,RHB,not out,not out,,,,,,,,,,,,,,,,,,,,,CricHeroes scorecard v2
66,BATTING,2,25936004,2092140,JCC Box Cricket League,Box Cricket,2026-07-03,Turf8teen10,Jaipur,7,13914529,Neuro strikers,13914721,Outliers,Neuro strikers,Resulted,37 runs,1,13914529,Neuro strikers,71,3,11,7.0,0,10.14,0,0,0,0,0.0,0,0,0,0,33295238,Mahesh kumar,13914529,Neuro strikers,,,16,12,6,1,2,133.33,RHB,c Naman Mavericks b Akshay Goopta ,c Naman Mavericks b Akshay Goopta ,,,,,,,,,,,,,,,,,,,,,CricHeroes scorecard v2
67,BATTING,2,25936004,2092140,JCC Box Cricket League,Box Cricket,2026-07-03,Turf8teen10,Jaipur,7,13914529,Neuro strikers,13914721,Outliers,Neuro strikers,Resulted,37 runs,1,13914529,Neuro strikers,71,3,11,7.0,0,10.14,0,0,0,0,0.0,0,0,0,0,49460120,Sagar  (c & wk),13914529,Neuro strikers,,,10,3,3,1,1,333.33,RHB,c †Krshna b Satvik Todwal,c †Krshna b Satvik Todwal,,,,,,,,,,,,,,,,,,,,,CricHeroes scorecard v2
68,BATTING,2,25936004,2092140,JCC Box Cricket League,Box Cricket,2026-07-03,Turf8teen10,Jaipur,7,13914529,Neuro strikers,13914721,Outliers,Neuro strikers,Resulted,37 runs,1,13914529,Neuro strikers,71,3,11,7.0,0,10.14,0,0,0,0,0.0,0,0,0,0,50368825,Bhairav Deep Touchy,13914529,Neuro strikers,,,9,11,9,0,1,81.82,RHB,c Naman Mavericks b Akshay Goopta ,c Naman Mavericks b Akshay Goopta ,,,,,,,,,,,,,,,,,,,,,CricHeroes scorecard v2
69,BATTING,2,25936004,2092140,JCC Box Cricket League,Box Cricket,2026-07-03,Turf8teen10,Jaipur,7,13914529,Neuro strikers,13914721,Outliers,Neuro strikers,Resulted,37 runs,1,13914529,Neuro strikers,71,3,11,7.0,0,10.14,0,0,0,0,0.0,0,0,0,0,8131458,Lakshay,13914529,Neuro strikers,,,20,14,12,1,2,142.86,RHB,not out,not out,,,,,,,,,,,,,,,,,,,,,CricHeroes scorecard v2
70,BATTING,2,25936004,2092140,JCC Box Cricket League,Box Cricket,2026-07-03,Turf8teen10,Jaipur,7,13914529,Neuro strikers,13914721,Outliers,Neuro strikers,Resulted,37 runs,1,13914529,Neuro strikers,71,3,11,7.0,0,10.14,0,0,0,0,0.0,0,0,0,0,41945456,Saurabh CBI,13914529,Neuro strikers,,,5,5,5,1,0,100.0,RHB,not out,not out,,,,,,,,,,,,,,,,,,,,,CricHeroes scorecard v2
71,BATTING,2,25936004,2092140,JCC Box Cricket League,Box Cricket,2026-07-03,Turf8teen10,Jaipur,7,13914529,Neuro strikers,13914721,Outliers,Neuro strikers,Resulted,37 runs,2,13914721,Outliers,34,4,4,7.0,0,4.86,0,0,0,0,0.0,0,0,0,0,50368899,Naman Mavericks,13914721,Outliers,,,12,8,5,0,2,150.0,RHB,c †Sagar b Saurabh CBI,c †Sagar b Saurabh CBI,,,,,,,,,,,,,,,,,,,,,CricHeroes scorecard v2
72,BATTING,2,25936004,2092140,JCC Box Cricket League,Box Cricket,2026-07-03,Turf8teen10,Jaipur,7,13914529,Neuro strikers,13914721,Outliers,Neuro strikers,Resulted,37 runs,2,13914721,Outliers,34,4,4,7.0,0,4.86,0,0,0,0,0.0,0,0,0,0,21015521,Satvik Todwal,13914721,Outliers,,,0,4,5,0,0,0.0,RHB,run out Mahesh kumar,run out Mahesh kumar,,,,,,,,,,,,,,,,,,,,,CricHeroes scorecard v2
73,BATTING,2,25936004,2092140,JCC Box Cricket League,Box Cricket,2026-07-03,Turf8teen10,Jaipur,7,13914529,Neuro strikers,13914721,Outliers,Neuro strikers,Resulted,37 runs,2,13914721,Outliers,34,4,4,7.0,0,4.86,0,0,0,0,0.0,0,0,0,0,565841,Harish Jangid,13914721,Outliers,,,9,11,5,1,0,81.82,RHB,c Sarthak Rathore  b Mahesh kumar,c Sarthak Rathore  b Mahesh kumar,,,,,,,,,,,,,,,,,,,,,CricHeroes scorecard v2
74,BATTING,2,25936004,2092140,JCC Box Cricket League,Box Cricket,2026-07-03,Turf8teen10,Jaipur,7,13914529,Neuro strikers,13914721,Outliers,Neuro strikers,Resulted,37 runs,2,13914721,Outliers,34,4,4,7.0,0,4.86,0,0,0,0,0.0,0,0,0,0,7977983,Rahul  Kasliwal,13914721,Outliers,,,8,6,14,0,1,133.33,RHB,not out,not out,,,,,,,,,,,,,,,,,,,,,CricHeroes scorecard v2
75,BATTING,2,25936004,2092140,JCC Box Cricket League,Box Cricket,2026-07-03,Turf8teen10,Jaipur,7,13914529,Neuro strikers,13914721,Outliers,Neuro strikers,Resulted,37 runs,2,13914721,Outliers,34,4,4,7.0,0,4.86,0,0,0,0,0.0,0,0,0,0,50368913,Rudraksh  (c),13914721,Outliers,,,1,11,8,0,0,9.09,RHB,c Mahesh kumar b Abhijeet Singh Shekhawat,c Mahesh kumar b Abhijeet Singh Shekhawat,,,,,,,,,,,,,,,,,,,,,CricHeroes scorecard v2
76,BATTING,2,25936004,2092140,JCC Box Cricket League,Box Cricket,2026-07-03,Turf8teen10,Jaipur,7,13914529,Neuro strikers,13914721,Outliers,Neuro strikers,Resulted,37 runs,2,13914721,Outliers,34,4,4,7.0,0,4.86,0,0,0,0,0.0,0,0,0,0,194513,Akshay Goopta ,13914721,Outliers,,,0,3,1,0,0,0.0,LHB,not out,not out,,,,,,,,,,,,,,,,,,,,,CricHeroes scorecard v2
77,BATTING,2,25935138,2092140,JCC Box Cricket League,Box Cricket,2026-07-03,Turf8teen10,Jaipur,7,13914777,Mavericks,13914721,Outliers,Outliers,Resulted,1 wicket,1,13914777,Mavericks,50,3,3,7.0,0,7.14,0,0,0,0,0.0,0,0,0,0,5228456,Anil Rawat  (c),13914777,Mavericks,,,25,19,9,1,3,131.58,RHB,c Harish Jangid b Dhruv Paliwal,c Harish Jangid b Dhruv Paliwal,,,,,,,,,,,,,,,,,,,,,CricHeroes scorecard v2
78,BATTING,2,25935138,2092140,JCC Box Cricket League,Box Cricket,2026-07-03,Turf8teen10,Jaipur,7,13914777,Mavericks,13914721,Outliers,Outliers,Resulted,1 wicket,1,13914777,Mavericks,50,3,3,7.0,0,7.14,0,0,0,0,0.0,0,0,0,0,12843502,Uddhav Chaudhary,13914777,Mavericks,,,7,5,4,0,1,140.0,RHB,c Naman Mavericks b Satvik Todwal,c Naman Mavericks b Satvik Todwal,,,,,,,,,,,,,,,,,,,,,CricHeroes scorecard v2
79,BATTING,2,25935138,2092140,JCC Box Cricket League,Box Cricket,2026-07-03,Turf8teen10,Jaipur,7,13914777,Mavericks,13914721,Outliers,Outliers,Resulted,1 wicket,1,13914777,Mavericks,50,3,3,7.0,0,7.14,0,0,0,0,0.0,0,0,0,0,2238721,Adhip Choudhary,13914777,Mavericks,,,13,9,10,0,2,144.44,RHB,not out,not out,,,,,,,,,,,,,,,,,,,,,CricHeroes scorecard v2
80,BATTING,2,25935138,2092140,JCC Box Cricket League,Box Cricket,2026-07-03,Turf8teen10,Jaipur,7,13914777,Mavericks,13914721,Outliers,Outliers,Resulted,1 wicket,1,13914777,Mavericks,50,3,3,7.0,0,7.14,0,0,0,0,0.0,0,0,0,0,49460259,Nitesh,13914777,Mavericks,,,0,1,1,0,0,0.0,RHB,c Naman Mavericks b Rahul  Kasliwal,c Naman Mavericks b Rahul  Kasliwal,,,,,,,,,,,,,,,,,,,,,CricHeroes scorecard v2
81,BATTING,2,25935138,2092140,JCC Box Cricket League,Box Cricket,2026-07-03,Turf8teen10,Jaipur,7,13914777,Mavericks,13914721,Outliers,Outliers,Resulted,1 wicket,1,13914777,Mavericks,50,3,3,7.0,0,7.14,0,0,0,0,0.0,0,0,0,0,4807250,Gourav Boss,13914777,Mavericks,,,2,8,2,0,0,25.0,RHB,not out,not out,,,,,,,,,,,,,,,,,,,,,CricHeroes scorecard v2
82,BATTING,2,25935138,2092140,JCC Box Cricket League,Box Cricket,2026-07-03,Turf8teen10,Jaipur,7,13914777,Mavericks,13914721,Outliers,Outliers,Resulted,1 wicket,2,13914721,Outliers,54,6,9,5.5,0,9.26,0,0,0,0,0.0,0,0,0,0,50368899,Naman Mavericks,13914721,Outliers,,,4,6,2,1,0,66.67,RHB,c Uddhav Chaudhary b Siddharth Rao,c Uddhav Chaudhary b Siddharth Rao,,,,,,,,,,,,,,,,,,,,,CricHeroes scorecard v2
83,BATTING,2,25935138,2092140,JCC Box Cricket League,Box Cricket,2026-07-03,Turf8teen10,Jaipur,7,13914777,Mavericks,13914721,Outliers,Outliers,Resulted,1 wicket,2,13914721,Outliers,54,6,9,5.5,0,9.26,0,0,0,0,0.0,0,0,0,0,21015521,Satvik Todwal,13914721,Outliers,,,0,2,4,0,0,0.0,RHB,c Anil Rawat b Rahul Rathore,c Anil Rawat b Rahul Rathore,,,,,,,,,,,,,,,,,,,,,CricHeroes scorecard v2
84,BATTING,2,25935138,2092140,JCC Box Cricket League,Box Cricket,2026-07-03,Turf8teen10,Jaipur,7,13914777,Mavericks,13914721,Outliers,Outliers,Resulted,1 wicket,2,13914721,Outliers,54,6,9,5.5,0,9.26,0,0,0,0,0.0,0,0,0,0,565841,Harish Jangid,13914721,Outliers,,,35,15,16,2,4,233.33,RHB,not out,not out,,,,,,,,,,,,,,,,,,,,,CricHeroes scorecard v2
85,BATTING,2,25935138,2092140,JCC Box Cricket League,Box Cricket,2026-07-03,Turf8teen10,Jaipur,7,13914777,Mavericks,13914721,Outliers,Outliers,Resulted,1 wicket,2,13914721,Outliers,54,6,9,5.5,0,9.26,0,0,0,0,0.0,0,0,0,0,7977983,Rahul  Kasliwal,13914721,Outliers,,,0,1,1,0,0,0.0,RHB,c Gourav Boss b Rahul Rathore,c Gourav Boss b Rahul Rathore,,,,,,,,,,,,,,,,,,,,,CricHeroes scorecard v2
86,BATTING,2,25935138,2092140,JCC Box Cricket League,Box Cricket,2026-07-03,Turf8teen10,Jaipur,7,13914777,Mavericks,13914721,Outliers,Outliers,Resulted,1 wicket,2,13914721,Outliers,54,6,9,5.5,0,9.26,0,0,0,0,0.0,0,0,0,0,31438284,Dhruv Paliwal,13914721,Outliers,,,1,5,7,0,0,20.0,RHB,b Rahul Rathore,b Rahul Rathore,,,,,,,,,,,,,,,,,,,,,CricHeroes scorecard v2
87,BATTING,2,25935138,2092140,JCC Box Cricket League,Box Cricket,2026-07-03,Turf8teen10,Jaipur,7,13914777,Mavericks,13914721,Outliers,Outliers,Resulted,1 wicket,2,13914721,Outliers,54,6,9,5.5,0,9.26,0,0,0,0,0.0,0,0,0,0,50368913,Rudraksh  (c),13914721,Outliers,,,4,3,1,1,0,133.33,RHB,c Siddharth Rao b Rahul Rathore,c Siddharth Rao b Rahul Rathore,,,,,,,,,,,,,,,,,,,,,CricHeroes scorecard v2
88,BATTING,2,25935138,2092140,JCC Box Cricket League,Box Cricket,2026-07-03,Turf8teen10,Jaipur,7,13914777,Mavericks,13914721,Outliers,Outliers,Resulted,1 wicket,2,13914721,Outliers,54,6,9,5.5,0,9.26,0,0,0,0,0.0,0,0,0,0,52038452,Krshna,13914721,Outliers,,,0,1,1,0,0,0.0,,b Rahul Rathore,b Rahul Rathore,,,,,,,,,,,,,,,,,,,,,CricHeroes scorecard v2
89,BATTING,2,25935138,2092140,JCC Box Cricket League,Box Cricket,2026-07-03,Turf8teen10,Jaipur,7,13914777,Mavericks,13914721,Outliers,Outliers,Resulted,1 wicket,2,13914721,Outliers,54,6,9,5.5,0,9.26,0,0,0,0,0.0,0,0,0,0,194513,Akshay Goopta ,13914721,Outliers,,,1,4,3,0,0,25.0,LHB,not out,not out,,,,,,,,,,,,,,,,,,,,,CricHeroes scorecard v2
90,BATTING,2,25934291,2092140,JCC Box Cricket League,Box Cricket,2026-07-03,Turf8teen10,Jaipur,7,13914777,Mavericks,13914529,Neuro strikers,Neuro strikers,Resulted,6 wickets,1,13914777,Mavericks,53,8,9,7.0,0,7.57,0,0,0,0,0.0,0,0,0,0,5228456,Anil Rawat  (c),13914777,Mavericks,,,0,3,2,0,0,0.0,RHB,c Bhairav Deep Touchy b Mahesh kumar,c Bhairav Deep Touchy b Mahesh kumar,,,,,,,,,,,,,,,,,,,,,CricHeroes scorecard v2
91,BATTING,2,25934291,2092140,JCC Box Cricket League,Box Cricket,2026-07-03,Turf8teen10,Jaipur,7,13914777,Mavericks,13914529,Neuro strikers,Neuro strikers,Resulted,6 wickets,1,13914777,Mavericks,53,8,9,7.0,0,7.57,0,0,0,0,0.0,0,0,0,0,49460259,Nitesh  (wk),13914777,Mavericks,,,4,6,6,1,0,66.67,RHB,c Lakshay b Saurabh CBI,c Lakshay b Saurabh CBI,,,,,,,,,,,,,,,,,,,,,CricHeroes scorecard v2
92,BATTING,2,25934291,2092140,JCC Box Cricket League,Box Cricket,2026-07-03,Turf8teen10,Jaipur,7,13914777,Mavericks,13914529,Neuro strikers,Neuro strikers,Resulted,6 wickets,1,13914777,Mavericks,53,8,9,7.0,0,7.57,0,0,0,0,0.0,0,0,0,0,3217470,Rahul Rathore,13914777,Mavericks,,,6,5,5,0,1,120.0,RHB,c Saurabh CBI b Mahesh kumar,c Saurabh CBI b Mahesh kumar,,,,,,,,,,,,,,,,,,,,,CricHeroes scorecard v2
93,BATTING,2,25934291,2092140,JCC Box Cricket League,Box Cricket,2026-07-03,Turf8teen10,Jaipur,7,13914777,Mavericks,13914529,Neuro strikers,Neuro strikers,Resulted,6 wickets,1,13914777,Mavericks,53,8,9,7.0,0,7.57,0,0,0,0,0.0,0,0,0,0,15803869,Nitin Setia,13914777,Mavericks,,,0,4,6,0,0,0.0,RHB,c Bhairav Deep Touchy b Sagar,c Bhairav Deep Touchy b Sagar,,,,,,,,,,,,,,,,,,,,,CricHeroes scorecard v2
94,BATTING,2,25934291,2092140,JCC Box Cricket League,Box Cricket,2026-07-03,Turf8teen10,Jaipur,7,13914777,Mavericks,13914529,Neuro strikers,Neuro strikers,Resulted,6 wickets,1,13914777,Mavericks,53,8,9,7.0,0,7.57,0,0,0,0,0.0,0,0,0,0,4807250,Dr. Gaurav,13914777,Mavericks,,,6,3,1,0,1,200.0,RHB,c Abhijeet Singh Shekhawat b Mahesh kumar,c Abhijeet Singh Shekhawat b Mahesh kumar,,,,,,,,,,,,,,,,,,,,,CricHeroes scorecard v2
95,BATTING,2,25934291,2092140,JCC Box Cricket League,Box Cricket,2026-07-03,Turf8teen10,Jaipur,7,13914777,Mavericks,13914529,Neuro strikers,Neuro strikers,Resulted,6 wickets,1,13914777,Mavericks,53,8,9,7.0,0,7.57,0,0,0,0,0.0,0,0,0,0,12843502,Uddhav Chaudhary,13914777,Mavericks,,,20,13,13,1,2,153.85,RHB,st †Sagar b Lakshay,st †Sagar b Lakshay,,,,,,,,,,,,,,,,,,,,,CricHeroes scorecard v2
96,BATTING,2,25934291,2092140,JCC Box Cricket League,Box Cricket,2026-07-03,Turf8teen10,Jaipur,7,13914777,Mavericks,13914529,Neuro strikers,Neuro strikers,Resulted,6 wickets,1,13914777,Mavericks,53,8,9,7.0,0,7.57,0,0,0,0,0.0,0,0,0,0,38735959,Siddharth Rao,13914777,Mavericks,,,7,7,8,0,1,100.0,RHB,c Saurabh CBI b Lakshay,c Saurabh CBI b Lakshay,,,,,,,,,,,,,,,,,,,,,CricHeroes scorecard v2
97,BATTING,2,25934291,2092140,JCC Box Cricket League,Box Cricket,2026-07-03,Turf8teen10,Jaipur,7,13914777,Mavericks,13914529,Neuro strikers,Neuro strikers,Resulted,6 wickets,1,13914777,Mavericks,53,8,9,7.0,0,7.57,0,0,0,0,0.0,0,0,0,0,2238721,Adhip Choudhary,13914777,Mavericks,,,1,1,1,0,0,100.0,RHB,run out Saurabh CBI,run out Saurabh CBI,,,,,,,,,,,,,,,,,,,,,CricHeroes scorecard v2
98,BATTING,2,25934291,2092140,JCC Box Cricket League,Box Cricket,2026-07-03,Turf8teen10,Jaipur,7,13914777,Mavericks,13914529,Neuro strikers,Neuro strikers,Resulted,6 wickets,2,13914529,Neuro strikers,54,1,6,5.2,0,10.13,0,0,0,0,0.0,0,0,0,0,33295238,Mahesh kumar,13914529,Neuro strikers,,,24,14,8,1,3,171.43,RHB,c †Nitesh b Adhip Choudhary,c †Nitesh b Adhip Choudhary,,,,,,,,,,,,,,,,,,,,,CricHeroes scorecard v2
99,BATTING,2,25934291,2092140,JCC Box Cricket League,Box Cricket,2026-07-03,Turf8teen10,Jaipur,7,13914777,Mavericks,13914529,Neuro strikers,Neuro strikers,Resulted,6 wickets,2,13914529,Neuro strikers,54,1,6,5.2,0,10.13,0,0,0,0,0.0,0,0,0,0,49460120,Sagar  (c & wk),13914529,Neuro strikers,,,17,14,14,1,2,121.43,RHB,not out,not out,,,,,,,,,,,,,,,,,,,,,CricHeroes scorecard v2
100,BATTING,2,25934291,2092140,JCC Box Cricket League,Box Cricket,2026-07-03,Turf8teen10,Jaipur,7,13914777,Mavericks,13914529,Neuro strikers,Neuro strikers,Resulted,6 wickets,2,13914529,Neuro strikers,54,1,6,5.2,0,10.13,0,0,0,0,0.0,0,0,0,0,50368825,Bhairav Deep Touchy,13914529,Neuro strikers,,,7,6,5,0,1,116.67,RHB,not out,not out,,,,,,,,,,,,,,,,,,,,,CricHeroes scorecard v2
101,BATTING,2,25791542,2092140,JCC Box Cricket League,Box Cricket,2026-06-26,Turf8teen10,Jaipur,10,13914529,Neuro strikers,13914777,Mavericks,Mavericks,Resulted,7 wickets,1,13914529,Neuro strikers,86,5,3,10.0,0,8.6,0,0,0,0,0.0,0,0,0,0,33295238,Mahesh kumar,13914529,Neuro strikers,,,16,7,4,1,2,228.57,RHB,c Yash Pareek b Vikas,c Yash Pareek b Vikas,,,,,,,,,,,,,,,,,,,,,CricHeroes scorecard v2
102,BATTING,2,25791542,2092140,JCC Box Cricket League,Box Cricket,2026-06-26,Turf8teen10,Jaipur,10,13914529,Neuro strikers,13914777,Mavericks,Mavericks,Resulted,7 wickets,1,13914529,Neuro strikers,86,5,3,10.0,0,8.6,0,0,0,0,0.0,0,0,0,0,49460120,Sagar  (c),13914529,Neuro strikers,,,28,18,15,1,4,155.56,RHB,run out Nitesh,run out Nitesh,,,,,,,,,,,,,,,,,,,,,CricHeroes scorecard v2
103,BATTING,2,25791542,2092140,JCC Box Cricket League,Box Cricket,2026-06-26,Turf8teen10,Jaipur,10,13914529,Neuro strikers,13914777,Mavericks,Mavericks,Resulted,7 wickets,1,13914529,Neuro strikers,86,5,3,10.0,0,8.6,0,0,0,0,0.0,0,0,0,0,50368825,Bhairav Deep Touchy  (wk),13914529,Neuro strikers,,,17,22,12,2,1,77.27,RHB,c Anil Rawat b Navin Gurjar,c Anil Rawat b Navin Gurjar,,,,,,,,,,,,,,,,,,,,,CricHeroes scorecard v2
104,BATTING,2,25791542,2092140,JCC Box Cricket League,Box Cricket,2026-06-26,Turf8teen10,Jaipur,10,13914529,Neuro strikers,13914777,Mavericks,Mavericks,Resulted,7 wickets,1,13914529,Neuro strikers,86,5,3,10.0,0,8.6,0,0,0,0,0.0,0,0,0,0,3217470,Rahul Rathore,13914529,Neuro strikers,,,15,9,6,0,2,166.67,RHB,b Prashant Ramchandani,b Prashant Ramchandani,,,,,,,,,,,,,,,,,,,,,CricHeroes scorecard v2
105,BATTING,2,25791542,2092140,JCC Box Cricket League,Box Cricket,2026-06-26,Turf8teen10,Jaipur,10,13914529,Neuro strikers,13914777,Mavericks,Mavericks,Resulted,7 wickets,1,13914529,Neuro strikers,86,5,3,10.0,0,8.6,0,0,0,0,0.0,0,0,0,0,49459939,Abhijeet Singh Shekhawat,13914529,Neuro strikers,,,1,1,5,0,0,100.0,RHB,not out,not out,,,,,,,,,,,,,,,,,,,,,CricHeroes scorecard v2
106,BATTING,2,25791542,2092140,JCC Box Cricket League,Box Cricket,2026-06-26,Turf8teen10,Jaipur,10,13914529,Neuro strikers,13914777,Mavericks,Mavericks,Resulted,7 wickets,1,13914529,Neuro strikers,86,5,3,10.0,0,8.6,0,0,0,0,0.0,0,0,0,0,52038035,Sarthak Rathore ,13914529,Neuro strikers,,,2,2,1,0,0,100.0,RHB,b Prashant Ramchandani,b Prashant Ramchandani,,,,,,,,,,,,,,,,,,,,,CricHeroes scorecard v2
107,BATTING,2,25791542,2092140,JCC Box Cricket League,Box Cricket,2026-06-26,Turf8teen10,Jaipur,10,13914529,Neuro strikers,13914777,Mavericks,Mavericks,Resulted,7 wickets,1,13914529,Neuro strikers,86,5,3,10.0,0,8.6,0,0,0,0,0.0,0,0,0,0,1218133,Ankit,13914529,Neuro strikers,,,4,1,1,1,0,400.0,RHB,not out,not out,,,,,,,,,,,,,,,,,,,,,CricHeroes scorecard v2
108,BATTING,2,25791542,2092140,JCC Box Cricket League,Box Cricket,2026-06-26,Turf8teen10,Jaipur,10,13914529,Neuro strikers,13914777,Mavericks,Mavericks,Resulted,7 wickets,2,13914777,Mavericks,92,1,7,8.2,0,11.04,0,0,0,0,0.0,0,0,0,0,38946978,Yash Pareek,13914777,Mavericks,,,65,30,21,4,8,216.67,LHB,not out,not out,,,,,,,,,,,,,,,,,,,,,CricHeroes scorecard v2
109,BATTING,2,25791542,2092140,JCC Box Cricket League,Box Cricket,2026-06-26,Turf8teen10,Jaipur,10,13914529,Neuro strikers,13914777,Mavericks,Mavericks,Resulted,7 wickets,2,13914777,Mavericks,92,1,7,8.2,0,11.04,0,0,0,0,0.0,0,0,0,0,49460259,Nitesh,13914777,Mavericks,,,12,12,8,0,2,100.0,RHB,st †Bhairav Deep Touchy b Ankit,st †Bhairav Deep Touchy b Ankit,,,,,,,,,,,,,,,,,,,,,CricHeroes scorecard v2
110,BATTING,2,25791542,2092140,JCC Box Cricket League,Box Cricket,2026-06-26,Turf8teen10,Jaipur,10,13914529,Neuro strikers,13914777,Mavericks,Mavericks,Resulted,7 wickets,2,13914777,Mavericks,92,1,7,8.2,0,11.04,0,0,0,0,0.0,0,0,0,0,4807250,Dr. Gaurav,13914777,Mavericks,,,8,8,11,0,1,100.0,RHB,not out,not out,,,,,,,,,,,,,,,,,,,,,CricHeroes scorecard v2
111,BATTING,2,25791580,2092140,JCC Box Cricket League,Box Cricket,2026-06-26,Turf8teen10,Jaipur,10,13914529,Neuro strikers,13914721,Outliers,Outliers,Resulted,7 wickets,1,13914529,Neuro strikers,61,3,7,10.0,0,6.1,0,0,0,0,0.0,0,0,0,0,50368825,Bhairav Deep Touchy,13914529,Neuro strikers,,,14,24,17,2,1,58.33,RHB,b Anagh Nandwana,b Anagh Nandwana,,,,,,,,,,,,,,,,,,,,,CricHeroes scorecard v2
112,BATTING,2,25791580,2092140,JCC Box Cricket League,Box Cricket,2026-06-26,Turf8teen10,Jaipur,10,13914529,Neuro strikers,13914721,Outliers,Outliers,Resulted,7 wickets,1,13914529,Neuro strikers,61,3,7,10.0,0,6.1,0,0,0,0,0.0,0,0,0,0,3217470,Rahul Rathore,13914529,Neuro strikers,,,0,3,3,0,0,0.0,RHB,c Satvik Todwal b Ankit,c Satvik Todwal b Ankit,,,,,,,,,,,,,,,,,,,,,CricHeroes scorecard v2
113,BATTING,2,25791580,2092140,JCC Box Cricket League,Box Cricket,2026-06-26,Turf8teen10,Jaipur,10,13914529,Neuro strikers,13914721,Outliers,Outliers,Resulted,7 wickets,1,13914529,Neuro strikers,61,3,7,10.0,0,6.1,0,0,0,0,0.0,0,0,0,0,33295238,Mahesh kumar,13914529,Neuro strikers,,,26,24,18,2,3,108.33,RHB,c Naman Mavericks b Harish Jangid,c Naman Mavericks b Harish Jangid,,,,,,,,,,,,,,,,,,,,,CricHeroes scorecard v2
114,BATTING,2,25791580,2092140,JCC Box Cricket League,Box Cricket,2026-06-26,Turf8teen10,Jaipur,10,13914529,Neuro strikers,13914721,Outliers,Outliers,Resulted,7 wickets,1,13914529,Neuro strikers,61,3,7,10.0,0,6.1,0,0,0,0,0.0,0,0,0,0,49460120,Sagar  (c & wk),13914529,Neuro strikers,,,8,6,6,2,0,133.33,RHB,not out,not out,,,,,,,,,,,,,,,,,,,,,CricHeroes scorecard v2
115,BATTING,2,25791580,2092140,JCC Box Cricket League,Box Cricket,2026-06-26,Turf8teen10,Jaipur,10,13914529,Neuro strikers,13914721,Outliers,Outliers,Resulted,7 wickets,1,13914529,Neuro strikers,61,3,7,10.0,0,6.1,0,0,0,0,0.0,0,0,0,0,1218133,Ankit,13914529,Neuro strikers,,,6,4,1,0,1,150.0,RHB,not out,not out,,,,,,,,,,,,,,,,,,,,,CricHeroes scorecard v2
116,BATTING,2,25791580,2092140,JCC Box Cricket League,Box Cricket,2026-06-26,Turf8teen10,Jaipur,10,13914529,Neuro strikers,13914721,Outliers,Outliers,Resulted,7 wickets,2,13914721,Outliers,63,2,1,5.4,0,11.12,0,0,0,0,0.0,0,0,0,0,50368899,Naman Mavericks,13914721,Outliers,,,6,3,1,0,1,200.0,RHB,c †Sagar b Ankit,c †Sagar b Ankit,,,,,,,,,,,,,,,,,,,,,CricHeroes scorecard v2
117,BATTING,2,25791580,2092140,JCC Box Cricket League,Box Cricket,2026-06-26,Turf8teen10,Jaipur,10,13914529,Neuro strikers,13914721,Outliers,Outliers,Resulted,7 wickets,2,13914721,Outliers,63,2,1,5.4,0,11.12,0,0,0,0,0.0,0,0,0,0,21015521,Satvik Todwal,13914721,Outliers,,,2,5,4,0,0,40.0,RHB,b Mahesh kumar,b Mahesh kumar,,,,,,,,,,,,,,,,,,,,,CricHeroes scorecard v2
118,BATTING,2,25791580,2092140,JCC Box Cricket League,Box Cricket,2026-06-26,Turf8teen10,Jaipur,10,13914529,Neuro strikers,13914721,Outliers,Outliers,Resulted,7 wickets,2,13914721,Outliers,63,2,1,5.4,0,11.12,0,0,0,0,0.0,0,0,0,0,50368843,Harnoor Singh,13914721,Outliers,,,28,15,10,1,4,186.67,RHB,not out,not out,,,,,,,,,,,,,,,,,,,,,CricHeroes scorecard v2
119,BATTING,2,25791580,2092140,JCC Box Cricket League,Box Cricket,2026-06-26,Turf8teen10,Jaipur,10,13914529,Neuro strikers,13914721,Outliers,Outliers,Resulted,7 wickets,2,13914721,Outliers,63,2,1,5.4,0,11.12,0,0,0,0,0.0,0,0,0,0,15649695,Ankit,13914721,Outliers,,,26,11,6,2,3,236.36,RHB,not out,not out,,,,,,,,,,,,,,,,,,,,,CricHeroes scorecard v2
120,BATTING,2,25791561,2092140,JCC Box Cricket League,Box Cricket,2026-06-26,Turf8teen10,Jaipur,10,13914721,Outliers,13914777,Mavericks,Mavericks,Resulted,4 wickets,1,13914721,Outliers,64,3,6,10.0,0,6.4,0,0,0,0,0.0,0,0,0,0,565841,Harish Jangid,13914721,Outliers,,,4,5,2,1,0,80.0,RHB,c Nitin Setia b Siddharth Rao,c Nitin Setia b Siddharth Rao,,,,,,,,,,,,,,,,,,,,,CricHeroes scorecard v2
121,BATTING,2,25791561,2092140,JCC Box Cricket League,Box Cricket,2026-06-26,Turf8teen10,Jaipur,10,13914721,Outliers,13914777,Mavericks,Mavericks,Resulted,4 wickets,1,13914721,Outliers,64,3,6,10.0,0,6.4,0,0,0,0,0.0,0,0,0,0,50368843,Harnoor Singh,13914721,Outliers,,,37,32,23,3,4,115.62,RHB,c †Nitin Setia b Siddharth Rao,c †Nitin Setia b Siddharth Rao,,,,,,,,,,,,,,,,,,,,,CricHeroes scorecard v2
122,BATTING,2,25791561,2092140,JCC Box Cricket League,Box Cricket,2026-06-26,Turf8teen10,Jaipur,10,13914721,Outliers,13914777,Mavericks,Mavericks,Resulted,4 wickets,1,13914721,Outliers,64,3,6,10.0,0,6.4,0,0,0,0,0.0,0,0,0,0,6259155,Anagh Nandwana,13914721,Outliers,,,0,7,6,0,0,0.0,RHB,c Navin Gurjar b Vikas,c Navin Gurjar b Vikas,,,,,,,,,,,,,,,,,,,,,CricHeroes scorecard v2
123,BATTING,2,25791561,2092140,JCC Box Cricket League,Box Cricket,2026-06-26,Turf8teen10,Jaipur,10,13914721,Outliers,13914777,Mavericks,Mavericks,Resulted,4 wickets,1,13914721,Outliers,64,3,6,10.0,0,6.4,0,0,0,0,0.0,0,0,0,0,15117958,Rudhra agrwal,13914721,Outliers,,,13,15,14,0,2,86.67,RHB,not out,not out,,,,,,,,,,,,,,,,,,,,,CricHeroes scorecard v2
124,BATTING,2,25791561,2092140,JCC Box Cricket League,Box Cricket,2026-06-26,Turf8teen10,Jaipur,10,13914721,Outliers,13914777,Mavericks,Mavericks,Resulted,4 wickets,1,13914721,Outliers,64,3,6,10.0,0,6.4,0,0,0,0,0.0,0,0,0,0,50368899,Naman Mavericks,13914721,Outliers,,,4,3,1,1,0,133.33,RHB,not out,not out,,,,,,,,,,,,,,,,,,,,,CricHeroes scorecard v2
125,BATTING,2,25791561,2092140,JCC Box Cricket League,Box Cricket,2026-06-26,Turf8teen10,Jaipur,10,13914721,Outliers,13914777,Mavericks,Mavericks,Resulted,4 wickets,2,13914777,Mavericks,69,4,1,6.1,0,11.19,0,0,0,0,0.0,0,0,0,0,5228456,Anil Rawat  (c),13914777,Mavericks,,,50,19,14,2,7,263.16,RHB,not out,not out,,,,,,,,,,,,,,,,,,,,,CricHeroes scorecard v2
126,BATTING,2,25791561,2092140,JCC Box Cricket League,Box Cricket,2026-06-26,Turf8teen10,Jaipur,10,13914721,Outliers,13914777,Mavericks,Mavericks,Resulted,4 wickets,2,13914777,Mavericks,69,4,1,6.1,0,11.19,0,0,0,0,0.0,0,0,0,0,52017845,Prashant Ramchandani,13914777,Mavericks,,,6,7,6,0,1,85.71,RHB,c Rudraksh b Ankit,c Rudraksh b Ankit,,,,,,,,,,,,,,,,,,,,,CricHeroes scorecard v2
127,BATTING,2,25791561,2092140,JCC Box Cricket League,Box Cricket,2026-06-26,Turf8teen10,Jaipur,10,13914721,Outliers,13914777,Mavericks,Mavericks,Resulted,4 wickets,2,13914777,Mavericks,69,4,1,6.1,0,11.19,0,0,0,0,0.0,0,0,0,0,6314755,Navin Gurjar,13914777,Mavericks,,,6,2,1,0,1,300.0,RHB,c Harish Jangid b Ankit,c Harish Jangid b Ankit,,,,,,,,,,,,,,,,,,,,,CricHeroes scorecard v2
128,BATTING,2,25791561,2092140,JCC Box Cricket League,Box Cricket,2026-06-26,Turf8teen10,Jaipur,10,13914721,Outliers,13914777,Mavericks,Mavericks,Resulted,4 wickets,2,13914777,Mavericks,69,4,1,6.1,0,11.19,0,0,0,0,0.0,0,0,0,0,49460259,Nitesh,13914777,Mavericks,,,6,7,4,0,1,85.71,RHB,c Naman Mavericks b Akshat Pandey,c Naman Mavericks b Akshat Pandey,,,,,,,,,,,,,,,,,,,,,CricHeroes scorecard v2
129,BATTING,2,25791561,2092140,JCC Box Cricket League,Box Cricket,2026-06-26,Turf8teen10,Jaipur,10,13914721,Outliers,13914777,Mavericks,Mavericks,Resulted,4 wickets,2,13914777,Mavericks,69,4,1,6.1,0,11.19,0,0,0,0,0.0,0,0,0,0,15803869,Nitin Setia  (wk),13914777,Mavericks,,,0,2,1,0,0,0.0,RHB,c Naman Mavericks b Akshat Pandey,c Naman Mavericks b Akshat Pandey,,,,,,,,,,,,,,,,,,,,,CricHeroes scorecard v2
130,BATTING,2,25791561,2092140,JCC Box Cricket League,Box Cricket,2026-06-26,Turf8teen10,Jaipur,10,13914721,Outliers,13914777,Mavericks,Mavericks,Resulted,4 wickets,2,13914777,Mavericks,69,4,1,6.1,0,11.19,0,0,0,0,0.0,0,0,0,0,38735959,Siddharth Rao,13914777,Mavericks,,,0,0,1,0,0,0.0,RHB,not out,not out,,,,,,,,,,,,,,,,,,,,,CricHeroes scorecard v2
131,BATTING,2,25625341,2092140,JCC Box Cricket League,Box Cricket,2026-06-19,Turf8teen10,Jaipur,7,13914777,Mavericks,13914721,Outliers,Outliers,Resulted,4 wickets,1,13914777,Mavericks,57,5,5,7.0,0,8.14,0,0,0,0,0.0,0,0,0,0,5228456,Anil Rawat  (c),13914777,Mavericks,,,0,1,1,0,0,0.0,RHB,c Naman Mavericks b Mahesh kumar,c Naman Mavericks b Mahesh kumar,,,,,,,,,,,,,,,,,,,,,CricHeroes scorecard v2
132,BATTING,2,25625341,2092140,JCC Box Cricket League,Box Cricket,2026-06-19,Turf8teen10,Jaipur,7,13914777,Mavericks,13914721,Outliers,Outliers,Resulted,4 wickets,1,13914777,Mavericks,57,5,5,7.0,0,8.14,0,0,0,0,0.0,0,0,0,0,4807250,Dr. Gaurav,13914777,Mavericks,,,12,11,15,1,1,109.09,RHB,run out Naman Mavericks,run out Naman Mavericks,,,,,,,,,,,,,,,,,,,,,CricHeroes scorecard v2
133,BATTING,2,25625341,2092140,JCC Box Cricket League,Box Cricket,2026-06-19,Turf8teen10,Jaipur,7,13914777,Mavericks,13914721,Outliers,Outliers,Resulted,4 wickets,1,13914777,Mavericks,57,5,5,7.0,0,8.14,0,0,0,0,0.0,0,0,0,0,3217470,Rahul Rathore,13914777,Mavericks,,,26,15,7,3,2,173.33,RHB,c †Naman Mittal b Satvik Todwal,c †Naman Mittal b Satvik Todwal,,,,,,,,,,,,,,,,,,,,,CricHeroes scorecard v2
134,BATTING,2,25625341,2092140,JCC Box Cricket League,Box Cricket,2026-06-19,Turf8teen10,Jaipur,7,13914777,Mavericks,13914721,Outliers,Outliers,Resulted,4 wickets,1,13914777,Mavericks,57,5,5,7.0,0,8.14,0,0,0,0,0.0,0,0,0,0,52038417,Vikas,13914777,Mavericks,,,0,4,4,0,0,0.0,RHB,c&b Naman Mavericks,c&b Naman Mavericks,,,,,,,,,,,,,,,,,,,,,CricHeroes scorecard v2
135,BATTING,2,25625341,2092140,JCC Box Cricket League,Box Cricket,2026-06-19,Turf8teen10,Jaipur,7,13914777,Mavericks,13914721,Outliers,Outliers,Resulted,4 wickets,1,13914777,Mavericks,57,5,5,7.0,0,8.14,0,0,0,0,0.0,0,0,0,0,49460259,Nitesh  (wk),13914777,Mavericks,,,10,6,5,1,1,166.67,RHB,not out,not out,,,,,,,,,,,,,,,,,,,,,CricHeroes scorecard v2
136,BATTING,2,25625341,2092140,JCC Box Cricket League,Box Cricket,2026-06-19,Turf8teen10,Jaipur,7,13914777,Mavericks,13914721,Outliers,Outliers,Resulted,4 wickets,1,13914777,Mavericks,57,5,5,7.0,0,8.14,0,0,0,0,0.0,0,0,0,0,38735959,Siddharth Rao,13914777,Mavericks,,,4,5,3,1,0,80.0,RHB,run out † Naman Mittal,run out † Naman Mittal,,,,,,,,,,,,,,,,,,,,,CricHeroes scorecard v2
137,BATTING,2,25625341,2092140,JCC Box Cricket League,Box Cricket,2026-06-19,Turf8teen10,Jaipur,7,13914777,Mavericks,13914721,Outliers,Outliers,Resulted,4 wickets,1,13914777,Mavericks,57,5,5,7.0,0,8.14,0,0,0,0,0.0,0,0,0,0,15803869,Nitin Setia,13914777,Mavericks,,,0,1,1,0,0,0.0,RHB,not out,not out,,,,,,,,,,,,,,,,,,,,,CricHeroes scorecard v2
138,BATTING,2,25625341,2092140,JCC Box Cricket League,Box Cricket,2026-06-19,Turf8teen10,Jaipur,7,13914777,Mavericks,13914721,Outliers,Outliers,Resulted,4 wickets,2,13914721,Outliers,59,2,5,5.1,0,11.42,0,0,0,0,0.0,0,0,0,0,21015521,Satvik Todwal,13914721,Outliers,,,0,1,1,0,0,0.0,RHB,c †Nitesh b Rahul Rathore,c †Nitesh b Rahul Rathore,,,,,,,,,,,,,,,,,,,,,CricHeroes scorecard v2
139,BATTING,2,25625341,2092140,JCC Box Cricket League,Box Cricket,2026-06-19,Turf8teen10,Jaipur,7,13914777,Mavericks,13914721,Outliers,Outliers,Resulted,4 wickets,2,13914721,Outliers,59,2,5,5.1,0,11.42,0,0,0,0,0.0,0,0,0,0,31438284,Dhruv Paliwal,13914721,Outliers,,,0,2,5,0,0,0.0,RHB,c †Nitesh b Anil Rawat,c †Nitesh b Anil Rawat,,,,,,,,,,,,,,,,,,,,,CricHeroes scorecard v2
140,BATTING,2,25625341,2092140,JCC Box Cricket League,Box Cricket,2026-06-19,Turf8teen10,Jaipur,7,13914777,Mavericks,13914721,Outliers,Outliers,Resulted,4 wickets,2,13914721,Outliers,59,2,5,5.1,0,11.42,0,0,0,0,0.0,0,0,0,0,50368899,Naman Mavericks,13914721,Outliers,,,38,19,13,3,4,200.0,RHB,not out,not out,,,,,,,,,,,,,,,,,,,,,CricHeroes scorecard v2
141,BATTING,2,25625341,2092140,JCC Box Cricket League,Box Cricket,2026-06-19,Turf8teen10,Jaipur,7,13914777,Mavericks,13914721,Outliers,Outliers,Resulted,4 wickets,2,13914721,Outliers,59,2,5,5.1,0,11.42,0,0,0,0,0.0,0,0,0,0,50368913,Rudraksh  (c),13914721,Outliers,,,16,11,9,2,1,145.45,RHB,not out,not out,,,,,,,,,,,,,,,,,,,,,CricHeroes scorecard v2
142,BATTING,2,25625328,2092140,JCC Box Cricket League,Box Cricket,2026-06-19,Turf8teen10,Jaipur,7,13914529,Neuro strikers,13914721,Outliers,Outliers,Resulted,4 wickets,1,13914529,Neuro strikers,74,1,5,7.0,0,10.57,0,0,0,0,0.0,0,0,0,0,50368825,Bhairav Deep Touchy,13914529,Neuro strikers,,,14,7,7,0,2,200.0,RHB,c Satvik Todwal b Naman Mittal,c Satvik Todwal b Naman Mittal,,,,,,,,,,,,,,,,,,,,,CricHeroes scorecard v2
143,BATTING,2,25625328,2092140,JCC Box Cricket League,Box Cricket,2026-06-19,Turf8teen10,Jaipur,7,13914529,Neuro strikers,13914721,Outliers,Outliers,Resulted,4 wickets,1,13914529,Neuro strikers,74,1,5,7.0,0,10.57,0,0,0,0,0.0,0,0,0,0,49460120,Sagar  (c),13914529,Neuro strikers,,,40,20,19,4,4,200.0,RHB,not out,not out,,,,,,,,,,,,,,,,,,,,,CricHeroes scorecard v2
144,BATTING,2,25625328,2092140,JCC Box Cricket League,Box Cricket,2026-06-19,Turf8teen10,Jaipur,7,13914529,Neuro strikers,13914721,Outliers,Outliers,Resulted,4 wickets,1,13914529,Neuro strikers,74,1,5,7.0,0,10.57,0,0,0,0,0.0,0,0,0,0,41945456,Saurabh CBI,13914529,Neuro strikers,,,15,15,11,2,1,100.0,RHB,not out,not out,,,,,,,,,,,,,,,,,,,,,CricHeroes scorecard v2
145,BATTING,2,25625328,2092140,JCC Box Cricket League,Box Cricket,2026-06-19,Turf8teen10,Jaipur,7,13914529,Neuro strikers,13914721,Outliers,Outliers,Resulted,4 wickets,2,13914721,Outliers,78,2,8,6.3,0,12.0,0,0,0,0,0.0,0,0,0,0,50368899,Naman Mavericks,13914721,Outliers,,,50,21,18,3,6,238.1,RHB,not out,not out,,,,,,,,,,,,,,,,,,,,,CricHeroes scorecard v2
146,BATTING,2,25625328,2092140,JCC Box Cricket League,Box Cricket,2026-06-19,Turf8teen10,Jaipur,7,13914529,Neuro strikers,13914721,Outliers,Outliers,Resulted,4 wickets,2,13914721,Outliers,78,2,8,6.3,0,12.0,0,0,0,0,0.0,0,0,0,0,31438284,Dhruv Paliwal,13914721,Outliers,,,10,5,4,1,1,200.0,RHB,c Bhairav Deep Touchy b Sagar,c Bhairav Deep Touchy b Sagar,,,,,,,,,,,,,,,,,,,,,CricHeroes scorecard v2
147,BATTING,2,25625328,2092140,JCC Box Cricket League,Box Cricket,2026-06-19,Turf8teen10,Jaipur,7,13914529,Neuro strikers,13914721,Outliers,Outliers,Resulted,4 wickets,2,13914721,Outliers,78,2,8,6.3,0,12.0,0,0,0,0,0.0,0,0,0,0,33295238,Mahesh kumar,13914721,Outliers,,,10,9,10,1,1,111.11,RHB,c Abhijeet Singh Shekhawat b Saurabh CBI,c Abhijeet Singh Shekhawat b Saurabh CBI,,,,,,,,,,,,,,,,,,,,,CricHeroes scorecard v2
148,BATTING,2,25625328,2092140,JCC Box Cricket League,Box Cricket,2026-06-19,Turf8teen10,Jaipur,7,13914529,Neuro strikers,13914721,Outliers,Outliers,Resulted,4 wickets,2,13914721,Outliers,78,2,8,6.3,0,12.0,0,0,0,0,0.0,0,0,0,0,25304305,Naman Mittal,13914721,Outliers,,,0,4,2,0,0,0.0,RHB,not out,not out,,,,,,,,,,,,,,,,,,,,,CricHeroes scorecard v2
149,BATTING,2,25625285,2092140,JCC Box Cricket League,Box Cricket,2026-06-19,Turf8teen10,Jaipur,7,13914777,Mavericks,13914529,Neuro strikers,Mavericks,Resulted,24 runs,1,13914777,Mavericks,69,3,3,7.0,0,9.86,0,0,0,0,0.0,0,0,0,0,5228456,Anil Rawat  (c),13914777,Mavericks,,,22,10,6,2,2,220.0,RHB,c Sagar b Opal,c Sagar b Opal,,,,,,,,,,,,,,,,,,,,,CricHeroes scorecard v2
150,BATTING,2,25625285,2092140,JCC Box Cricket League,Box Cricket,2026-06-19,Turf8teen10,Jaipur,7,13914777,Mavericks,13914529,Neuro strikers,Mavericks,Resulted,24 runs,1,13914777,Mavericks,69,3,3,7.0,0,9.86,0,0,0,0,0.0,0,0,0,0,38735959,Siddharth Rao,13914777,Mavericks,,,27,21,15,3,2,128.57,RHB,run out Bhairav Deep Touchy,run out Bhairav Deep Touchy,,,,,,,,,,,,,,,,,,,,,CricHeroes scorecard v2
151,BATTING,2,25625285,2092140,JCC Box Cricket League,Box Cricket,2026-06-19,Turf8teen10,Jaipur,7,13914777,Mavericks,13914529,Neuro strikers,Mavericks,Resulted,24 runs,1,13914777,Mavericks,69,3,3,7.0,0,9.86,0,0,0,0,0.0,0,0,0,0,52038417,Vikas,13914777,Mavericks,,,17,10,9,4,0,170.0,RHB,not out,not out,,,,,,,,,,,,,,,,,,,,,CricHeroes scorecard v2
152,BATTING,2,25625285,2092140,JCC Box Cricket League,Box Cricket,2026-06-19,Turf8teen10,Jaipur,7,13914777,Mavericks,13914529,Neuro strikers,Mavericks,Resulted,24 runs,1,13914777,Mavericks,69,3,3,7.0,0,9.86,0,0,0,0,0.0,0,0,0,0,4807250,Dr. Gaurav,13914777,Mavericks,,,0,1,1,0,0,0.0,RHB,run out Sarthak Rathore ,run out Sarthak Rathore ,,,,,,,,,,,,,,,,,,,,,CricHeroes scorecard v2
153,BATTING,2,25625285,2092140,JCC Box Cricket League,Box Cricket,2026-06-19,Turf8teen10,Jaipur,7,13914777,Mavericks,13914529,Neuro strikers,Mavericks,Resulted,24 runs,2,13914529,Neuro strikers,45,2,3,7.0,0,6.43,0,0,0,0,0.0,0,0,0,0,49460120,Sagar  (c),13914529,Neuro strikers,,,15,14,8,0,2,107.14,RHB,c Dr. Gaurav b Anil Rawat,c Dr. Gaurav b Anil Rawat,,,,,,,,,,,,,,,,,,,,,CricHeroes scorecard v2
154,BATTING,2,25625285,2092140,JCC Box Cricket League,Box Cricket,2026-06-19,Turf8teen10,Jaipur,7,13914777,Mavericks,13914529,Neuro strikers,Mavericks,Resulted,24 runs,2,13914529,Neuro strikers,45,2,3,7.0,0,6.43,0,0,0,0,0.0,0,0,0,0,50368825,Bhairav Deep Touchy,13914529,Neuro strikers,,,20,13,14,1,2,153.85,RHB,b Siddharth Rao,b Siddharth Rao,,,,,,,,,,,,,,,,,,,,,CricHeroes scorecard v2
155,BATTING,2,25625285,2092140,JCC Box Cricket League,Box Cricket,2026-06-19,Turf8teen10,Jaipur,7,13914777,Mavericks,13914529,Neuro strikers,Mavericks,Resulted,24 runs,2,13914529,Neuro strikers,45,2,3,7.0,0,6.43,0,0,0,0,0.0,0,0,0,0,52038035,Sarthak Rathore ,13914529,Neuro strikers,,,7,13,9,0,1,53.85,RHB,not out,not out,,,,,,,,,,,,,,,,,,,,,CricHeroes scorecard v2
156,BATTING,2,25625285,2092140,JCC Box Cricket League,Box Cricket,2026-06-19,Turf8teen10,Jaipur,7,13914777,Mavericks,13914529,Neuro strikers,Mavericks,Resulted,24 runs,2,13914529,Neuro strikers,45,2,3,7.0,0,6.43,0,0,0,0,0.0,0,0,0,0,49459939,Abhijeet Singh Shekhawat,13914529,Neuro strikers,,,0,2,3,0,0,0.0,RHB,not out,not out,,,,,,,,,,,,,,,,,,,,,CricHeroes scorecard v2
157,BATTING,2,25517051,2092140,JCC Box Cricket League,Box Cricket,2026-06-14,Turf8teen10,Jaipur,7,13914529,Neuro strikers,13914777,Mavericks,Neuro strikers,Resulted,42 runs,1,13914529,Neuro strikers,110,1,4,7.0,0,15.71,0,0,0,0,0.0,0,0,0,0,49460120,Sagar  (c),13914529,Neuro strikers,,,66,24,17,1,10,275.0,RHB,not out,not out,,,,,,,,,,,,,,,,,,,,,CricHeroes scorecard v2
158,BATTING,2,25517051,2092140,JCC Box Cricket League,Box Cricket,2026-06-14,Turf8teen10,Jaipur,7,13914529,Neuro strikers,13914777,Mavericks,Neuro strikers,Resulted,42 runs,1,13914529,Neuro strikers,110,1,4,7.0,0,15.71,0,0,0,0,0.0,0,0,0,0,50368825,Bhairav Deep Touchy,13914529,Neuro strikers,,,40,18,17,3,4,222.22,RHB,run out Sanjeev Meena Brewvana Owner,run out Sanjeev Meena Brewvana Owner,,,,,,,,,,,,,,,,,,,,,CricHeroes scorecard v2
159,BATTING,2,25517051,2092140,JCC Box Cricket League,Box Cricket,2026-06-14,Turf8teen10,Jaipur,7,13914529,Neuro strikers,13914777,Mavericks,Neuro strikers,Resulted,42 runs,1,13914529,Neuro strikers,110,1,4,7.0,0,15.71,0,0,0,0,0.0,0,0,0,0,52038035,Sarthak Rathore ,13914529,Neuro strikers,,,0,0,1,0,0,0.0,RHB,not out,not out,,,,,,,,,,,,,,,,,,,,,CricHeroes scorecard v2
160,BATTING,2,25517051,2092140,JCC Box Cricket League,Box Cricket,2026-06-14,Turf8teen10,Jaipur,7,13914529,Neuro strikers,13914777,Mavericks,Neuro strikers,Resulted,42 runs,2,13914777,Mavericks,68,2,5,7.0,0,9.71,0,0,0,0,0.0,0,0,0,0,5228456,Anil Rawat  (c),13914777,Mavericks,,,21,14,7,0,3,150.0,RHB,run out Bhairav Deep Touchy,run out Bhairav Deep Touchy,,,,,,,,,,,,,,,,,,,,,CricHeroes scorecard v2
161,BATTING,2,25517051,2092140,JCC Box Cricket League,Box Cricket,2026-06-14,Turf8teen10,Jaipur,7,13914529,Neuro strikers,13914777,Mavericks,Neuro strikers,Resulted,42 runs,2,13914777,Mavericks,68,2,5,7.0,0,9.71,0,0,0,0,0.0,0,0,0,0,50368818,Sanjeev Meena Brewvana Owner,13914777,Mavericks,,,1,4,10,0,0,25.0,,run out Prashant Ramchandani / Sagar,run out Prashant Ramchandani / Sagar,,,,,,,,,,,,,,,,,,,,,CricHeroes scorecard v2
162,BATTING,2,25517051,2092140,JCC Box Cricket League,Box Cricket,2026-06-14,Turf8teen10,Jaipur,7,13914529,Neuro strikers,13914777,Mavericks,Neuro strikers,Resulted,42 runs,2,13914777,Mavericks,68,2,5,7.0,0,9.71,0,0,0,0,0.0,0,0,0,0,49460259,Nitesh,13914777,Mavericks,,,7,9,9,1,0,77.78,RHB,not out,not out,,,,,,,,,,,,,,,,,,,,,CricHeroes scorecard v2
163,BATTING,2,25517051,2092140,JCC Box Cricket League,Box Cricket,2026-06-14,Turf8teen10,Jaipur,7,13914529,Neuro strikers,13914777,Mavericks,Neuro strikers,Resulted,42 runs,2,13914777,Mavericks,68,2,5,7.0,0,9.71,0,0,0,0,0.0,0,0,0,0,52038417,Vikas,13914777,Mavericks,,,34,15,6,3,3,226.67,RHB,not out,not out,,,,,,,,,,,,,,,,,,,,,CricHeroes scorecard v2
164,BATTING,2,25499868,2092140,JCC Box Cricket League,Box Cricket,2026-06-14,Turf8teen10,Jaipur,7,13914777,Mavericks,13914721,Outliers,,Tie,Tie,1,13914777,Mavericks,78,5,4,7.0,0,11.14,0,0,0,0,0.0,0,0,0,0,5228456,Anil Rawat  (c),13914777,Mavericks,,,41,19,8,2,5,215.79,RHB,c †Naman Mittal b Rudraksh,c †Naman Mittal b Rudraksh,,,,,,,,,,,,,,,,,,,,,CricHeroes scorecard v2
165,BATTING,2,25499868,2092140,JCC Box Cricket League,Box Cricket,2026-06-14,Turf8teen10,Jaipur,7,13914777,Mavericks,13914721,Outliers,,Tie,Tie,1,13914777,Mavericks,78,5,4,7.0,0,11.14,0,0,0,0,0.0,0,0,0,0,52038417,Vikas,13914777,Mavericks,,,0,2,5,0,0,0.0,RHB,run out Naman Mittal,run out Naman Mittal,,,,,,,,,,,,,,,,,,,,,CricHeroes scorecard v2
166,BATTING,2,25499868,2092140,JCC Box Cricket League,Box Cricket,2026-06-14,Turf8teen10,Jaipur,7,13914777,Mavericks,13914721,Outliers,,Tie,Tie,1,13914777,Mavericks,78,5,4,7.0,0,11.14,0,0,0,0,0.0,0,0,0,0,50368818,Sanjeev Meena Brewvana Owner,13914777,Mavericks,,,16,13,13,3,0,123.08,,not out,not out,,,,,,,,,,,,,,,,,,,,,CricHeroes scorecard v2
167,BATTING,2,25499868,2092140,JCC Box Cricket League,Box Cricket,2026-06-14,Turf8teen10,Jaipur,7,13914777,Mavericks,13914721,Outliers,,Tie,Tie,1,13914777,Mavericks,78,5,4,7.0,0,11.14,0,0,0,0,0.0,0,0,0,0,15803869,Nitin Setia,13914777,Mavericks,,,0,2,1,0,0,0.0,RHB,b Rudraksh,b Rudraksh,,,,,,,,,,,,,,,,,,,,,CricHeroes scorecard v2
168,BATTING,2,25499868,2092140,JCC Box Cricket League,Box Cricket,2026-06-14,Turf8teen10,Jaipur,7,13914777,Mavericks,13914721,Outliers,,Tie,Tie,1,13914777,Mavericks,78,5,4,7.0,0,11.14,0,0,0,0,0.0,0,0,0,0,49460259,Nitesh,13914777,Mavericks,,,7,3,6,0,1,233.33,RHB,c Harnoor Singh b Rudraksh,c Harnoor Singh b Rudraksh,,,,,,,,,,,,,,,,,,,,,CricHeroes scorecard v2
169,BATTING,2,25499868,2092140,JCC Box Cricket League,Box Cricket,2026-06-14,Turf8teen10,Jaipur,7,13914777,Mavericks,13914721,Outliers,,Tie,Tie,1,13914777,Mavericks,78,5,4,7.0,0,11.14,0,0,0,0,0.0,0,0,0,0,52038452,Krshna,13914777,Mavericks,,,0,1,1,0,0,0.0,,c †Naman Mavericks b Rudraksh,c †Naman Mavericks b Rudraksh,,,,,,,,,,,,,,,,,,,,,CricHeroes scorecard v2
170,BATTING,2,25499868,2092140,JCC Box Cricket League,Box Cricket,2026-06-14,Turf8teen10,Jaipur,7,13914777,Mavericks,13914721,Outliers,,Tie,Tie,1,13914777,Mavericks,78,5,4,7.0,0,11.14,0,0,0,0,0.0,0,0,0,0,52038517,Raghav Patodia,13914777,Mavericks,,,10,2,1,1,1,500.0,RHB,not out,not out,,,,,,,,,,,,,,,,,,,,,CricHeroes scorecard v2
171,BATTING,2,25499868,2092140,JCC Box Cricket League,Box Cricket,2026-06-14,Turf8teen10,Jaipur,7,13914777,Mavericks,13914721,Outliers,,Tie,Tie,2,13914721,Outliers,78,2,9,7.0,0,11.14,0,0,0,0,0.0,0,0,0,0,50368913,Rudraksh  (c),13914721,Outliers,,,27,21,19,3,2,128.57,RHB,not out,not out,,,,,,,,,,,,,,,,,,,,,CricHeroes scorecard v2
172,BATTING,2,25499868,2092140,JCC Box Cricket League,Box Cricket,2026-06-14,Turf8teen10,Jaipur,7,13914777,Mavericks,13914721,Outliers,,Tie,Tie,2,13914721,Outliers,78,2,9,7.0,0,11.14,0,0,0,0,0.0,0,0,0,0,50368843,Harnoor Singh,13914721,Outliers,,,0,1,3,0,0,0.0,RHB,b Sanjeev Meena Brewvana Owner,b Sanjeev Meena Brewvana Owner,,,,,,,,,,,,,,,,,,,,,CricHeroes scorecard v2
173,BATTING,2,25499868,2092140,JCC Box Cricket League,Box Cricket,2026-06-14,Turf8teen10,Jaipur,7,13914777,Mavericks,13914721,Outliers,,Tie,Tie,2,13914721,Outliers,78,2,9,7.0,0,11.14,0,0,0,0,0.0,0,0,0,0,25304305,Naman Mittal  (wk),13914721,Outliers,,,2,3,3,0,0,66.67,RHB,c Sanjeev Meena Brewvana Owner b Vikas,c Sanjeev Meena Brewvana Owner b Vikas,,,,,,,,,,,,,,,,,,,,,CricHeroes scorecard v2
174,BATTING,2,25499868,2092140,JCC Box Cricket League,Box Cricket,2026-06-14,Turf8teen10,Jaipur,7,13914777,Mavericks,13914721,Outliers,,Tie,Tie,2,13914721,Outliers,78,2,9,7.0,0,11.14,0,0,0,0,0.0,0,0,0,0,50368899,Naman Mavericks  (wk),13914721,Outliers,,,40,17,11,1,6,235.29,RHB,not out,not out,,,,,,,,,,,,,,,,,,,,,CricHeroes scorecard v2
175,BATTING,2,25499900,2092140,JCC Box Cricket League,Box Cricket,2026-06-14,Turf8teen10,Jaipur,7,13914529,Neuro strikers,13914721,Outliers,Neuro strikers,Resulted,23 runs,1,13914529,Neuro strikers,74,2,3,7.0,0,10.57,0,0,0,0,0.0,0,0,0,0,50368825,Bhairav Deep Touchy,13914529,Neuro strikers,,,40,22,20,3,4,181.82,RHB,run out Naman Mittal,run out Naman Mittal,,,,,,,,,,,,,,,,,,,,,CricHeroes scorecard v2
176,BATTING,2,25499900,2092140,JCC Box Cricket League,Box Cricket,2026-06-14,Turf8teen10,Jaipur,7,13914529,Neuro strikers,13914721,Outliers,Neuro strikers,Resulted,23 runs,1,13914529,Neuro strikers,74,2,3,7.0,0,10.57,0,0,0,0,0.0,0,0,0,0,52017845,Prashant Ramchandani  (wk),13914529,Neuro strikers,,,2,6,9,0,0,33.33,RHB,retired hurt,retired hurt,,,,,,,,,,,,,,,,,,,,,CricHeroes scorecard v2
177,BATTING,2,25499900,2092140,JCC Box Cricket League,Box Cricket,2026-06-14,Turf8teen10,Jaipur,7,13914529,Neuro strikers,13914721,Outliers,Neuro strikers,Resulted,23 runs,1,13914529,Neuro strikers,74,2,3,7.0,0,10.57,0,0,0,0,0.0,0,0,0,0,52038035,Sarthak Rathore ,13914529,Neuro strikers,,,13,8,7,1,1,162.5,RHB,c Harnoor Singh b Naman Mavericks,c Harnoor Singh b Naman Mavericks,,,,,,,,,,,,,,,,,,,,,CricHeroes scorecard v2
178,BATTING,2,25499900,2092140,JCC Box Cricket League,Box Cricket,2026-06-14,Turf8teen10,Jaipur,7,13914529,Neuro strikers,13914721,Outliers,Neuro strikers,Resulted,23 runs,1,13914529,Neuro strikers,74,2,3,7.0,0,10.57,0,0,0,0,0.0,0,0,0,0,49460120,Sagar  (c),13914529,Neuro strikers,,,16,6,5,1,2,266.67,RHB,not out,not out,,,,,,,,,,,,,,,,,,,,,CricHeroes scorecard v2
179,BATTING,2,25499900,2092140,JCC Box Cricket League,Box Cricket,2026-06-14,Turf8teen10,Jaipur,7,13914529,Neuro strikers,13914721,Outliers,Neuro strikers,Resulted,23 runs,1,13914529,Neuro strikers,74,2,3,7.0,0,10.57,0,0,0,0,0.0,0,0,0,0,9429841,Opal,13914529,Neuro strikers,,,0,0,1,0,0,0.0,RHB,not out,not out,,,,,,,,,,,,,,,,,,,,,CricHeroes scorecard v2
180,BATTING,2,25499900,2092140,JCC Box Cricket League,Box Cricket,2026-06-14,Turf8teen10,Jaipur,7,13914529,Neuro strikers,13914721,Outliers,Neuro strikers,Resulted,23 runs,2,13914721,Outliers,51,5,8,7.0,0,7.29,0,0,0,0,0.0,0,0,0,0,50368899,Naman Mavericks,13914721,Outliers,,,1,3,4,0,0,33.33,RHB,c&b Sagar,c&b Sagar,,,,,,,,,,,,,,,,,,,,,CricHeroes scorecard v2
181,BATTING,2,25499900,2092140,JCC Box Cricket League,Box Cricket,2026-06-14,Turf8teen10,Jaipur,7,13914529,Neuro strikers,13914721,Outliers,Neuro strikers,Resulted,23 runs,2,13914721,Outliers,51,5,8,7.0,0,7.29,0,0,0,0,0.0,0,0,0,0,50368843,Harnoor Singh,13914721,Outliers,,,11,8,7,1,1,137.5,RHB,c †Prashant Ramchandani b Opal,c †Prashant Ramchandani b Opal,,,,,,,,,,,,,,,,,,,,,CricHeroes scorecard v2
182,BATTING,2,25499900,2092140,JCC Box Cricket League,Box Cricket,2026-06-14,Turf8teen10,Jaipur,7,13914529,Neuro strikers,13914721,Outliers,Neuro strikers,Resulted,23 runs,2,13914721,Outliers,51,5,8,7.0,0,7.29,0,0,0,0,0.0,0,0,0,0,25304305,Naman Mittal,13914721,Outliers,,,9,14,12,0,1,64.29,RHB,c Saurabh CBI b Sagar,c Saurabh CBI b Sagar,,,,,,,,,,,,,,,,,,,,,CricHeroes scorecard v2
183,BATTING,2,25499900,2092140,JCC Box Cricket League,Box Cricket,2026-06-14,Turf8teen10,Jaipur,7,13914529,Neuro strikers,13914721,Outliers,Neuro strikers,Resulted,23 runs,2,13914721,Outliers,51,5,8,7.0,0,7.29,0,0,0,0,0.0,0,0,0,0,7989139,Sonu,13914721,Outliers,,,2,11,12,0,0,18.18,,c †Prashant Ramchandani b Sarthak Rathore ,c †Prashant Ramchandani b Sarthak Rathore ,,,,,,,,,,,,,,,,,,,,,CricHeroes scorecard v2
184,BATTING,2,25499900,2092140,JCC Box Cricket League,Box Cricket,2026-06-14,Turf8teen10,Jaipur,7,13914529,Neuro strikers,13914721,Outliers,Neuro strikers,Resulted,23 runs,2,13914721,Outliers,51,5,8,7.0,0,7.29,0,0,0,0,0.0,0,0,0,0,50368913,Rudraksh  (c),13914721,Outliers,,,20,6,3,2,2,333.33,RHB,not out,not out,,,,,,,,,,,,,,,,,,,,,CricHeroes scorecard v2
185,BATTING,2,25499900,2092140,JCC Box Cricket League,Box Cricket,2026-06-14,Turf8teen10,Jaipur,7,13914529,Neuro strikers,13914721,Outliers,Neuro strikers,Resulted,23 runs,2,13914721,Outliers,51,5,8,7.0,0,7.29,0,0,0,0,0.0,0,0,0,0,52038517,Raghav Patodia,13914721,Outliers,,,0,2,1,0,0,0.0,RHB,c Sagar b Sarthak Rathore ,c Sagar b Sarthak Rathore ,,,,,,,,,,,,,,,,,,,,,CricHeroes scorecard v2
186,BATTING,2,25499848,2092140,JCC Box Cricket League,Box Cricket,2026-06-14,Turf8teen10,Jaipur,7,13914777,Mavericks,13914529,Neuro strikers,Mavericks,Resulted,36 runs,1,13914777,Mavericks,82,0,11,7.0,0,11.71,0,0,0,0,0.0,0,0,0,0,49460259,Nitesh  (wk),13914777,Mavericks,,,10,15,20,2,0,66.67,RHB,retired hurt,retired hurt,,,,,,,,,,,,,,,,,,,,,CricHeroes scorecard v2
187,BATTING,2,25499848,2092140,JCC Box Cricket League,Box Cricket,2026-06-14,Turf8teen10,Jaipur,7,13914777,Mavericks,13914529,Neuro strikers,Mavericks,Resulted,36 runs,1,13914777,Mavericks,82,0,11,7.0,0,11.71,0,0,0,0,0.0,0,0,0,0,5228456,Anil Rawat  (c),13914777,Mavericks,,,57,24,25,5,5,237.5,RHB,not out,not out,,,,,,,,,,,,,,,,,,,,,CricHeroes scorecard v2
188,BATTING,2,25499848,2092140,JCC Box Cricket League,Box Cricket,2026-06-14,Turf8teen10,Jaipur,7,13914777,Mavericks,13914529,Neuro strikers,Mavericks,Resulted,36 runs,1,13914777,Mavericks,82,0,11,7.0,0,11.71,0,0,0,0,0.0,0,0,0,0,50368818,Sanjeev Meena Brewvana Owner,13914777,Mavericks,,,4,3,4,0,0,133.33,,not out,not out,,,,,,,,,,,,,,,,,,,,,CricHeroes scorecard v2
189,BATTING,2,25499848,2092140,JCC Box Cricket League,Box Cricket,2026-06-14,Turf8teen10,Jaipur,7,13914777,Mavericks,13914529,Neuro strikers,Mavericks,Resulted,36 runs,2,13914529,Neuro strikers,46,3,5,7.0,0,6.57,0,0,0,0,0.0,0,0,0,0,50368825,Bhairav Deep Touchy,13914529,Neuro strikers,,,7,5,6,0,1,140.0,RHB,c †Nitesh b Sanjeev Meena Brewvana Owner,c †Nitesh b Sanjeev Meena Brewvana Owner,,,,,,,,,,,,,,,,,,,,,CricHeroes scorecard v2
190,BATTING,2,25499848,2092140,JCC Box Cricket League,Box Cricket,2026-06-14,Turf8teen10,Jaipur,7,13914777,Mavericks,13914529,Neuro strikers,Mavericks,Resulted,36 runs,2,13914529,Neuro strikers,46,3,5,7.0,0,6.57,0,0,0,0,0.0,0,0,0,0,49460120,Sagar  (c),13914529,Neuro strikers,,,17,12,15,1,2,141.67,RHB,c †Nitesh b Anil Rawat,c †Nitesh b Anil Rawat,,,,,,,,,,,,,,,,,,,,,CricHeroes scorecard v2
191,BATTING,2,25499848,2092140,JCC Box Cricket League,Box Cricket,2026-06-14,Turf8teen10,Jaipur,7,13914777,Mavericks,13914529,Neuro strikers,Mavericks,Resulted,36 runs,2,13914529,Neuro strikers,46,3,5,7.0,0,6.57,0,0,0,0,0.0,0,0,0,0,52038035,Sarthak Rathore ,13914529,Neuro strikers,,,14,13,13,1,1,107.69,RHB,run out Nitin Setia,run out Nitin Setia,,,,,,,,,,,,,,,,,,,,,CricHeroes scorecard v2
192,BATTING,2,25499848,2092140,JCC Box Cricket League,Box Cricket,2026-06-14,Turf8teen10,Jaipur,7,13914777,Mavericks,13914529,Neuro strikers,Mavericks,Resulted,36 runs,2,13914529,Neuro strikers,46,3,5,7.0,0,6.57,0,0,0,0,0.0,0,0,0,0,7989139,Sonu,13914529,Neuro strikers,,,2,7,7,0,0,28.57,,not out,not out,,,,,,,,,,,,,,,,,,,,,CricHeroes scorecard v2
193,BATTING,2,25499848,2092140,JCC Box Cricket League,Box Cricket,2026-06-14,Turf8teen10,Jaipur,7,13914777,Mavericks,13914529,Neuro strikers,Mavericks,Resulted,36 runs,2,13914529,Neuro strikers,46,3,5,7.0,0,6.57,0,0,0,0,0.0,0,0,0,0,41945456,Saurabh CBI,13914529,Neuro strikers,,,1,5,3,0,0,20.0,RHB,not out,not out,,,,,,,,,,,,,,,,,,,,,CricHeroes scorecard v2
194,BATTING,3,27439735,2141686,JCC Season 3,Box Cricket,2026-10-02,Kodai Box Cricket,Jaipur,7,13914721,Outliers,13914777,Mavericks,Outliers,resulted,7 runs,1,13914721,Outliers,55,2,4,7.0,0,7.86,0,0,0,0,0.0,0,0,0,0,15803869,Nitin Setia,13914721,Outliers,,,4,16,10,0,0,25.0,RHB,c Jaivardhan Pathak b Ankit,c Jaivardhan Pathak b Ankit,,,,,,,,,,,,,,,,,,,,,CricHeroes scorecard v2
195,BATTING,3,27439735,2141686,JCC Season 3,Box Cricket,2026-10-02,Kodai Box Cricket,Jaipur,7,13914721,Outliers,13914777,Mavericks,Outliers,resulted,7 runs,1,13914721,Outliers,55,2,4,7.0,0,7.86,0,0,0,0,0.0,0,0,0,0,52038452,Krshna,13914721,Outliers,,,0,1,3,0,0,0.0,RHB,c&b Lakshay,c&b Lakshay,,,,,,,,,,,,,,,,,,,,,CricHeroes scorecard v2
196,BATTING,3,27439735,2141686,JCC Season 3,Box Cricket,2026-10-02,Kodai Box Cricket,Jaipur,7,13914721,Outliers,13914777,Mavericks,Outliers,resulted,7 runs,1,13914721,Outliers,55,2,4,7.0,0,7.86,0,0,0,0,0.0,0,0,0,0,50368899,Naman Mavericks  (c),13914721,Outliers,,,41,19,15,0,6,215.79,RHB,not out,not out,,,,,,,,,,,,,,,,,,,,,CricHeroes scorecard v2
197,BATTING,3,27439735,2141686,JCC Season 3,Box Cricket,2026-10-02,Kodai Box Cricket,Jaipur,7,13914721,Outliers,13914777,Mavericks,Outliers,resulted,7 runs,1,13914721,Outliers,55,2,4,7.0,0,7.86,0,0,0,0,0.0,0,0,0,0,50368913,Rudraksh,13914721,Outliers,,,6,7,8,0,1,85.71,RHB,not out,not out,,,,,,,,,,,,,,,,,,,,,CricHeroes scorecard v2
198,BATTING,3,27439735,2141686,JCC Season 3,Box Cricket,2026-10-02,Kodai Box Cricket,Jaipur,7,13914721,Outliers,13914777,Mavericks,Outliers,resulted,7 runs,2,13914777,Mavericks,48,4,2,7.0,0,6.86,0,0,0,0,0.0,0,0,0,0,45916629,Rohit Rathore,13914777,Mavericks,,,2,4,2,0,0,50.0,RHB,c Naman Mavericks b Siddharth Rao Jcc,c Naman Mavericks b Siddharth Rao Jcc,,,,,,,,,,,,,,,,,,,,,CricHeroes scorecard v2
199,BATTING,3,27439735,2141686,JCC Season 3,Box Cricket,2026-10-02,Kodai Box Cricket,Jaipur,7,13914721,Outliers,13914777,Mavericks,Outliers,resulted,7 runs,2,13914777,Mavericks,48,4,2,7.0,0,6.86,0,0,0,0,0.0,0,0,0,0,565841,Harish Jangid,13914777,Mavericks,,,36,23,20,2,4,156.52,RHB,c Naman Mavericks b Krshna,c Naman Mavericks b Krshna,,,,,,,,,,,,,,,,,,,,,CricHeroes scorecard v2
200,BATTING,3,27439735,2141686,JCC Season 3,Box Cricket,2026-10-02,Kodai Box Cricket,Jaipur,7,13914721,Outliers,13914777,Mavericks,Outliers,resulted,7 runs,2,13914777,Mavericks,48,4,2,7.0,0,6.86,0,0,0,0,0.0,0,0,0,0,3217470,Rahul Rathore  (c),13914777,Mavericks,,,6,9,10,1,0,66.67,RHB,c&b Rudraksh,c&b Rudraksh,,,,,,,,,,,,,,,,,,,,,CricHeroes scorecard v2
201,BATTING,3,27439735,2141686,JCC Season 3,Box Cricket,2026-10-02,Kodai Box Cricket,Jaipur,7,13914721,Outliers,13914777,Mavericks,Outliers,resulted,7 runs,2,13914777,Mavericks,48,4,2,7.0,0,6.86,0,0,0,0,0.0,0,0,0,0,52760329,Jaivardhan Pathak,13914777,Mavericks,,,2,5,4,0,0,40.0,RHB,run out Naman Mavericks,run out Naman Mavericks,,,,,,,,,,,,,,,,,,,,,CricHeroes scorecard v2
202,BATTING,3,27439735,2141686,JCC Season 3,Box Cricket,2026-10-02,Kodai Box Cricket,Jaipur,7,13914721,Outliers,13914777,Mavericks,Outliers,resulted,7 runs,2,13914777,Mavericks,48,4,2,7.0,0,6.86,0,0,0,0,0.0,0,0,0,0,4321458,pankaj tanwar,13914777,Mavericks,,,0,2,4,0,0,0.0,RHB,not out,not out,,,,,,,,,,,,,,,,,,,,,CricHeroes scorecard v2
203,BATTING,3,27438765,2141686,JCC Season 3,Box Cricket,2026-10-02,Kodai Box Cricket,Jaipur,7,14263394,VIKINGS,13914529,Neuro strikers,VIKINGS,resulted,10 runs,1,14263394,VIKINGS,69,2,8,7.0,0,9.86,0,0,0,0,0.0,0,0,0,0,32622039,Rishi Agarwal,14263394,VIKINGS,,,33,19,21,4,2,173.68,RHB,c †Dr. Gaurav b Vikas,c †Dr. Gaurav b Vikas,,,,,,,,,,,,,,,,,,,,,CricHeroes scorecard v2
204,BATTING,3,27438765,2141686,JCC Season 3,Box Cricket,2026-10-02,Kodai Box Cricket,Jaipur,7,14263394,VIKINGS,13914529,Neuro strikers,VIKINGS,resulted,10 runs,1,14263394,VIKINGS,69,2,8,7.0,0,9.86,0,0,0,0,0.0,0,0,0,0,33295238,Mahesh kumar,14263394,VIKINGS,,,22,15,13,1,2,146.67,RHB,c Anil Rawat b Dhruv Paliwal,c Anil Rawat b Dhruv Paliwal,,,,,,,,,,,,,,,,,,,,,CricHeroes scorecard v2
205,BATTING,3,27438765,2141686,JCC Season 3,Box Cricket,2026-10-02,Kodai Box Cricket,Jaipur,7,14263394,VIKINGS,13914529,Neuro strikers,VIKINGS,resulted,10 runs,1,14263394,VIKINGS,69,2,8,7.0,0,9.86,0,0,0,0,0.0,0,0,0,0,5520330,MITLESH CHOUDHARY,14263394,VIKINGS,,,5,7,8,1,0,71.43,RHB,not out,not out,,,,,,,,,,,,,,,,,,,,,CricHeroes scorecard v2
206,BATTING,3,27438765,2141686,JCC Season 3,Box Cricket,2026-10-02,Kodai Box Cricket,Jaipur,7,14263394,VIKINGS,13914529,Neuro strikers,VIKINGS,resulted,10 runs,1,14263394,VIKINGS,69,2,8,7.0,0,9.86,0,0,0,0,0.0,0,0,0,0,6314755,Navin Gurjar  (c),14263394,VIKINGS,,,1,2,1,0,0,50.0,RHB,not out,not out,,,,,,,,,,,,,,,,,,,,,CricHeroes scorecard v2
207,BATTING,3,27438765,2141686,JCC Season 3,Box Cricket,2026-10-02,Kodai Box Cricket,Jaipur,7,14263394,VIKINGS,13914529,Neuro strikers,VIKINGS,resulted,10 runs,2,13914529,Neuro strikers,59,1,2,7.0,0,8.43,0,0,0,0,0.0,0,0,0,0,5228456,Anil Rawat,13914529,Neuro strikers,,,21,20,16,1,1,105.0,RHB,not out,not out,,,,,,,,,,,,,,,,,,,,,CricHeroes scorecard v2
208,BATTING,3,27438765,2141686,JCC Season 3,Box Cricket,2026-10-02,Kodai Box Cricket,Jaipur,7,14263394,VIKINGS,13914529,Neuro strikers,VIKINGS,resulted,10 runs,2,13914529,Neuro strikers,59,1,2,7.0,0,8.43,0,0,0,0,0.0,0,0,0,0,49460120,Sagar,13914529,Neuro strikers,,,20,13,9,3,1,153.85,RHB,b Nishant Gupta,b Nishant Gupta,,,,,,,,,,,,,,,,,,,,,CricHeroes scorecard v2
209,BATTING,3,27438765,2141686,JCC Season 3,Box Cricket,2026-10-02,Kodai Box Cricket,Jaipur,7,14263394,VIKINGS,13914529,Neuro strikers,VIKINGS,resulted,10 runs,2,13914529,Neuro strikers,59,1,2,7.0,0,8.43,0,0,0,0,0.0,0,0,0,0,41945456,Saurabh CBI  (c),13914529,Neuro strikers,,,16,9,6,0,2,177.78,RHB,not out,not out,,,,,,,,,,,,,,,,,,,,,CricHeroes scorecard v2
210,BATTING,3,27437864,2141686,JCC Season 3,Box Cricket,2026-10-02,Kodai Box Cricket,Jaipur,7,13914777,Mavericks,14263394,VIKINGS,VIKINGS,resulted,7 wickets,1,13914777,Mavericks,48,3,5,7.0,0,6.86,0,0,0,0,0.0,0,0,0,0,3217470,Rahul Rathore  (c),13914777,Mavericks,,,16,13,11,1,2,123.08,RHB,run out Chaitanya Saran,run out Chaitanya Saran,,,,,,,,,,,,,,,,,,,,,CricHeroes scorecard v2
211,BATTING,3,27437864,2141686,JCC Season 3,Box Cricket,2026-10-02,Kodai Box Cricket,Jaipur,7,13914777,Mavericks,14263394,VIKINGS,VIKINGS,resulted,7 wickets,1,13914777,Mavericks,48,3,5,7.0,0,6.86,0,0,0,0,0.0,0,0,0,0,565841,Harish Jangid,13914777,Mavericks,,,13,10,7,0,2,130.0,RHB,b Nishant Gupta,b Nishant Gupta,,,,,,,,,,,,,,,,,,,,,CricHeroes scorecard v2
212,BATTING,3,27437864,2141686,JCC Season 3,Box Cricket,2026-10-02,Kodai Box Cricket,Jaipur,7,13914777,Mavericks,14263394,VIKINGS,VIKINGS,resulted,7 wickets,1,13914777,Mavericks,48,3,5,7.0,0,6.86,0,0,0,0,0.0,0,0,0,0,45916629,Rohit Rathore,13914777,Mavericks,,,5,10,7,0,0,50.0,RHB,c Rishi Agarwal b Nishant Gupta,c Rishi Agarwal b Nishant Gupta,,,,,,,,,,,,,,,,,,,,,CricHeroes scorecard v2
213,BATTING,3,27437864,2141686,JCC Season 3,Box Cricket,2026-10-02,Kodai Box Cricket,Jaipur,7,13914777,Mavericks,14263394,VIKINGS,VIKINGS,resulted,7 wickets,1,13914777,Mavericks,48,3,5,7.0,0,6.86,0,0,0,0,0.0,0,0,0,0,52760329,Jaivardhan Pathak,13914777,Mavericks,,,3,5,7,0,0,60.0,RHB,not out,not out,,,,,,,,,,,,,,,,,,,,,CricHeroes scorecard v2
214,BATTING,3,27437864,2141686,JCC Season 3,Box Cricket,2026-10-02,Kodai Box Cricket,Jaipur,7,13914777,Mavericks,14263394,VIKINGS,VIKINGS,resulted,7 wickets,1,13914777,Mavericks,48,3,5,7.0,0,6.86,0,0,0,0,0.0,0,0,0,0,17886857,Divyanshu,13914777,Mavericks,,,6,7,4,0,0,85.71,RHB,not out,not out,,,,,,,,,,,,,,,,,,,,,CricHeroes scorecard v2
215,BATTING,3,27437864,2141686,JCC Season 3,Box Cricket,2026-10-02,Kodai Box Cricket,Jaipur,7,13914777,Mavericks,14263394,VIKINGS,VIKINGS,resulted,7 wickets,2,14263394,VIKINGS,49,1,5,4.1,0,11.76,0,0,0,0,0.0,0,0,0,0,32622039,Rishi Agarwal,14263394,VIKINGS,,,24,13,12,1,3,184.62,RHB,not out,not out,,,,,,,,,,,,,,,,,,,,,CricHeroes scorecard v2
216,BATTING,3,27437864,2141686,JCC Season 3,Box Cricket,2026-10-02,Kodai Box Cricket,Jaipur,7,13914777,Mavericks,14263394,VIKINGS,VIKINGS,resulted,7 wickets,2,14263394,VIKINGS,49,1,5,4.1,0,11.76,0,0,0,0,0.0,0,0,0,0,33295238,Mahesh kumar,14263394,VIKINGS,,,14,8,10,1,1,175.0,RHB,c Harish Jangid b Jaivardhan Pathak,c Harish Jangid b Jaivardhan Pathak,,,,,,,,,,,,,,,,,,,,,CricHeroes scorecard v2
217,BATTING,3,27437864,2141686,JCC Season 3,Box Cricket,2026-10-02,Kodai Box Cricket,Jaipur,7,13914777,Mavericks,14263394,VIKINGS,VIKINGS,resulted,7 wickets,2,14263394,VIKINGS,49,1,5,4.1,0,11.76,0,0,0,0,0.0,0,0,0,0,5520330,MITLESH CHOUDHARY,14263394,VIKINGS,,,6,4,1,1,0,150.0,RHB,not out,not out,,,,,,,,,,,,,,,,,,,,,CricHeroes scorecard v2
218,BATTING,3,27436899,2141686,JCC Season 3,Box Cricket,2026-10-02,Kodai Box Cricket,Jaipur,7,13914721,Outliers,13914529,Neuro strikers,Neuro strikers,resulted,5 wickets,1,13914721,Outliers,53,3,4,7.0,0,7.57,0,0,0,0,0.0,0,0,0,0,15803869,Nitin Setia,13914721,Outliers,,,4,3,1,1,0,133.33,RHB,c Anil Rawat b Dhruv Paliwal,c Anil Rawat b Dhruv Paliwal,,,,,,,,,,,,,,,,,,,,,CricHeroes scorecard v2
219,BATTING,3,27436899,2141686,JCC Season 3,Box Cricket,2026-10-02,Kodai Box Cricket,Jaipur,7,13914721,Outliers,13914529,Neuro strikers,Neuro strikers,resulted,5 wickets,1,13914721,Outliers,53,3,4,7.0,0,7.57,0,0,0,0,0.0,0,0,0,0,50368899,Naman Mavericks  (c),13914721,Outliers,,,28,14,10,0,4,200.0,RHB,c Sagar b Dhruv Paliwal,c Sagar b Dhruv Paliwal,,,,,,,,,,,,,,,,,,,,,CricHeroes scorecard v2
220,BATTING,3,27436899,2141686,JCC Season 3,Box Cricket,2026-10-02,Kodai Box Cricket,Jaipur,7,13914721,Outliers,13914529,Neuro strikers,Neuro strikers,resulted,5 wickets,1,13914721,Outliers,53,3,4,7.0,0,7.57,0,0,0,0,0.0,0,0,0,0,52957809,Siddharth Rao Jcc,13914721,Outliers,,,12,14,17,1,0,85.71,RHB,not out,not out,,,,,,,,,,,,,,,,,,,,,CricHeroes scorecard v2
221,BATTING,3,27436899,2141686,JCC Season 3,Box Cricket,2026-10-02,Kodai Box Cricket,Jaipur,7,13914721,Outliers,13914529,Neuro strikers,Neuro strikers,resulted,5 wickets,1,13914721,Outliers,53,3,4,7.0,0,7.57,0,0,0,0,0.0,0,0,0,0,50368913,Rudraksh,13914721,Outliers,,,3,8,6,0,0,37.5,RHB,b Vikas,b Vikas,,,,,,,,,,,,,,,,,,,,,CricHeroes scorecard v2
222,BATTING,3,27436899,2141686,JCC Season 3,Box Cricket,2026-10-02,Kodai Box Cricket,Jaipur,7,13914721,Outliers,13914529,Neuro strikers,Neuro strikers,resulted,5 wickets,1,13914721,Outliers,53,3,4,7.0,0,7.57,0,0,0,0,0.0,0,0,0,0,21015521,Satvik Todwal,13914721,Outliers,,,2,3,2,0,0,66.67,RHB,not out,not out,,,,,,,,,,,,,,,,,,,,,CricHeroes scorecard v2
223,BATTING,3,27436899,2141686,JCC Season 3,Box Cricket,2026-10-02,Kodai Box Cricket,Jaipur,7,13914721,Outliers,13914529,Neuro strikers,Neuro strikers,resulted,5 wickets,2,13914529,Neuro strikers,56,0,4,5.3,0,10.18,0,0,0,0,0.0,0,0,0,0,5228456,Anil Rawat,13914529,Neuro strikers,,,7,14,16,1,0,50.0,RHB,not out,not out,,,,,,,,,,,,,,,,,,,,,CricHeroes scorecard v2
224,BATTING,3,27436899,2141686,JCC Season 3,Box Cricket,2026-10-02,Kodai Box Cricket,Jaipur,7,13914721,Outliers,13914529,Neuro strikers,Neuro strikers,resulted,5 wickets,2,13914529,Neuro strikers,56,0,4,5.3,0,10.18,0,0,0,0,0.0,0,0,0,0,49460120,Sagar,13914529,Neuro strikers,,,45,19,16,0,6,236.84,RHB,not out,not out,,,,,,,,,,,,,,,,,,,,,CricHeroes scorecard v2
225,BATTING,3,27302684,2141686,JCC Season 3,Limited Overs,2026-09-25,Box Cricket Kodai,Jaipur,7,13914777,Mavericks,13914529,Neuro strikers,Neuro strikers,resulted,3 wickets,1,13914777,Mavericks,29,4,0,7.0,0,4.14,0,0,0,0,0.0,0,0,0,0,565841,Harish Jangid,13914777,Mavericks,,,9,9,4,0,1,100.0,RHB,c Saurabh CBI b Anil Rawat,c Saurabh CBI b Anil Rawat,,,,,,,,,,,,,,,,,,,,,CricHeroes scorecard v2
226,BATTING,3,27302684,2141686,JCC Season 3,Limited Overs,2026-09-25,Box Cricket Kodai,Jaipur,7,13914777,Mavericks,13914529,Neuro strikers,Neuro strikers,resulted,3 wickets,1,13914777,Mavericks,29,4,0,7.0,0,4.14,0,0,0,0,0.0,0,0,0,0,3217470,Rahul Rathore,13914777,Mavericks,,,4,3,3,1,0,133.33,RHB,run out Sagar,run out Sagar,,,,,,,,,,,,,,,,,,,,,CricHeroes scorecard v2
227,BATTING,3,27302684,2141686,JCC Season 3,Limited Overs,2026-09-25,Box Cricket Kodai,Jaipur,7,13914777,Mavericks,13914529,Neuro strikers,Neuro strikers,resulted,3 wickets,1,13914777,Mavericks,29,4,0,7.0,0,4.14,0,0,0,0,0.0,0,0,0,0,49460259,Nitesh  (c & wk),13914777,Mavericks,,,3,12,10,0,0,25.0,RHB,run out Sagar,run out Sagar,,,,,,,,,,,,,,,,,,,,,CricHeroes scorecard v2
228,BATTING,3,27302684,2141686,JCC Season 3,Limited Overs,2026-09-25,Box Cricket Kodai,Jaipur,7,13914777,Mavericks,13914529,Neuro strikers,Neuro strikers,resulted,3 wickets,1,13914777,Mavericks,29,4,0,7.0,0,4.14,0,0,0,0,0.0,0,0,0,0,52760329,Jaivardhan Pathak,13914777,Mavericks,,,4,10,4,0,0,40.0,RHB,b Rahul  Kasliwal,b Rahul  Kasliwal,,,,,,,,,,,,,,,,,,,,,CricHeroes scorecard v2
229,BATTING,3,27302684,2141686,JCC Season 3,Limited Overs,2026-09-25,Box Cricket Kodai,Jaipur,7,13914777,Mavericks,13914529,Neuro strikers,Neuro strikers,resulted,3 wickets,1,13914777,Mavericks,29,4,0,7.0,0,4.14,0,0,0,0,0.0,0,0,0,0,1218133,Ankit,13914777,Mavericks,,,7,7,8,0,0,100.0,RHB,not out,not out,,,,,,,,,,,,,,,,,,,,,CricHeroes scorecard v2
230,BATTING,3,27302684,2141686,JCC Season 3,Limited Overs,2026-09-25,Box Cricket Kodai,Jaipur,7,13914777,Mavericks,13914529,Neuro strikers,Neuro strikers,resulted,3 wickets,1,13914777,Mavericks,29,4,0,7.0,0,4.14,0,0,0,0,0.0,0,0,0,0,8131458,Lakshay,13914777,Mavericks,,,2,1,2,0,0,200.0,RHB,not out,not out,,,,,,,,,,,,,,,,,,,,,CricHeroes scorecard v2
231,BATTING,3,27302684,2141686,JCC Season 3,Limited Overs,2026-09-25,Box Cricket Kodai,Jaipur,7,13914777,Mavericks,13914529,Neuro strikers,Neuro strikers,resulted,3 wickets,2,13914529,Neuro strikers,30,1,4,3.0,0,10.0,0,0,0,0,0.0,0,0,0,0,41945456,Saurabh CBI  (c),13914529,Neuro strikers,,,0,1,1,0,0,0.0,RHB,c †Nitesh b Harish Jangid,c †Nitesh b Harish Jangid,,,,,,,,,,,,,,,,,,,,,CricHeroes scorecard v2
232,BATTING,3,27302684,2141686,JCC Season 3,Limited Overs,2026-09-25,Box Cricket Kodai,Jaipur,7,13914777,Mavericks,13914529,Neuro strikers,Neuro strikers,resulted,3 wickets,2,13914529,Neuro strikers,30,1,4,3.0,0,10.0,0,0,0,0,0.0,0,0,0,0,49460120,Sagar,13914529,Neuro strikers,,,10,6,9,2,0,166.67,RHB,not out,not out,,,,,,,,,,,,,,,,,,,,,CricHeroes scorecard v2
233,BATTING,3,27302684,2141686,JCC Season 3,Limited Overs,2026-09-25,Box Cricket Kodai,Jaipur,7,13914777,Mavericks,13914529,Neuro strikers,Neuro strikers,resulted,3 wickets,2,13914529,Neuro strikers,30,1,4,3.0,0,10.0,0,0,0,0,0.0,0,0,0,0,5228456,Anil Rawat,13914529,Neuro strikers,,,16,11,8,0,2,145.45,RHB,not out,not out,,,,,,,,,,,,,,,,,,,,,CricHeroes scorecard v2
234,BATTING,3,27301928,2141686,JCC Season 3,Limited Overs,2026-09-25,Kodai Box Cricket,Jaipur,7,13914721,Outliers,14263394,VIKINGS,VIKINGS,resulted,3 wickets,1,13914721,Outliers,39,5,6,7.0,0,5.57,0,0,0,0,0.0,0,0,0,0,50368913,Rudraksh  (c),13914721,Outliers,,,1,4,7,0,0,25.0,RHB,b Navin Gurjar,b Navin Gurjar,,,,,,,,,,,,,,,,,,,,,CricHeroes scorecard v2
235,BATTING,3,27301928,2141686,JCC Season 3,Limited Overs,2026-09-25,Kodai Box Cricket,Jaipur,7,13914721,Outliers,14263394,VIKINGS,VIKINGS,resulted,3 wickets,1,13914721,Outliers,39,5,6,7.0,0,5.57,0,0,0,0,0.0,0,0,0,0,52957941,Madhav Sharma,13914721,Outliers,,,3,4,5,0,0,75.0,RHB,c Yash Pareek b Navin Gurjar,c Yash Pareek b Navin Gurjar,,,,,,,,,,,,,,,,,,,,,CricHeroes scorecard v2
236,BATTING,3,27301928,2141686,JCC Season 3,Limited Overs,2026-09-25,Kodai Box Cricket,Jaipur,7,13914721,Outliers,14263394,VIKINGS,VIKINGS,resulted,3 wickets,1,13914721,Outliers,39,5,6,7.0,0,5.57,0,0,0,0,0.0,0,0,0,0,52957809,Siddharth Rao Jcc,13914721,Outliers,,,2,6,4,0,0,33.33,RHB,c †Chaitanya Saran b Mahesh kumar,c †Chaitanya Saran b Mahesh kumar,,,,,,,,,,,,,,,,,,,,,CricHeroes scorecard v2
237,BATTING,3,27301928,2141686,JCC Season 3,Limited Overs,2026-09-25,Kodai Box Cricket,Jaipur,7,13914721,Outliers,14263394,VIKINGS,VIKINGS,resulted,3 wickets,1,13914721,Outliers,39,5,6,7.0,0,5.57,0,0,0,0,0.0,0,0,0,0,21015521,Satvik Todwal,13914721,Outliers,,,15,10,12,1,1,150.0,RHB,not out,not out,,,,,,,,,,,,,,,,,,,,,CricHeroes scorecard v2
238,BATTING,3,27301928,2141686,JCC Season 3,Limited Overs,2026-09-25,Kodai Box Cricket,Jaipur,7,13914721,Outliers,14263394,VIKINGS,VIKINGS,resulted,3 wickets,1,13914721,Outliers,39,5,6,7.0,0,5.57,0,0,0,0,0.0,0,0,0,0,52038452,Krshna,13914721,Outliers,,,3,8,3,0,0,37.5,RHB,b Yash Pareek,b Yash Pareek,,,,,,,,,,,,,,,,,,,,,CricHeroes scorecard v2
239,BATTING,3,27301928,2141686,JCC Season 3,Limited Overs,2026-09-25,Kodai Box Cricket,Jaipur,7,13914721,Outliers,14263394,VIKINGS,VIKINGS,resulted,3 wickets,1,13914721,Outliers,39,5,6,7.0,0,5.57,0,0,0,0,0.0,0,0,0,0,54005754,Devvrat Singh,13914721,Outliers,,,9,11,5,0,1,81.82,RHB,b Mahesh kumar,b Mahesh kumar,,,,,,,,,,,,,,,,,,,,,CricHeroes scorecard v2
240,BATTING,3,27301928,2141686,JCC Season 3,Limited Overs,2026-09-25,Kodai Box Cricket,Jaipur,7,13914721,Outliers,14263394,VIKINGS,VIKINGS,resulted,3 wickets,2,14263394,VIKINGS,40,2,6,4.4,0,8.57,0,0,0,0,0.0,0,0,0,0,6314755,Navin Gurjar  (c),14263394,VIKINGS,,,7,8,12,0,0,87.5,RHB,c&b Madhav Sharma,c&b Madhav Sharma,,,,,,,,,,,,,,,,,,,,,CricHeroes scorecard v2
241,BATTING,3,27301928,2141686,JCC Season 3,Limited Overs,2026-09-25,Kodai Box Cricket,Jaipur,7,13914721,Outliers,14263394,VIKINGS,VIKINGS,resulted,3 wickets,2,14263394,VIKINGS,40,2,6,4.4,0,8.57,0,0,0,0,0.0,0,0,0,0,38946978,Yash Pareek,14263394,VIKINGS,,,26,17,17,3,1,152.94,LHB,not out,not out,,,,,,,,,,,,,,,,,,,,,CricHeroes scorecard v2
242,BATTING,3,27301928,2141686,JCC Season 3,Limited Overs,2026-09-25,Kodai Box Cricket,Jaipur,7,13914721,Outliers,14263394,VIKINGS,VIKINGS,resulted,3 wickets,2,14263394,VIKINGS,40,2,6,4.4,0,8.57,0,0,0,0,0.0,0,0,0,0,33295238,Mahesh kumar,14263394,VIKINGS,,,1,4,4,0,0,25.0,RHB,run out Krshna,run out Krshna,,,,,,,,,,,,,,,,,,,,,CricHeroes scorecard v2
243,BATTING,3,27301928,2141686,JCC Season 3,Limited Overs,2026-09-25,Kodai Box Cricket,Jaipur,7,13914721,Outliers,14263394,VIKINGS,VIKINGS,resulted,3 wickets,2,14263394,VIKINGS,40,2,6,4.4,0,8.57,0,0,0,0,0.0,0,0,0,0,50368825,Bhairav Deep,14263394,VIKINGS,,,0,0,1,0,0,0.0,RHB,not out,not out,,,,,,,,,,,,,,,,,,,,,CricHeroes scorecard v2
244,BATTING,3,27301235,2141686,JCC Season 3,Limited Overs,2026-09-25,Kodai Box Cricket,Jaipur,7,13914529,Neuro strikers,13914721,Outliers,Outliers,resulted,5 wickets,1,13914529,Neuro strikers,23,5,7,7.0,0,3.29,0,0,0,0,0.0,0,0,0,0,7977983,Rahul  Kasliwal,13914529,Neuro strikers,,,4,11,8,0,0,36.36,RHB,b Siddharth Rao Jcc,b Siddharth Rao Jcc,,,,,,,,,,,,,,,,,,,,,CricHeroes scorecard v2
245,BATTING,3,27301235,2141686,JCC Season 3,Limited Overs,2026-09-25,Kodai Box Cricket,Jaipur,7,13914529,Neuro strikers,13914721,Outliers,Outliers,resulted,5 wickets,1,13914529,Neuro strikers,23,5,7,7.0,0,3.29,0,0,0,0,0.0,0,0,0,0,49460120,Sagar,13914529,Neuro strikers,,,0,6,5,0,0,0.0,RHB,c&b Madhav Sharma,c&b Madhav Sharma,,,,,,,,,,,,,,,,,,,,,CricHeroes scorecard v2
246,BATTING,3,27301235,2141686,JCC Season 3,Limited Overs,2026-09-25,Kodai Box Cricket,Jaipur,7,13914529,Neuro strikers,13914721,Outliers,Outliers,resulted,5 wickets,1,13914529,Neuro strikers,23,5,7,7.0,0,3.29,0,0,0,0,0.0,0,0,0,0,5228456,Anil Rawat,13914529,Neuro strikers,,,6,12,11,0,0,50.0,RHB,c Krshna b Siddharth Rao Jcc,c Krshna b Siddharth Rao Jcc,,,,,,,,,,,,,,,,,,,,,CricHeroes scorecard v2
247,BATTING,3,27301235,2141686,JCC Season 3,Limited Overs,2026-09-25,Kodai Box Cricket,Jaipur,7,13914529,Neuro strikers,13914721,Outliers,Outliers,resulted,5 wickets,1,13914529,Neuro strikers,23,5,7,7.0,0,3.29,0,0,0,0,0.0,0,0,0,0,45916629,Rohit Rathore,13914529,Neuro strikers,,,4,9,13,0,0,44.44,RHB,run out Rudraksh,run out Rudraksh,,,,,,,,,,,,,,,,,,,,,CricHeroes scorecard v2
248,BATTING,3,27301235,2141686,JCC Season 3,Limited Overs,2026-09-25,Kodai Box Cricket,Jaipur,7,13914529,Neuro strikers,13914721,Outliers,Outliers,resulted,5 wickets,1,13914529,Neuro strikers,23,5,7,7.0,0,3.29,0,0,0,0,0.0,0,0,0,0,41945456,Saurabh CBI  (c),13914529,Neuro strikers,,,2,6,5,0,0,33.33,RHB,c Madhav Sharma b Rudraksh,c Madhav Sharma b Rudraksh,,,,,,,,,,,,,,,,,,,,,CricHeroes scorecard v2
249,BATTING,3,27301235,2141686,JCC Season 3,Limited Overs,2026-09-25,Kodai Box Cricket,Jaipur,7,13914529,Neuro strikers,13914721,Outliers,Outliers,resulted,5 wickets,1,13914529,Neuro strikers,23,5,7,7.0,0,3.29,0,0,0,0,0.0,0,0,0,0,50979647,Chaitanya Saran,13914529,Neuro strikers,,,0,0,1,0,0,0.0,RHB,not out,not out,,,,,,,,,,,,,,,,,,,,,CricHeroes scorecard v2
250,BATTING,3,27301235,2141686,JCC Season 3,Limited Overs,2026-09-25,Kodai Box Cricket,Jaipur,7,13914529,Neuro strikers,13914721,Outliers,Outliers,resulted,5 wickets,2,13914721,Outliers,24,0,3,2.4,0,9.0,0,0,0,0,0.0,0,0,0,0,52957941,Madhav Sharma,13914721,Outliers,,,6,6,7,1,0,100.0,RHB,not out,not out,,,,,,,,,,,,,,,,,,,,,CricHeroes scorecard v2
251,BATTING,3,27301235,2141686,JCC Season 3,Limited Overs,2026-09-25,Kodai Box Cricket,Jaipur,7,13914529,Neuro strikers,13914721,Outliers,Outliers,resulted,5 wickets,2,13914721,Outliers,24,0,3,2.4,0,9.0,0,0,0,0,0.0,0,0,0,0,50368913,Rudraksh,13914721,Outliers,,,15,10,7,3,0,150.0,RHB,not out,not out,,,,,,,,,,,,,,,,,,,,,CricHeroes scorecard v2
252,BATTING,3,27300331,2141686,JCC Season 3,Limited Overs,2026-09-25,Box Cricket Kodai,Jaipur,7,13914777,Mavericks,14263394,VIKINGS,Mavericks,resulted,8 runs,1,13914777,Mavericks,38,3,3,7.0,0,5.43,0,0,0,0,0.0,0,0,0,0,565841,Harish Jangid,13914777,Mavericks,,,14,12,13,0,1,116.67,RHB,c Navin Gurjar b Mahesh kumar,c Navin Gurjar b Mahesh kumar,,,,,,,,,,,,,,,,,,,,,CricHeroes scorecard v2
253,BATTING,3,27300331,2141686,JCC Season 3,Limited Overs,2026-09-25,Box Cricket Kodai,Jaipur,7,13914777,Mavericks,14263394,VIKINGS,Mavericks,resulted,8 runs,1,13914777,Mavericks,38,3,3,7.0,0,5.43,0,0,0,0,0.0,0,0,0,0,45916629,Rohit Rathore,13914777,Mavericks,,,0,1,6,0,0,0.0,RHB,c Mahesh kumar b Yash Pareek,c Mahesh kumar b Yash Pareek,,,,,,,,,,,,,,,,,,,,,CricHeroes scorecard v2
254,BATTING,3,27300331,2141686,JCC Season 3,Limited Overs,2026-09-25,Box Cricket Kodai,Jaipur,7,13914777,Mavericks,14263394,VIKINGS,Mavericks,resulted,8 runs,1,13914777,Mavericks,38,3,3,7.0,0,5.43,0,0,0,0,0.0,0,0,0,0,3217470,Rahul Rathore,13914777,Mavericks,,,9,11,10,1,0,81.82,RHB,c Mahesh kumar b Nishant Gupta,c Mahesh kumar b Nishant Gupta,,,,,,,,,,,,,,,,,,,,,CricHeroes scorecard v2
255,BATTING,3,27300331,2141686,JCC Season 3,Limited Overs,2026-09-25,Box Cricket Kodai,Jaipur,7,13914777,Mavericks,14263394,VIKINGS,Mavericks,resulted,8 runs,1,13914777,Mavericks,38,3,3,7.0,0,5.43,0,0,0,0,0.0,0,0,0,0,52760329,Jaivardhan Pathak,13914777,Mavericks,,,4,10,9,0,0,40.0,RHB,not out,not out,,,,,,,,,,,,,,,,,,,,,CricHeroes scorecard v2
256,BATTING,3,27300331,2141686,JCC Season 3,Limited Overs,2026-09-25,Box Cricket Kodai,Jaipur,7,13914777,Mavericks,14263394,VIKINGS,Mavericks,resulted,8 runs,1,13914777,Mavericks,38,3,3,7.0,0,5.43,0,0,0,0,0.0,0,0,0,0,8131458,Lakshay,13914777,Mavericks,,,8,8,6,1,0,100.0,RHB,not out,not out,,,,,,,,,,,,,,,,,,,,,CricHeroes scorecard v2
257,BATTING,3,27300331,2141686,JCC Season 3,Limited Overs,2026-09-25,Box Cricket Kodai,Jaipur,7,13914777,Mavericks,14263394,VIKINGS,Mavericks,resulted,8 runs,2,14263394,VIKINGS,30,4,5,7.0,0,4.29,0,0,0,0,0.0,0,0,0,0,50368825,Bhairav Deep,14263394,VIKINGS,,,6,12,10,0,1,50.0,RHB,b Harish Jangid,b Harish Jangid,,,,,,,,,,,,,,,,,,,,,CricHeroes scorecard v2
258,BATTING,3,27300331,2141686,JCC Season 3,Limited Overs,2026-09-25,Box Cricket Kodai,Jaipur,7,13914777,Mavericks,14263394,VIKINGS,Mavericks,resulted,8 runs,2,14263394,VIKINGS,30,4,5,7.0,0,4.29,0,0,0,0,0.0,0,0,0,0,33295238,Mahesh kumar,14263394,VIKINGS,,,1,6,8,0,0,16.67,RHB,c Harish Jangid b Ankit,c Harish Jangid b Ankit,,,,,,,,,,,,,,,,,,,,,CricHeroes scorecard v2
259,BATTING,3,27300331,2141686,JCC Season 3,Limited Overs,2026-09-25,Box Cricket Kodai,Jaipur,7,13914777,Mavericks,14263394,VIKINGS,Mavericks,resulted,8 runs,2,14263394,VIKINGS,30,4,5,7.0,0,4.29,0,0,0,0,0.0,0,0,0,0,38946978,Yash Pareek,14263394,VIKINGS,,,4,7,6,1,0,57.14,LHB,c Rohit Rathore b Jaivardhan Pathak,c Rohit Rathore b Jaivardhan Pathak,,,,,,,,,,,,,,,,,,,,,CricHeroes scorecard v2
260,BATTING,3,27300331,2141686,JCC Season 3,Limited Overs,2026-09-25,Box Cricket Kodai,Jaipur,7,13914777,Mavericks,14263394,VIKINGS,Mavericks,resulted,8 runs,2,14263394,VIKINGS,30,4,5,7.0,0,4.29,0,0,0,0,0.0,0,0,0,0,6314755,Navin Gurjar  (c),14263394,VIKINGS,,,3,6,12,0,0,50.0,RHB,not out,not out,,,,,,,,,,,,,,,,,,,,,CricHeroes scorecard v2
261,BATTING,3,27300331,2141686,JCC Season 3,Limited Overs,2026-09-25,Box Cricket Kodai,Jaipur,7,13914777,Mavericks,14263394,VIKINGS,Mavericks,resulted,8 runs,2,14263394,VIKINGS,30,4,5,7.0,0,4.29,0,0,0,0,0.0,0,0,0,0,1748478,Nishant Gupta,14263394,VIKINGS,,,2,3,3,0,0,66.67,RHB,c Rahul Rathore b Abhijeet Singh Shekhawat,c Rahul Rathore b Abhijeet Singh Shekhawat,,,,,,,,,,,,,,,,,,,,,CricHeroes scorecard v2
262,BATTING,3,27300331,2141686,JCC Season 3,Limited Overs,2026-09-25,Box Cricket Kodai,Jaipur,7,13914777,Mavericks,14263394,VIKINGS,Mavericks,resulted,8 runs,2,14263394,VIKINGS,30,4,5,7.0,0,4.29,0,0,0,0,0.0,0,0,0,0,50979647,Chaitanya Saran,14263394,VIKINGS,,,9,9,4,0,1,100.0,RHB,not out,not out,,,,,,,,,,,,,,,,,,,,,CricHeroes scorecard v2
263,BATTING,3,27186480,2141686,JCC Season 3,Box Cricket,2026-09-18,Kodai Box Cricket,Jaipur,7,13914529,Neuro strikers,14263394,VIKINGS,Neuro strikers,resulted,40 runs,1,13914529,Neuro strikers,87,1,10,7.0,0,12.43,0,0,0,0,0.0,0,0,0,0,41945456,Saurabh CBI  (c),13914529,Neuro strikers,,,42,26,20,3,2,161.54,RHB,not out,not out,,,,,,,,,,,,,,,,,,,,,CricHeroes scorecard v2
264,BATTING,3,27186480,2141686,JCC Season 3,Box Cricket,2026-09-18,Kodai Box Cricket,Jaipur,7,13914529,Neuro strikers,14263394,VIKINGS,Neuro strikers,resulted,40 runs,1,13914529,Neuro strikers,87,1,10,7.0,0,12.43,0,0,0,0,0.0,0,0,0,0,5228456,Anil Rawat,13914529,Neuro strikers,,,34,14,18,1,4,242.86,RHB,c Bhaskar Rathore b Bhairav Deep,c Bhaskar Rathore b Bhairav Deep,,,,,,,,,,,,,,,,,,,,,CricHeroes scorecard v2
265,BATTING,3,27186480,2141686,JCC Season 3,Box Cricket,2026-09-18,Kodai Box Cricket,Jaipur,7,13914529,Neuro strikers,14263394,VIKINGS,Neuro strikers,resulted,40 runs,1,13914529,Neuro strikers,87,1,10,7.0,0,12.43,0,0,0,0,0.0,0,0,0,0,49460120,Sagar,13914529,Neuro strikers,,,1,2,1,0,0,50.0,RHB,not out,not out,,,,,,,,,,,,,,,,,,,,,CricHeroes scorecard v2
266,BATTING,3,27186480,2141686,JCC Season 3,Box Cricket,2026-09-18,Kodai Box Cricket,Jaipur,7,13914529,Neuro strikers,14263394,VIKINGS,Neuro strikers,resulted,40 runs,2,14263394,VIKINGS,47,5,7,7.0,0,6.71,0,0,0,0,0.0,0,0,0,0,33295238,Mahesh kumar,14263394,VIKINGS,,,17,25,20,1,0,68.0,RHB,c Sagar b Anil Rawat,c Sagar b Anil Rawat,,,,,,,,,,,,,,,,,,,,,CricHeroes scorecard v2
267,BATTING,3,27186480,2141686,JCC Season 3,Box Cricket,2026-09-18,Kodai Box Cricket,Jaipur,7,13914529,Neuro strikers,14263394,VIKINGS,Neuro strikers,resulted,40 runs,2,14263394,VIKINGS,47,5,7,7.0,0,6.71,0,0,0,0,0.0,0,0,0,0,50368825,Bhairav Deep  (c),14263394,VIKINGS,,,19,11,15,1,2,172.73,RHB,b Sagar,b Sagar,,,,,,,,,,,,,,,,,,,,,CricHeroes scorecard v2
268,BATTING,3,27186480,2141686,JCC Season 3,Box Cricket,2026-09-18,Kodai Box Cricket,Jaipur,7,13914529,Neuro strikers,14263394,VIKINGS,Neuro strikers,resulted,40 runs,2,14263394,VIKINGS,47,5,7,7.0,0,6.71,0,0,0,0,0.0,0,0,0,0,53313171,Bhaskar Rathore,14263394,VIKINGS,,,0,2,1,0,0,0.0,,st †Dr. Gaurav b Sagar,st †Dr. Gaurav b Sagar,,,,,,,,,,,,,,,,,,,,,CricHeroes scorecard v2
269,BATTING,3,27186480,2141686,JCC Season 3,Box Cricket,2026-09-18,Kodai Box Cricket,Jaipur,7,13914529,Neuro strikers,14263394,VIKINGS,Neuro strikers,resulted,40 runs,2,14263394,VIKINGS,47,5,7,7.0,0,6.71,0,0,0,0,0.0,0,0,0,0,1748478,Nishant Gupta,14263394,VIKINGS,,,4,2,3,1,0,200.0,RHB,run out † Dr. Gaurav,run out † Dr. Gaurav,,,,,,,,,,,,,,,,,,,,,CricHeroes scorecard v2
270,BATTING,3,27186480,2141686,JCC Season 3,Box Cricket,2026-09-18,Kodai Box Cricket,Jaipur,7,13914529,Neuro strikers,14263394,VIKINGS,Neuro strikers,resulted,40 runs,2,14263394,VIKINGS,47,5,7,7.0,0,6.71,0,0,0,0,0.0,0,0,0,0,50979647,Chaitanya Saran,14263394,VIKINGS,,,0,1,1,0,0,0.0,RHB,not out,not out,,,,,,,,,,,,,,,,,,,,,CricHeroes scorecard v2
271,BATTING,3,27186480,2141686,JCC Season 3,Box Cricket,2026-09-18,Kodai Box Cricket,Jaipur,7,13914529,Neuro strikers,14263394,VIKINGS,Neuro strikers,resulted,40 runs,2,14263394,VIKINGS,47,5,7,7.0,0,6.71,0,0,0,0,0.0,0,0,0,0,9429841,Opal,14263394,VIKINGS,,,0,2,1,0,0,0.0,RHB,c Rahul  Kasliwal b Anil Rawat,c Rahul  Kasliwal b Anil Rawat,,,,,,,,,,,,,,,,,,,,,CricHeroes scorecard v2
272,BATTING,3,27185697,2141686,JCC Season 3,Box Cricket,2026-09-18,Kodai Box Cricket,Jaipur,7,13914721,Outliers,13914777,Mavericks,Mavericks,resulted,7 wickets,1,13914721,Outliers,47,4,5,7.0,0,6.71,0,0,0,0,0.0,0,0,0,0,15803869,Nitin Setia,13914721,Outliers,,,1,3,3,0,0,33.33,RHB,run out Abhijeet Singh Shekhawat,run out Abhijeet Singh Shekhawat,,,,,,,,,,,,,,,,,,,,,CricHeroes scorecard v2
273,BATTING,3,27185697,2141686,JCC Season 3,Box Cricket,2026-09-18,Kodai Box Cricket,Jaipur,7,13914721,Outliers,13914777,Mavericks,Mavericks,resulted,7 wickets,1,13914721,Outliers,47,4,5,7.0,0,6.71,0,0,0,0,0.0,0,0,0,0,50368899,Naman Mavericks  (c),13914721,Outliers,,,30,15,14,1,4,200.0,RHB,b Abhijeet Singh Shekhawat,b Abhijeet Singh Shekhawat,,,,,,,,,,,,,,,,,,,,,CricHeroes scorecard v2
274,BATTING,3,27185697,2141686,JCC Season 3,Box Cricket,2026-09-18,Kodai Box Cricket,Jaipur,7,13914721,Outliers,13914777,Mavericks,Mavericks,resulted,7 wickets,1,13914721,Outliers,47,4,5,7.0,0,6.71,0,0,0,0,0.0,0,0,0,0,52957941,Madhav Sharma,13914721,Outliers,,,1,9,7,0,0,11.11,RHB,c Harish Jangid b Jaivardhan Pathak,c Harish Jangid b Jaivardhan Pathak,,,,,,,,,,,,,,,,,,,,,CricHeroes scorecard v2
275,BATTING,3,27185697,2141686,JCC Season 3,Box Cricket,2026-09-18,Kodai Box Cricket,Jaipur,7,13914721,Outliers,13914777,Mavericks,Mavericks,resulted,7 wickets,1,13914721,Outliers,47,4,5,7.0,0,6.71,0,0,0,0,0.0,0,0,0,0,52957809,Siddharth Rao Jcc,13914721,Outliers,,,6,7,6,0,1,85.71,RHB,c Lakshay b Jaivardhan Pathak,c Lakshay b Jaivardhan Pathak,,,,,,,,,,,,,,,,,,,,,CricHeroes scorecard v2
276,BATTING,3,27185697,2141686,JCC Season 3,Box Cricket,2026-09-18,Kodai Box Cricket,Jaipur,7,13914721,Outliers,13914777,Mavericks,Mavericks,resulted,7 wickets,1,13914721,Outliers,47,4,5,7.0,0,6.71,0,0,0,0,0.0,0,0,0,0,52038452,Krshna,13914721,Outliers,,,4,8,4,0,0,50.0,,not out,not out,,,,,,,,,,,,,,,,,,,,,CricHeroes scorecard v2
277,BATTING,3,27185697,2141686,JCC Season 3,Box Cricket,2026-09-18,Kodai Box Cricket,Jaipur,7,13914721,Outliers,13914777,Mavericks,Mavericks,resulted,7 wickets,1,13914721,Outliers,47,4,5,7.0,0,6.71,0,0,0,0,0.0,0,0,0,0,50368913,Rudraksh,13914721,Outliers,,,0,0,1,0,0,0.0,RHB,not out,not out,,,,,,,,,,,,,,,,,,,,,CricHeroes scorecard v2
278,BATTING,3,27185697,2141686,JCC Season 3,Box Cricket,2026-09-18,Kodai Box Cricket,Jaipur,7,13914721,Outliers,13914777,Mavericks,Mavericks,resulted,7 wickets,2,13914777,Mavericks,48,0,1,6.3,0,7.38,0,0,0,0,0.0,0,0,0,0,565841,Harish Jangid,13914777,Mavericks,,,42,25,20,2,4,168.0,RHB,not out,not out,,,,,,,,,,,,,,,,,,,,,CricHeroes scorecard v2
279,BATTING,3,27185697,2141686,JCC Season 3,Box Cricket,2026-09-18,Kodai Box Cricket,Jaipur,7,13914721,Outliers,13914777,Mavericks,Mavericks,resulted,7 wickets,2,13914777,Mavericks,48,0,1,6.3,0,7.38,0,0,0,0,0.0,0,0,0,0,3217470,Rahul Rathore,13914777,Mavericks,,,5,15,20,0,0,33.33,RHB,not out,not out,,,,,,,,,,,,,,,,,,,,,CricHeroes scorecard v2
280,BATTING,3,27184789,2141686,JCC Season 3,Box Cricket,2026-09-18,Kodai Box Cricket,Jaipur,7,13914721,Outliers,14263394,VIKINGS,Outliers,resulted,5 runs,1,13914721,Outliers,35,3,7,7.0,0,5.0,0,0,0,0,0.0,0,0,0,0,15803869,Nitin Setia  (wk),13914721,Outliers,,,1,7,5,0,0,14.29,RHB,b Nishant Gupta,b Nishant Gupta,,,,,,,,,,,,,,,,,,,,,CricHeroes scorecard v2
281,BATTING,3,27184789,2141686,JCC Season 3,Box Cricket,2026-09-18,Kodai Box Cricket,Jaipur,7,13914721,Outliers,14263394,VIKINGS,Outliers,resulted,5 runs,1,13914721,Outliers,35,3,7,7.0,0,5.0,0,0,0,0,0.0,0,0,0,0,50368899,Naman Mavericks  (c),13914721,Outliers,,,9,11,12,0,1,81.82,RHB,c Bhairav Deep b Nishant Gupta,c Bhairav Deep b Nishant Gupta,,,,,,,,,,,,,,,,,,,,,CricHeroes scorecard v2
282,BATTING,3,27184789,2141686,JCC Season 3,Box Cricket,2026-09-18,Kodai Box Cricket,Jaipur,7,13914721,Outliers,14263394,VIKINGS,Outliers,resulted,5 runs,1,13914721,Outliers,35,3,7,7.0,0,5.0,0,0,0,0,0.0,0,0,0,0,52957941,Madhav Sharma,13914721,Outliers,,,1,6,5,0,0,16.67,RHB,c Bhairav Deep b Nishant Gupta,c Bhairav Deep b Nishant Gupta,,,,,,,,,,,,,,,,,,,,,CricHeroes scorecard v2
283,BATTING,3,27184789,2141686,JCC Season 3,Box Cricket,2026-09-18,Kodai Box Cricket,Jaipur,7,13914721,Outliers,14263394,VIKINGS,Outliers,resulted,5 runs,1,13914721,Outliers,35,3,7,7.0,0,5.0,0,0,0,0,0.0,0,0,0,0,50368913,Rudraksh,13914721,Outliers,,,4,8,7,0,0,50.0,RHB,not out,not out,,,,,,,,,,,,,,,,,,,,,CricHeroes scorecard v2
284,BATTING,3,27184789,2141686,JCC Season 3,Box Cricket,2026-09-18,Kodai Box Cricket,Jaipur,7,13914721,Outliers,14263394,VIKINGS,Outliers,resulted,5 runs,1,13914721,Outliers,35,3,7,7.0,0,5.0,0,0,0,0,0.0,0,0,0,0,52957809,Siddharth Rao Jcc,13914721,Outliers,,,13,11,6,0,1,118.18,RHB,not out,not out,,,,,,,,,,,,,,,,,,,,,CricHeroes scorecard v2
285,BATTING,3,27184789,2141686,JCC Season 3,Box Cricket,2026-09-18,Kodai Box Cricket,Jaipur,7,13914721,Outliers,14263394,VIKINGS,Outliers,resulted,5 runs,2,14263394,VIKINGS,30,4,3,7.0,0,4.29,0,0,0,0,0.0,0,0,0,0,50368825,Bhairav Deep  (c),14263394,VIKINGS,,,7,11,8,0,0,63.64,RHB,c Siddharth Rao Jcc b Naman Mavericks,c Siddharth Rao Jcc b Naman Mavericks,,,,,,,,,,,,,,,,,,,,,CricHeroes scorecard v2
286,BATTING,3,27184789,2141686,JCC Season 3,Box Cricket,2026-09-18,Kodai Box Cricket,Jaipur,7,13914721,Outliers,14263394,VIKINGS,Outliers,resulted,5 runs,2,14263394,VIKINGS,30,4,3,7.0,0,4.29,0,0,0,0,0.0,0,0,0,0,33295238,Mahesh kumar,14263394,VIKINGS,,,0,1,4,0,0,0.0,RHB,c Rudraksh b Madhav Sharma,c Rudraksh b Madhav Sharma,,,,,,,,,,,,,,,,,,,,,CricHeroes scorecard v2
287,BATTING,3,27184789,2141686,JCC Season 3,Box Cricket,2026-09-18,Kodai Box Cricket,Jaipur,7,13914721,Outliers,14263394,VIKINGS,Outliers,resulted,5 runs,2,14263394,VIKINGS,30,4,3,7.0,0,4.29,0,0,0,0,0.0,0,0,0,0,53313171,Bhaskar Rathore,14263394,VIKINGS,,,7,6,8,0,0,116.67,,c †Nitin Setia b Siddharth Rao Jcc,c †Nitin Setia b Siddharth Rao Jcc,,,,,,,,,,,,,,,,,,,,,CricHeroes scorecard v2
288,BATTING,3,27184789,2141686,JCC Season 3,Box Cricket,2026-09-18,Kodai Box Cricket,Jaipur,7,13914721,Outliers,14263394,VIKINGS,Outliers,resulted,5 runs,2,14263394,VIKINGS,30,4,3,7.0,0,4.29,0,0,0,0,0.0,0,0,0,0,1748478,Nishant Gupta,14263394,VIKINGS,,,5,11,10,0,0,45.45,RHB,run out Krshna / Naman Mavericks,run out Krshna / Naman Mavericks,,,,,,,,,,,,,,,,,,,,,CricHeroes scorecard v2
289,BATTING,3,27184789,2141686,JCC Season 3,Box Cricket,2026-09-18,Kodai Box Cricket,Jaipur,7,13914721,Outliers,14263394,VIKINGS,Outliers,resulted,5 runs,2,14263394,VIKINGS,30,4,3,7.0,0,4.29,0,0,0,0,0.0,0,0,0,0,50979647,Chaitanya Saran,14263394,VIKINGS,,,4,8,10,0,0,50.0,RHB,not out,not out,,,,,,,,,,,,,,,,,,,,,CricHeroes scorecard v2
290,BATTING,3,27184789,2141686,JCC Season 3,Box Cricket,2026-09-18,Kodai Box Cricket,Jaipur,7,13914721,Outliers,14263394,VIKINGS,Outliers,resulted,5 runs,2,14263394,VIKINGS,30,4,3,7.0,0,4.29,0,0,0,0,0.0,0,0,0,0,9429841,Opal,14263394,VIKINGS,,,4,5,3,0,0,80.0,RHB,not out,not out,,,,,,,,,,,,,,,,,,,,,CricHeroes scorecard v2
291,BATTING,3,27184046,2141686,JCC Season 3,Box Cricket,2026-09-18,Kodai Box Cricket,Jaipur,7,13914529,Neuro strikers,13914777,Mavericks,Neuro strikers,resulted,6 runs,1,13914529,Neuro strikers,34,5,6,7.0,0,4.86,0,0,0,0,0.0,0,0,0,0,7977983,Rahul  Kasliwal,13914529,Neuro strikers,,,10,11,7,2,0,90.91,RHB,run out Lakshay / Ankit,run out Lakshay / Ankit,,,,,,,,,,,,,,,,,,,,,CricHeroes scorecard v2
292,BATTING,3,27184046,2141686,JCC Season 3,Box Cricket,2026-09-18,Kodai Box Cricket,Jaipur,7,13914529,Neuro strikers,13914777,Mavericks,Neuro strikers,resulted,6 runs,1,13914529,Neuro strikers,34,5,6,7.0,0,4.86,0,0,0,0,0.0,0,0,0,0,49460120,Sagar,13914529,Neuro strikers,,,4,4,4,1,0,100.0,RHB,c †Rahul Rathore b Harish Jangid,c †Rahul Rathore b Harish Jangid,,,,,,,,,,,,,,,,,,,,,CricHeroes scorecard v2
293,BATTING,3,27184046,2141686,JCC Season 3,Box Cricket,2026-09-18,Kodai Box Cricket,Jaipur,7,13914529,Neuro strikers,13914777,Mavericks,Neuro strikers,resulted,6 runs,1,13914529,Neuro strikers,34,5,6,7.0,0,4.86,0,0,0,0,0.0,0,0,0,0,4807250,Dr. Gaurav  (wk),13914529,Neuro strikers,,,0,4,6,0,0,0.0,RHB,b Jaivardhan Pathak,b Jaivardhan Pathak,,,,,,,,,,,,,,,,,,,,,CricHeroes scorecard v2
294,BATTING,3,27184046,2141686,JCC Season 3,Box Cricket,2026-09-18,Kodai Box Cricket,Jaipur,7,13914529,Neuro strikers,13914777,Mavericks,Neuro strikers,resulted,6 runs,1,13914529,Neuro strikers,34,5,6,7.0,0,4.86,0,0,0,0,0.0,0,0,0,0,5228456,Anil Rawat,13914529,Neuro strikers,,,2,8,5,0,0,25.0,RHB,c Harish Jangid b Jaivardhan Pathak,c Harish Jangid b Jaivardhan Pathak,,,,,,,,,,,,,,,,,,,,,CricHeroes scorecard v2
295,BATTING,3,27184046,2141686,JCC Season 3,Box Cricket,2026-09-18,Kodai Box Cricket,Jaipur,7,13914529,Neuro strikers,13914777,Mavericks,Neuro strikers,resulted,6 runs,1,13914529,Neuro strikers,34,5,6,7.0,0,4.86,0,0,0,0,0.0,0,0,0,0,52038417,Vikas,13914529,Neuro strikers,,,8,12,7,1,0,66.67,RHB,c Abhijeet Singh Shekhawat b Jaivardhan Pathak,c Abhijeet Singh Shekhawat b Jaivardhan Pathak,,,,,,,,,,,,,,,,,,,,,CricHeroes scorecard v2
296,BATTING,3,27184046,2141686,JCC Season 3,Box Cricket,2026-09-18,Kodai Box Cricket,Jaipur,7,13914529,Neuro strikers,13914777,Mavericks,Neuro strikers,resulted,6 runs,1,13914529,Neuro strikers,34,5,6,7.0,0,4.86,0,0,0,0,0.0,0,0,0,0,41945456,Saurabh CBI  (c),13914529,Neuro strikers,,,4,3,5,1,0,133.33,RHB,not out,not out,,,,,,,,,,,,,,,,,,,,,CricHeroes scorecard v2
297,BATTING,3,27184046,2141686,JCC Season 3,Box Cricket,2026-09-18,Kodai Box Cricket,Jaipur,7,13914529,Neuro strikers,13914777,Mavericks,Neuro strikers,resulted,6 runs,1,13914529,Neuro strikers,34,5,6,7.0,0,4.86,0,0,0,0,0.0,0,0,0,0,53199501,Sunil Rajput,13914529,Neuro strikers,,,0,0,1,0,0,0.0,,not out,not out,,,,,,,,,,,,,,,,,,,,,CricHeroes scorecard v2
298,BATTING,3,27184046,2141686,JCC Season 3,Box Cricket,2026-09-18,Kodai Box Cricket,Jaipur,7,13914529,Neuro strikers,13914777,Mavericks,Neuro strikers,resulted,6 runs,2,13914777,Mavericks,28,3,0,7.0,0,4.0,0,0,0,0,0.0,0,0,0,0,3217470,Rahul Rathore  (wk),13914777,Mavericks,,,10,12,6,2,0,83.33,RHB,c †Dr. Gaurav b Sagar,c †Dr. Gaurav b Sagar,,,,,,,,,,,,,,,,,,,,,CricHeroes scorecard v2
299,BATTING,3,27184046,2141686,JCC Season 3,Box Cricket,2026-09-18,Kodai Box Cricket,Jaipur,7,13914529,Neuro strikers,13914777,Mavericks,Neuro strikers,resulted,6 runs,2,13914777,Mavericks,28,3,0,7.0,0,4.0,0,0,0,0,0.0,0,0,0,0,4321458,pankaj tanwar,13914777,Mavericks,,,6,13,14,0,0,46.15,RHB,retired hurt,retired hurt,,,,,,,,,,,,,,,,,,,,,CricHeroes scorecard v2
300,BATTING,3,27184046,2141686,JCC Season 3,Box Cricket,2026-09-18,Kodai Box Cricket,Jaipur,7,13914529,Neuro strikers,13914777,Mavericks,Neuro strikers,resulted,6 runs,2,13914777,Mavericks,28,3,0,7.0,0,4.0,0,0,0,0,0.0,0,0,0,0,565841,Harish Jangid  (c),13914777,Mavericks,,,7,11,14,1,0,63.64,RHB,c Vikas b Anil Rawat,c Vikas b Anil Rawat,,,,,,,,,,,,,,,,,,,,,CricHeroes scorecard v2
301,BATTING,3,27184046,2141686,JCC Season 3,Box Cricket,2026-09-18,Kodai Box Cricket,Jaipur,7,13914529,Neuro strikers,13914777,Mavericks,Neuro strikers,resulted,6 runs,2,13914777,Mavericks,28,3,0,7.0,0,4.0,0,0,0,0,0.0,0,0,0,0,52760329,Jaivardhan Pathak,13914777,Mavericks,,,4,5,4,0,0,80.0,RHB,c Rahul  Kasliwal b Anil Rawat,c Rahul  Kasliwal b Anil Rawat,,,,,,,,,,,,,,,,,,,,,CricHeroes scorecard v2
302,BATTING,3,27184046,2141686,JCC Season 3,Box Cricket,2026-09-18,Kodai Box Cricket,Jaipur,7,13914529,Neuro strikers,13914777,Mavericks,Neuro strikers,resulted,6 runs,2,13914777,Mavericks,28,3,0,7.0,0,4.0,0,0,0,0,0.0,0,0,0,0,1218133,Ankit,13914777,Mavericks,,,1,1,2,0,0,100.0,RHB,not out,not out,,,,,,,,,,,,,,,,,,,,,CricHeroes scorecard v2
303,BATTING,3,27075175,2141686,JCC Season 3,Limited Overs,2026-09-11,Kodai Box Cricket 2,Jaipur,7,13914529,Neuro strikers,13914721,Outliers,Outliers,resulted,5 wickets,1,13914529,Neuro strikers,42,2,9,7.0,0,6.0,0,0,0,0,0.0,0,0,0,0,5228456,Anil Rawat,13914529,Neuro strikers,,,0,3,4,0,0,0.0,RHB,c †Krshna b Siddharth Rao Jcc,c †Krshna b Siddharth Rao Jcc,,,,,,,,,,,,,,,,,,,,,CricHeroes scorecard v2
304,BATTING,3,27075175,2141686,JCC Season 3,Limited Overs,2026-09-11,Kodai Box Cricket 2,Jaipur,7,13914529,Neuro strikers,13914721,Outliers,Outliers,resulted,5 wickets,1,13914529,Neuro strikers,42,2,9,7.0,0,6.0,0,0,0,0,0.0,0,0,0,0,49460120,Sagar,13914529,Neuro strikers,,,22,21,22,2,1,104.76,RHB,st †Krshna b Madhav Sharma,st †Krshna b Madhav Sharma,,,,,,,,,,,,,,,,,,,,,CricHeroes scorecard v2
305,BATTING,3,27075175,2141686,JCC Season 3,Limited Overs,2026-09-11,Kodai Box Cricket 2,Jaipur,7,13914529,Neuro strikers,13914721,Outliers,Outliers,resulted,5 wickets,1,13914529,Neuro strikers,42,2,9,7.0,0,6.0,0,0,0,0,0.0,0,0,0,0,52038417,Vikas,13914529,Neuro strikers,,,11,17,18,1,0,64.71,RHB,not out,not out,,,,,,,,,,,,,,,,,,,,,CricHeroes scorecard v2
306,BATTING,3,27075175,2141686,JCC Season 3,Limited Overs,2026-09-11,Kodai Box Cricket 2,Jaipur,7,13914529,Neuro strikers,13914721,Outliers,Outliers,resulted,5 wickets,1,13914529,Neuro strikers,42,2,9,7.0,0,6.0,0,0,0,0,0.0,0,0,0,0,41945456,Saurabh CBI  (c),13914529,Neuro strikers,,,0,1,1,0,0,0.0,RHB,not out,not out,,,,,,,,,,,,,,,,,,,,,CricHeroes scorecard v2
307,BATTING,3,27075175,2141686,JCC Season 3,Limited Overs,2026-09-11,Kodai Box Cricket 2,Jaipur,7,13914529,Neuro strikers,13914721,Outliers,Outliers,resulted,5 wickets,2,13914721,Outliers,43,2,3,6.0,0,7.17,0,0,0,0,0.0,0,0,0,0,50368899,Naman Mavericks  (c),13914721,Outliers,,,6,10,7,0,0,60.0,RHB,c †Dr. Gaurav b Anil Rawat,c †Dr. Gaurav b Anil Rawat,,,,,,,,,,,,,,,,,,,,,CricHeroes scorecard v2
308,BATTING,3,27075175,2141686,JCC Season 3,Limited Overs,2026-09-11,Kodai Box Cricket 2,Jaipur,7,13914529,Neuro strikers,13914721,Outliers,Outliers,resulted,5 wickets,2,13914721,Outliers,43,2,3,6.0,0,7.17,0,0,0,0,0.0,0,0,0,0,52760329,Jaivardhan Pathak,13914721,Outliers,,,0,3,5,0,0,0.0,RHB,c †Dr. Gaurav b Saurabh CBI,c †Dr. Gaurav b Saurabh CBI,,,,,,,,,,,,,,,,,,,,,CricHeroes scorecard v2
309,BATTING,3,27075175,2141686,JCC Season 3,Limited Overs,2026-09-11,Kodai Box Cricket 2,Jaipur,7,13914529,Neuro strikers,13914721,Outliers,Outliers,resulted,5 wickets,2,13914721,Outliers,43,2,3,6.0,0,7.17,0,0,0,0,0.0,0,0,0,0,52957941,Madhav Sharma,13914721,Outliers,,,32,15,18,1,4,213.33,RHB,not out,not out,,,,,,,,,,,,,,,,,,,,,CricHeroes scorecard v2
310,BATTING,3,27075175,2141686,JCC Season 3,Limited Overs,2026-09-11,Kodai Box Cricket 2,Jaipur,7,13914529,Neuro strikers,13914721,Outliers,Outliers,resulted,5 wickets,2,13914721,Outliers,43,2,3,6.0,0,7.17,0,0,0,0,0.0,0,0,0,0,50368913,Rudraksh,13914721,Outliers,,,2,8,14,0,0,25.0,RHB,not out,not out,,,,,,,,,,,,,,,,,,,,,CricHeroes scorecard v2
311,BATTING,3,27074232,2141686,JCC Season 3,Limited Overs,2026-09-11,Box Cricket Kodai,Jaipur,7,13914529,Neuro strikers,14263394,VIKINGS,VIKINGS,resulted,4 wickets,1,13914529,Neuro strikers,65,4,10,7.0,0,9.29,0,0,0,0,0.0,0,0,0,0,5228456,Anil Rawat,13914529,Neuro strikers,,,30,18,12,0,4,166.67,RHB,c Bhaskar Rathore b Nishant Gupta,c Bhaskar Rathore b Nishant Gupta,,,,,,,,,,,,,,,,,,,,,CricHeroes scorecard v2
312,BATTING,3,27074232,2141686,JCC Season 3,Limited Overs,2026-09-11,Box Cricket Kodai,Jaipur,7,13914529,Neuro strikers,14263394,VIKINGS,VIKINGS,resulted,4 wickets,1,13914529,Neuro strikers,65,4,10,7.0,0,9.29,0,0,0,0,0.0,0,0,0,0,49460120,Sagar,13914529,Neuro strikers,,,18,13,13,1,2,138.46,RHB,c Nishant Gupta b Bhaskar Rathore,c Nishant Gupta b Bhaskar Rathore,,,,,,,,,,,,,,,,,,,,,CricHeroes scorecard v2
313,BATTING,3,27074232,2141686,JCC Season 3,Limited Overs,2026-09-11,Box Cricket Kodai,Jaipur,7,13914529,Neuro strikers,14263394,VIKINGS,VIKINGS,resulted,4 wickets,1,13914529,Neuro strikers,65,4,10,7.0,0,9.29,0,0,0,0,0.0,0,0,0,0,8590477,Aditya M.,13914529,Neuro strikers,,,0,1,4,0,0,0.0,RHB,c †Prashant Ramchandani b Chaitanya Saran,c †Prashant Ramchandani b Chaitanya Saran,,,,,,,,,,,,,,,,,,,,,CricHeroes scorecard v2
314,BATTING,3,27074232,2141686,JCC Season 3,Limited Overs,2026-09-11,Box Cricket Kodai,Jaipur,7,13914529,Neuro strikers,14263394,VIKINGS,VIKINGS,resulted,4 wickets,1,13914529,Neuro strikers,65,4,10,7.0,0,9.29,0,0,0,0,0.0,0,0,0,0,4807250,Dr. Gaurav,13914529,Neuro strikers,,,6,5,2,0,1,120.0,RHB,b Bhaskar Rathore,b Bhaskar Rathore,,,,,,,,,,,,,,,,,,,,,CricHeroes scorecard v2
315,BATTING,3,27074232,2141686,JCC Season 3,Limited Overs,2026-09-11,Box Cricket Kodai,Jaipur,7,13914529,Neuro strikers,14263394,VIKINGS,VIKINGS,resulted,4 wickets,1,13914529,Neuro strikers,65,4,10,7.0,0,9.29,0,0,0,0,0.0,0,0,0,0,52038417,Vikas,13914529,Neuro strikers,,,0,0,3,0,0,0.0,RHB,not out,not out,,,,,,,,,,,,,,,,,,,,,CricHeroes scorecard v2
316,BATTING,3,27074232,2141686,JCC Season 3,Limited Overs,2026-09-11,Box Cricket Kodai,Jaipur,7,13914529,Neuro strikers,14263394,VIKINGS,VIKINGS,resulted,4 wickets,1,13914529,Neuro strikers,65,4,10,7.0,0,9.29,0,0,0,0,0.0,0,0,0,0,41945456,Saurabh CBI  (c),13914529,Neuro strikers,,,1,6,3,0,0,16.67,RHB,not out,not out,,,,,,,,,,,,,,,,,,,,,CricHeroes scorecard v2
317,BATTING,3,27074232,2141686,JCC Season 3,Limited Overs,2026-09-11,Box Cricket Kodai,Jaipur,7,13914529,Neuro strikers,14263394,VIKINGS,VIKINGS,resulted,4 wickets,2,14263394,VIKINGS,66,1,8,5.3,0,12.0,0,0,0,0,0.0,0,0,0,0,50368825,Bhairav Deep  (c),14263394,VIKINGS,,,37,17,20,1,4,217.65,RHB,c Anil Rawat b Sagar,c Anil Rawat b Sagar,,,,,,,,,,,,,,,,,,,,,CricHeroes scorecard v2
318,BATTING,3,27074232,2141686,JCC Season 3,Limited Overs,2026-09-11,Box Cricket Kodai,Jaipur,7,13914529,Neuro strikers,14263394,VIKINGS,VIKINGS,resulted,4 wickets,2,14263394,VIKINGS,66,1,8,5.3,0,12.0,0,0,0,0,0.0,0,0,0,0,33295238,Mahesh kumar,14263394,VIKINGS,,,20,13,25,2,2,153.85,RHB,not out,not out,,,,,,,,,,,,,,,,,,,,,CricHeroes scorecard v2
319,BATTING,3,27074232,2141686,JCC Season 3,Limited Overs,2026-09-11,Box Cricket Kodai,Jaipur,7,13914529,Neuro strikers,14263394,VIKINGS,VIKINGS,resulted,4 wickets,2,14263394,VIKINGS,66,1,8,5.3,0,12.0,0,0,0,0,0.0,0,0,0,0,1748478,Nishant Gupta,14263394,VIKINGS,,,1,4,4,0,0,25.0,RHB,not out,not out,,,,,,,,,,,,,,,,,,,,,CricHeroes scorecard v2
320,BATTING,3,27051912,2141686,JCC Season 3,Box Cricket,2026-09-09,Kodai Box Cricket,Jaipur,7,14263394,VIKINGS,13914721,Outliers,Outliers,resulted,5 wickets,1,14263394,VIKINGS,48,2,2,7.0,0,6.86,0,0,0,0,0.0,0,0,0,0,1748478,Nishant Gupta,14263394,VIKINGS,,,16,22,20,1,0,72.73,RHB,not out,not out,,,,,,,,,,,,,,,,,,,,,CricHeroes scorecard v2
321,BATTING,3,27051912,2141686,JCC Season 3,Box Cricket,2026-09-09,Kodai Box Cricket,Jaipur,7,14263394,VIKINGS,13914721,Outliers,Outliers,resulted,5 wickets,1,14263394,VIKINGS,48,2,2,7.0,0,6.86,0,0,0,0,0.0,0,0,0,0,50368825,Bhairav Deep  (c),14263394,VIKINGS,,,18,11,12,2,1,163.64,RHB,c †Nitin Setia b Krshna,c †Nitin Setia b Krshna,,,,,,,,,,,,,,,,,,,,,CricHeroes scorecard v2
322,BATTING,3,27051912,2141686,JCC Season 3,Box Cricket,2026-09-09,Kodai Box Cricket,Jaipur,7,14263394,VIKINGS,13914721,Outliers,Outliers,resulted,5 wickets,1,14263394,VIKINGS,48,2,2,7.0,0,6.86,0,0,0,0,0.0,0,0,0,0,6314755,Navin Gurjar,14263394,VIKINGS,,,2,3,6,0,0,66.67,RHB,run out † Nitin Setia / Madhav Sharma,run out † Nitin Setia / Madhav Sharma,,,,,,,,,,,,,,,,,,,,,CricHeroes scorecard v2
323,BATTING,3,27051912,2141686,JCC Season 3,Box Cricket,2026-09-09,Kodai Box Cricket,Jaipur,7,14263394,VIKINGS,13914721,Outliers,Outliers,resulted,5 wickets,1,14263394,VIKINGS,48,2,2,7.0,0,6.86,0,0,0,0,0.0,0,0,0,0,33295238,Mahesh kumar,14263394,VIKINGS,,,10,6,1,1,1,166.67,RHB,not out,not out,,,,,,,,,,,,,,,,,,,,,CricHeroes scorecard v2
324,BATTING,3,27051912,2141686,JCC Season 3,Box Cricket,2026-09-09,Kodai Box Cricket,Jaipur,7,14263394,VIKINGS,13914721,Outliers,Outliers,resulted,5 wickets,2,13914721,Outliers,54,1,1,3.1,0,17.05,0,0,0,0,0.0,0,0,0,0,15803869,Nitin Setia  (wk),13914721,Outliers,,,3,5,3,0,0,60.0,RHB,b Navin Gurjar,b Navin Gurjar,,,,,,,,,,,,,,,,,,,,,CricHeroes scorecard v2
325,BATTING,3,27051912,2141686,JCC Season 3,Box Cricket,2026-09-09,Kodai Box Cricket,Jaipur,7,14263394,VIKINGS,13914721,Outliers,Outliers,resulted,5 wickets,2,13914721,Outliers,54,1,1,3.1,0,17.05,0,0,0,0,0.0,0,0,0,0,50368899,Naman Mavericks  (c),13914721,Outliers,,,28,8,8,1,4,350.0,RHB,not out,not out,,,,,,,,,,,,,,,,,,,,,CricHeroes scorecard v2
326,BATTING,3,27051912,2141686,JCC Season 3,Box Cricket,2026-09-09,Kodai Box Cricket,Jaipur,7,14263394,VIKINGS,13914721,Outliers,Outliers,resulted,5 wickets,2,13914721,Outliers,54,1,1,3.1,0,17.05,0,0,0,0,0.0,0,0,0,0,52957941,Madhav Sharma,13914721,Outliers,,,22,6,5,1,3,366.67,RHB,not out,not out,,,,,,,,,,,,,,,,,,,,,CricHeroes scorecard v2
327,BATTING,3,27051371,2141686,JCC Season 3,Box Cricket,2026-09-09,Kodai Box Cricket,Jaipur,7,13914777,Mavericks,13914529,Neuro strikers,Mavericks,resulted,21 runs,1,13914777,Mavericks,64,2,4,7.0,0,9.14,0,0,0,0,0.0,0,0,0,0,3217470,Rahul Rathore,13914777,Mavericks,,,4,6,1,0,0,66.67,RHB,c Saurabh CBI b Anil Rawat,c Saurabh CBI b Anil Rawat,,,,,,,,,,,,,,,,,,,,,CricHeroes scorecard v2
328,BATTING,3,27051371,2141686,JCC Season 3,Box Cricket,2026-09-09,Kodai Box Cricket,Jaipur,7,13914777,Mavericks,13914529,Neuro strikers,Mavericks,resulted,21 runs,1,13914777,Mavericks,64,2,4,7.0,0,9.14,0,0,0,0,0.0,0,0,0,0,52760329,Jaivardhan Pathak,13914777,Mavericks,,,8,14,9,1,0,57.14,RHB,c&b Saurabh CBI,c&b Saurabh CBI,,,,,,,,,,,,,,,,,,,,,CricHeroes scorecard v2
329,BATTING,3,27051371,2141686,JCC Season 3,Box Cricket,2026-09-09,Kodai Box Cricket,Jaipur,7,13914777,Mavericks,13914529,Neuro strikers,Mavericks,resulted,21 runs,1,13914777,Mavericks,64,2,4,7.0,0,9.14,0,0,0,0,0.0,0,0,0,0,565841,Harish Jangid,13914777,Mavericks,,,46,19,16,4,5,242.11,RHB,not out,not out,,,,,,,,,,,,,,,,,,,,,CricHeroes scorecard v2
330,BATTING,3,27051371,2141686,JCC Season 3,Box Cricket,2026-09-09,Kodai Box Cricket,Jaipur,7,13914777,Mavericks,13914529,Neuro strikers,Mavericks,resulted,21 runs,1,13914777,Mavericks,64,2,4,7.0,0,9.14,0,0,0,0,0.0,0,0,0,0,8131458,Lakshay,13914777,Mavericks,,,2,4,9,0,0,50.0,RHB,not out,not out,,,,,,,,,,,,,,,,,,,,,CricHeroes scorecard v2
331,BATTING,3,27051371,2141686,JCC Season 3,Box Cricket,2026-09-09,Kodai Box Cricket,Jaipur,7,13914777,Mavericks,13914529,Neuro strikers,Mavericks,resulted,21 runs,2,13914529,Neuro strikers,43,3,1,7.0,0,6.14,0,0,0,0,0.0,0,0,0,0,5228456,Anil Rawat,13914529,Neuro strikers,,,5,15,13,1,0,33.33,RHB,c †Nitesh b Adhip Choudhary,c †Nitesh b Adhip Choudhary,,,,,,,,,,,,,,,,,,,,,CricHeroes scorecard v2
332,BATTING,3,27051371,2141686,JCC Season 3,Box Cricket,2026-09-09,Kodai Box Cricket,Jaipur,7,13914777,Mavericks,13914529,Neuro strikers,Mavericks,resulted,21 runs,2,13914529,Neuro strikers,43,3,1,7.0,0,6.14,0,0,0,0,0.0,0,0,0,0,49460120,Sagar,13914529,Neuro strikers,,,4,2,3,1,0,200.0,RHB,c Lakshay b Adhip Choudhary,c Lakshay b Adhip Choudhary,,,,,,,,,,,,,,,,,,,,,CricHeroes scorecard v2
333,BATTING,3,27051371,2141686,JCC Season 3,Box Cricket,2026-09-09,Kodai Box Cricket,Jaipur,7,13914777,Mavericks,13914529,Neuro strikers,Mavericks,resulted,21 runs,2,13914529,Neuro strikers,43,3,1,7.0,0,6.14,0,0,0,0,0.0,0,0,0,0,41945456,Saurabh CBI  (c),13914529,Neuro strikers,,,6,9,4,0,1,66.67,RHB,b Ankit,b Ankit,,,,,,,,,,,,,,,,,,,,,CricHeroes scorecard v2
334,BATTING,3,27051371,2141686,JCC Season 3,Box Cricket,2026-09-09,Kodai Box Cricket,Jaipur,7,13914777,Mavericks,13914529,Neuro strikers,Mavericks,resulted,21 runs,2,13914529,Neuro strikers,43,3,1,7.0,0,6.14,0,0,0,0,0.0,0,0,0,0,52038417,Vikas,13914529,Neuro strikers,,,13,10,9,2,0,130.0,RHB,not out,not out,,,,,,,,,,,,,,,,,,,,,CricHeroes scorecard v2
335,BATTING,3,27051371,2141686,JCC Season 3,Box Cricket,2026-09-09,Kodai Box Cricket,Jaipur,7,13914777,Mavericks,13914529,Neuro strikers,Mavericks,resulted,21 runs,2,13914529,Neuro strikers,43,3,1,7.0,0,6.14,0,0,0,0,0.0,0,0,0,0,4807250,Dr. Gaurav,13914529,Neuro strikers,,,14,6,4,1,1,233.33,RHB,not out,not out,,,,,,,,,,,,,,,,,,,,,CricHeroes scorecard v2
336,BATTING,3,27050716,2141686,JCC Season 3,Box Cricket,2026-09-09,Kodai Box Cricket,Jaipur,7,13914777,Mavericks,14263394,VIKINGS,Mavericks,resulted,3 runs,1,13914777,Mavericks,40,5,11,7.0,0,5.71,0,0,0,0,0.0,0,0,0,0,565841,Harish Jangid,13914777,Mavericks,,,1,2,6,0,0,50.0,RHB,c Bhairav Deep b Mahesh kumar,c Bhairav Deep b Mahesh kumar,,,,,,,,,,,,,,,,,,,,,CricHeroes scorecard v2
337,BATTING,3,27050716,2141686,JCC Season 3,Box Cricket,2026-09-09,Kodai Box Cricket,Jaipur,7,13914777,Mavericks,14263394,VIKINGS,Mavericks,resulted,3 runs,1,13914777,Mavericks,40,5,11,7.0,0,5.71,0,0,0,0,0.0,0,0,0,0,3217470,Rahul Rathore,13914777,Mavericks,,,14,18,14,1,1,77.78,RHB,c Bhairav Deep b Bhaskar Rathore,c Bhairav Deep b Bhaskar Rathore,,,,,,,,,,,,,,,,,,,,,CricHeroes scorecard v2
338,BATTING,3,27050716,2141686,JCC Season 3,Box Cricket,2026-09-09,Kodai Box Cricket,Jaipur,7,13914777,Mavericks,14263394,VIKINGS,Mavericks,resulted,3 runs,1,13914777,Mavericks,40,5,11,7.0,0,5.71,0,0,0,0,0.0,0,0,0,0,52760329,Jaivardhan Pathak,13914777,Mavericks,,,0,1,1,0,0,0.0,RHB,b Mahesh kumar,b Mahesh kumar,,,,,,,,,,,,,,,,,,,,,CricHeroes scorecard v2
339,BATTING,3,27050716,2141686,JCC Season 3,Box Cricket,2026-09-09,Kodai Box Cricket,Jaipur,7,13914777,Mavericks,14263394,VIKINGS,Mavericks,resulted,3 runs,1,13914777,Mavericks,40,5,11,7.0,0,5.71,0,0,0,0,0.0,0,0,0,0,8131458,Lakshay,13914777,Mavericks,,,0,4,1,0,0,0.0,RHB,b Mahesh kumar,b Mahesh kumar,,,,,,,,,,,,,,,,,,,,,CricHeroes scorecard v2
340,BATTING,3,27050716,2141686,JCC Season 3,Box Cricket,2026-09-09,Kodai Box Cricket,Jaipur,7,13914777,Mavericks,14263394,VIKINGS,Mavericks,resulted,3 runs,1,13914777,Mavericks,40,5,11,7.0,0,5.71,0,0,0,0,0.0,0,0,0,0,2238721,Adhip Choudhary,13914777,Mavericks,,,9,10,13,1,0,90.0,RHB,not out,not out,,,,,,,,,,,,,,,,,,,,,CricHeroes scorecard v2
341,BATTING,3,27050716,2141686,JCC Season 3,Box Cricket,2026-09-09,Kodai Box Cricket,Jaipur,7,13914777,Mavericks,14263394,VIKINGS,Mavericks,resulted,3 runs,1,13914777,Mavericks,40,5,11,7.0,0,5.71,0,0,0,0,0.0,0,0,0,0,49460259,Nitesh  (c),13914777,Mavericks,,,4,10,6,0,0,40.0,RHB,c Navin Gurjar b Mahesh kumar,c Navin Gurjar b Mahesh kumar,,,,,,,,,,,,,,,,,,,,,CricHeroes scorecard v2
342,BATTING,3,27050716,2141686,JCC Season 3,Box Cricket,2026-09-09,Kodai Box Cricket,Jaipur,7,13914777,Mavericks,14263394,VIKINGS,Mavericks,resulted,3 runs,1,13914777,Mavericks,40,5,11,7.0,0,5.71,0,0,0,0,0.0,0,0,0,0,1218133,Ankit,13914777,Mavericks,,,1,5,2,0,0,20.0,RHB,not out,not out,,,,,,,,,,,,,,,,,,,,,CricHeroes scorecard v2
343,BATTING,3,27050716,2141686,JCC Season 3,Box Cricket,2026-09-09,Kodai Box Cricket,Jaipur,7,13914777,Mavericks,14263394,VIKINGS,Mavericks,resulted,3 runs,2,14263394,VIKINGS,37,2,1,7.0,0,5.29,0,0,0,0,0.0,0,0,0,0,50368825,Bhairav Deep  (c),14263394,VIKINGS,,,4,10,6,0,0,40.0,RHB,c Rahul Rathore b Ankit,c Rahul Rathore b Ankit,,,,,,,,,,,,,,,,,,,,,CricHeroes scorecard v2
344,BATTING,3,27050716,2141686,JCC Season 3,Box Cricket,2026-09-09,Kodai Box Cricket,Jaipur,7,13914777,Mavericks,14263394,VIKINGS,Mavericks,resulted,3 runs,2,14263394,VIKINGS,37,2,1,7.0,0,5.29,0,0,0,0,0.0,0,0,0,0,33295238,Mahesh kumar,14263394,VIKINGS,,,17,19,20,0,1,89.47,RHB,not out,not out,,,,,,,,,,,,,,,,,,,,,CricHeroes scorecard v2
345,BATTING,3,27050716,2141686,JCC Season 3,Box Cricket,2026-09-09,Kodai Box Cricket,Jaipur,7,13914777,Mavericks,14263394,VIKINGS,Mavericks,resulted,3 runs,2,14263394,VIKINGS,37,2,1,7.0,0,5.29,0,0,0,0,0.0,0,0,0,0,6314755,Navin Gurjar,14263394,VIKINGS,,,14,10,9,0,2,140.0,RHB,c Ankit b Abhijeet Singh Shekhawat,c Ankit b Abhijeet Singh Shekhawat,,,,,,,,,,,,,,,,,,,,,CricHeroes scorecard v2
346,BATTING,3,27050716,2141686,JCC Season 3,Box Cricket,2026-09-09,Kodai Box Cricket,Jaipur,7,13914777,Mavericks,14263394,VIKINGS,Mavericks,resulted,3 runs,2,14263394,VIKINGS,37,2,1,7.0,0,5.29,0,0,0,0,0.0,0,0,0,0,1748478,Nishant Gupta,14263394,VIKINGS,,,1,3,4,0,0,33.33,RHB,not out,not out,,,,,,,,,,,,,,,,,,,,,CricHeroes scorecard v2
347,BATTING,3,27049931,2141686,JCC Season 3,Box Cricket,2026-09-09,Kodai Box Cricket,Jaipur,7,13914529,Neuro strikers,13914721,Outliers,Neuro strikers,resulted,11 runs,1,13914529,Neuro strikers,62,2,9,7.0,0,8.86,0,0,0,0,0.0,0,0,0,0,5228456,Anil Rawat,13914529,Neuro strikers,,,25,19,26,1,2,131.58,RHB,not out,not out,,,,,,,,,,,,,,,,,,,,,CricHeroes scorecard v2
348,BATTING,3,27049931,2141686,JCC Season 3,Box Cricket,2026-09-09,Kodai Box Cricket,Jaipur,7,13914529,Neuro strikers,13914721,Outliers,Neuro strikers,resulted,11 runs,1,13914529,Neuro strikers,62,2,9,7.0,0,8.86,0,0,0,0,0.0,0,0,0,0,49460120,Sagar,13914529,Neuro strikers,,,22,16,18,1,2,137.5,RHB,run out Satvik Todwal,run out Satvik Todwal,,,,,,,,,,,,,,,,,,,,,CricHeroes scorecard v2
349,BATTING,3,27049931,2141686,JCC Season 3,Box Cricket,2026-09-09,Kodai Box Cricket,Jaipur,7,13914529,Neuro strikers,13914721,Outliers,Neuro strikers,resulted,11 runs,1,13914529,Neuro strikers,62,2,9,7.0,0,8.86,0,0,0,0,0.0,0,0,0,0,7977983,Rahul  Kasliwal,13914529,Neuro strikers,,,0,2,2,0,0,0.0,RHB,c †Nitin Setia b Rudraksh,c †Nitin Setia b Rudraksh,,,,,,,,,,,,,,,,,,,,,CricHeroes scorecard v2
350,BATTING,3,27049931,2141686,JCC Season 3,Box Cricket,2026-09-09,Kodai Box Cricket,Jaipur,7,13914529,Neuro strikers,13914721,Outliers,Neuro strikers,resulted,11 runs,1,13914529,Neuro strikers,62,2,9,7.0,0,8.86,0,0,0,0,0.0,0,0,0,0,52038417,Vikas,13914529,Neuro strikers,,,6,5,4,1,0,120.0,RHB,not out,not out,,,,,,,,,,,,,,,,,,,,,CricHeroes scorecard v2
351,BATTING,3,27049931,2141686,JCC Season 3,Box Cricket,2026-09-09,Kodai Box Cricket,Jaipur,7,13914529,Neuro strikers,13914721,Outliers,Neuro strikers,resulted,11 runs,2,13914721,Outliers,51,4,6,7.0,0,7.29,0,0,0,0,0.0,0,0,0,0,50368899,Naman Mavericks  (c),13914721,Outliers,,,28,19,17,5,1,147.37,RHB,c †Dr. Gaurav b Saurabh CBI,c †Dr. Gaurav b Saurabh CBI,,,,,,,,,,,,,,,,,,,,,CricHeroes scorecard v2
352,BATTING,3,27049931,2141686,JCC Season 3,Box Cricket,2026-09-09,Kodai Box Cricket,Jaipur,7,13914529,Neuro strikers,13914721,Outliers,Neuro strikers,resulted,11 runs,2,13914721,Outliers,51,4,6,7.0,0,7.29,0,0,0,0,0.0,0,0,0,0,52957941,Madhav Sharma,13914721,Outliers,,,10,8,10,0,1,125.0,RHB,c Sunil Rajput b Sagar,c Sunil Rajput b Sagar,,,,,,,,,,,,,,,,,,,,,CricHeroes scorecard v2
353,BATTING,3,27049931,2141686,JCC Season 3,Box Cricket,2026-09-09,Kodai Box Cricket,Jaipur,7,13914529,Neuro strikers,13914721,Outliers,Neuro strikers,resulted,11 runs,2,13914721,Outliers,51,4,6,7.0,0,7.29,0,0,0,0,0.0,0,0,0,0,50368913,Rudraksh,13914721,Outliers,,,2,3,1,0,0,66.67,RHB,b Sagar,b Sagar,,,,,,,,,,,,,,,,,,,,,CricHeroes scorecard v2
354,BATTING,3,27049931,2141686,JCC Season 3,Box Cricket,2026-09-09,Kodai Box Cricket,Jaipur,7,13914529,Neuro strikers,13914721,Outliers,Neuro strikers,resulted,11 runs,2,13914721,Outliers,51,4,6,7.0,0,7.29,0,0,0,0,0.0,0,0,0,0,52957809,Siddharth Rao Jcc,13914721,Outliers,,,3,9,11,0,0,33.33,RHB,run out Rahul  Kasliwal / † Dr. Gaurav,run out Rahul  Kasliwal / † Dr. Gaurav,,,,,,,,,,,,,,,,,,,,,CricHeroes scorecard v2
355,BATTING,3,27049931,2141686,JCC Season 3,Box Cricket,2026-09-09,Kodai Box Cricket,Jaipur,7,13914529,Neuro strikers,13914721,Outliers,Neuro strikers,resulted,11 runs,2,13914721,Outliers,51,4,6,7.0,0,7.29,0,0,0,0,0.0,0,0,0,0,21015521,Satvik Todwal,13914721,Outliers,,,2,4,5,0,0,50.0,RHB,not out,not out,,,,,,,,,,,,,,,,,,,,,CricHeroes scorecard v2
356,BATTING,3,26739667,2141686,JCC Season 3,Box Cricket,2026-08-21,Kodai Box Cricket,Jaipur,7,14263394,VIKINGS,13914529,Neuro strikers,VIKINGS,resulted,16 runs,1,14263394,VIKINGS,66,3,9,7.0,0,9.43,0,0,0,0,0.0,0,0,0,0,50368825,Bhairav Deep  (c),14263394,VIKINGS,,,17,14,14,3,0,121.43,RHB,c Anil Rawat b Saurabh CBI,c Anil Rawat b Saurabh CBI,,,,,,,,,,,,,,,,,,,,,CricHeroes scorecard v2
357,BATTING,3,26739667,2141686,JCC Season 3,Box Cricket,2026-08-21,Kodai Box Cricket,Jaipur,7,14263394,VIKINGS,13914529,Neuro strikers,VIKINGS,resulted,16 runs,1,14263394,VIKINGS,66,3,9,7.0,0,9.43,0,0,0,0,0.0,0,0,0,0,53313171,Bhaskar Rathore,14263394,VIKINGS,,,2,7,11,0,0,28.57,,c Saurabh CBI b Sagar,c Saurabh CBI b Sagar,,,,,,,,,,,,,,,,,,,,,CricHeroes scorecard v2
358,BATTING,3,26739667,2141686,JCC Season 3,Box Cricket,2026-08-21,Kodai Box Cricket,Jaipur,7,14263394,VIKINGS,13914529,Neuro strikers,VIKINGS,resulted,16 runs,1,14263394,VIKINGS,66,3,9,7.0,0,9.43,0,0,0,0,0.0,0,0,0,0,38946978,Yash Pareek,14263394,VIKINGS,,,8,11,11,0,0,72.73,LHB,run out Sagar / Dr. Gaurav,run out Sagar / Dr. Gaurav,,,,,,,,,,,,,,,,,,,,,CricHeroes scorecard v2
359,BATTING,3,26739667,2141686,JCC Season 3,Box Cricket,2026-08-21,Kodai Box Cricket,Jaipur,7,14263394,VIKINGS,13914529,Neuro strikers,VIKINGS,resulted,16 runs,1,14263394,VIKINGS,66,3,9,7.0,0,9.43,0,0,0,0,0.0,0,0,0,0,6314755,Navin Gurjar,14263394,VIKINGS,,,23,11,10,0,3,209.09,RHB,not out,not out,,,,,,,,,,,,,,,,,,,,,CricHeroes scorecard v2
360,BATTING,3,26739667,2141686,JCC Season 3,Box Cricket,2026-08-21,Kodai Box Cricket,Jaipur,7,14263394,VIKINGS,13914529,Neuro strikers,VIKINGS,resulted,16 runs,1,14263394,VIKINGS,66,3,9,7.0,0,9.43,0,0,0,0,0.0,0,0,0,0,1748478,Nishant Gupta,14263394,VIKINGS,,,7,2,1,0,1,350.0,RHB,not out,not out,,,,,,,,,,,,,,,,,,,,,CricHeroes scorecard v2
361,BATTING,3,26739667,2141686,JCC Season 3,Box Cricket,2026-08-21,Kodai Box Cricket,Jaipur,7,14263394,VIKINGS,13914529,Neuro strikers,VIKINGS,resulted,16 runs,2,13914529,Neuro strikers,50,3,7,7.0,0,7.14,0,0,0,0,0.0,0,0,0,0,5228456,Anil Rawat,13914529,Neuro strikers,,,6,4,1,0,1,150.0,RHB,c Prashant Ramchandani b Yash Pareek,c Prashant Ramchandani b Yash Pareek,,,,,,,,,,,,,,,,,,,,,CricHeroes scorecard v2
362,BATTING,3,26739667,2141686,JCC Season 3,Box Cricket,2026-08-21,Kodai Box Cricket,Jaipur,7,14263394,VIKINGS,13914529,Neuro strikers,VIKINGS,resulted,16 runs,2,13914529,Neuro strikers,50,3,7,7.0,0,7.14,0,0,0,0,0.0,0,0,0,0,49460120,Sagar,13914529,Neuro strikers,,,8,5,8,0,1,160.0,RHB,c Bhairav Deep b Bhaskar Rathore,c Bhairav Deep b Bhaskar Rathore,,,,,,,,,,,,,,,,,,,,,CricHeroes scorecard v2
363,BATTING,3,26739667,2141686,JCC Season 3,Box Cricket,2026-08-21,Kodai Box Cricket,Jaipur,7,14263394,VIKINGS,13914529,Neuro strikers,VIKINGS,resulted,16 runs,2,13914529,Neuro strikers,50,3,7,7.0,0,7.14,0,0,0,0,0.0,0,0,0,0,52760329,Jaivardhan Pathak,13914529,Neuro strikers,,,23,23,18,0,3,100.0,RHB,not out,not out,,,,,,,,,,,,,,,,,,,,,CricHeroes scorecard v2
364,BATTING,3,26739667,2141686,JCC Season 3,Box Cricket,2026-08-21,Kodai Box Cricket,Jaipur,7,14263394,VIKINGS,13914529,Neuro strikers,VIKINGS,resulted,16 runs,2,13914529,Neuro strikers,50,3,7,7.0,0,7.14,0,0,0,0,0.0,0,0,0,0,41945456,Saurabh CBI  (c),13914529,Neuro strikers,,,0,1,2,0,0,0.0,RHB,c Prashant Ramchandani b Yash Pareek,c Prashant Ramchandani b Yash Pareek,,,,,,,,,,,,,,,,,,,,,CricHeroes scorecard v2
365,BATTING,3,26739667,2141686,JCC Season 3,Box Cricket,2026-08-21,Kodai Box Cricket,Jaipur,7,14263394,VIKINGS,13914529,Neuro strikers,VIKINGS,resulted,16 runs,2,13914529,Neuro strikers,50,3,7,7.0,0,7.14,0,0,0,0,0.0,0,0,0,0,52038417,Vikas,13914529,Neuro strikers,,,6,11,8,1,0,54.55,RHB,not out,not out,,,,,,,,,,,,,,,,,,,,,CricHeroes scorecard v2
366,BATTING,3,26738741,2141686,JCC Season 3,Box Cricket,2026-08-21,Kodai Box Cricket,Jaipur,7,14263394,VIKINGS,13914721,Outliers,VIKINGS,resulted,19 runs,1,14263394,VIKINGS,72,4,12,7.0,0,10.29,0,0,0,0,0.0,0,0,0,0,50368825,Bhairav Deep  (c),14263394,VIKINGS,,,8,5,8,0,1,160.0,RHB,c Krshna b Madhav Sharma,c Krshna b Madhav Sharma,,,,,,,,,,,,,,,,,,,,,CricHeroes scorecard v2
367,BATTING,3,26738741,2141686,JCC Season 3,Box Cricket,2026-08-21,Kodai Box Cricket,Jaipur,7,14263394,VIKINGS,13914721,Outliers,VIKINGS,resulted,19 runs,1,14263394,VIKINGS,72,4,12,7.0,0,10.29,0,0,0,0,0.0,0,0,0,0,53313171,Bhaskar Rathore,14263394,VIKINGS,,,0,2,6,0,0,0.0,,run out Naman Mavericks,run out Naman Mavericks,,,,,,,,,,,,,,,,,,,,,CricHeroes scorecard v2
368,BATTING,3,26738741,2141686,JCC Season 3,Box Cricket,2026-08-21,Kodai Box Cricket,Jaipur,7,14263394,VIKINGS,13914721,Outliers,VIKINGS,resulted,19 runs,1,14263394,VIKINGS,72,4,12,7.0,0,10.29,0,0,0,0,0.0,0,0,0,0,1748478,Nishant Gupta,14263394,VIKINGS,,,6,4,9,1,0,150.0,RHB,run out Madhav Sharma,run out Madhav Sharma,,,,,,,,,,,,,,,,,,,,,CricHeroes scorecard v2
369,BATTING,3,26738741,2141686,JCC Season 3,Box Cricket,2026-08-21,Kodai Box Cricket,Jaipur,7,14263394,VIKINGS,13914721,Outliers,VIKINGS,resulted,19 runs,1,14263394,VIKINGS,72,4,12,7.0,0,10.29,0,0,0,0,0.0,0,0,0,0,38946978,Yash Pareek,14263394,VIKINGS,,,27,19,15,1,3,142.11,LHB,c Naman Mavericks b Madhav Sharma,c Naman Mavericks b Madhav Sharma,,,,,,,,,,,,,,,,,,,,,CricHeroes scorecard v2
370,BATTING,3,26738741,2141686,JCC Season 3,Box Cricket,2026-08-21,Kodai Box Cricket,Jaipur,7,14263394,VIKINGS,13914721,Outliers,VIKINGS,resulted,19 runs,1,14263394,VIKINGS,72,4,12,7.0,0,10.29,0,0,0,0,0.0,0,0,0,0,6314755,Navin Gurjar,14263394,VIKINGS,,,18,12,13,1,1,150.0,RHB,not out,not out,,,,,,,,,,,,,,,,,,,,,CricHeroes scorecard v2
371,BATTING,3,26738741,2141686,JCC Season 3,Box Cricket,2026-08-21,Kodai Box Cricket,Jaipur,7,14263394,VIKINGS,13914721,Outliers,VIKINGS,resulted,19 runs,1,14263394,VIKINGS,72,4,12,7.0,0,10.29,0,0,0,0,0.0,0,0,0,0,9429841,Opal,14263394,VIKINGS,,,1,1,4,0,0,100.0,RHB,not out,not out,,,,,,,,,,,,,,,,,,,,,CricHeroes scorecard v2
372,BATTING,3,26738741,2141686,JCC Season 3,Box Cricket,2026-08-21,Kodai Box Cricket,Jaipur,7,14263394,VIKINGS,13914721,Outliers,VIKINGS,resulted,19 runs,2,13914721,Outliers,53,5,6,7.0,0,7.57,0,0,0,0,0.0,0,0,0,0,50368899,Naman Mavericks  (c),13914721,Outliers,,,11,5,6,1,1,220.0,RHB,run out Yash Pareek,run out Yash Pareek,,,,,,,,,,,,,,,,,,,,,CricHeroes scorecard v2
373,BATTING,3,26738741,2141686,JCC Season 3,Box Cricket,2026-08-21,Kodai Box Cricket,Jaipur,7,14263394,VIKINGS,13914721,Outliers,VIKINGS,resulted,19 runs,2,13914721,Outliers,53,5,6,7.0,0,7.57,0,0,0,0,0.0,0,0,0,0,52957809,Siddharth Rao Jcc,13914721,Outliers,,,8,11,9,0,0,72.73,RHB,b Yash Pareek,b Yash Pareek,,,,,,,,,,,,,,,,,,,,,CricHeroes scorecard v2
374,BATTING,3,26738741,2141686,JCC Season 3,Box Cricket,2026-08-21,Kodai Box Cricket,Jaipur,7,14263394,VIKINGS,13914721,Outliers,VIKINGS,resulted,19 runs,2,13914721,Outliers,53,5,6,7.0,0,7.57,0,0,0,0,0.0,0,0,0,0,52957941,Madhav Sharma,13914721,Outliers,,,16,7,9,1,1,228.57,RHB,c Nishant Gupta b Navin Gurjar,c Nishant Gupta b Navin Gurjar,,,,,,,,,,,,,,,,,,,,,CricHeroes scorecard v2
375,BATTING,3,26738741,2141686,JCC Season 3,Box Cricket,2026-08-21,Kodai Box Cricket,Jaipur,7,14263394,VIKINGS,13914721,Outliers,VIKINGS,resulted,19 runs,2,13914721,Outliers,53,5,6,7.0,0,7.57,0,0,0,0,0.0,0,0,0,0,50368913,Rudraksh,13914721,Outliers,,,4,6,3,1,0,66.67,RHB,c Nishant Gupta b Bhaskar Rathore,c Nishant Gupta b Bhaskar Rathore,,,,,,,,,,,,,,,,,,,,,CricHeroes scorecard v2
376,BATTING,3,26738741,2141686,JCC Season 3,Box Cricket,2026-08-21,Kodai Box Cricket,Jaipur,7,14263394,VIKINGS,13914721,Outliers,VIKINGS,resulted,19 runs,2,13914721,Outliers,53,5,6,7.0,0,7.57,0,0,0,0,0.0,0,0,0,0,21015521,Satvik Todwal,13914721,Outliers,,,4,7,9,1,0,57.14,RHB,not out,not out,,,,,,,,,,,,,,,,,,,,,CricHeroes scorecard v2
377,BATTING,3,26738741,2141686,JCC Season 3,Box Cricket,2026-08-21,Kodai Box Cricket,Jaipur,7,14263394,VIKINGS,13914721,Outliers,VIKINGS,resulted,19 runs,2,13914721,Outliers,53,5,6,7.0,0,7.57,0,0,0,0,0.0,0,0,0,0,15803869,Nitin Setia,13914721,Outliers,,,4,6,6,0,0,66.67,RHB,c Navin Gurjar b Opal,c Navin Gurjar b Opal,,,,,,,,,,,,,,,,,,,,,CricHeroes scorecard v2
378,BATTING,3,26738741,2141686,JCC Season 3,Box Cricket,2026-08-21,Kodai Box Cricket,Jaipur,7,14263394,VIKINGS,13914721,Outliers,VIKINGS,resulted,19 runs,2,13914721,Outliers,53,5,6,7.0,0,7.57,0,0,0,0,0.0,0,0,0,0,52038452,Krshna,13914721,Outliers,,,0,1,1,0,0,0.0,RHB,not out,not out,,,,,,,,,,,,,,,,,,,,,CricHeroes scorecard v2
379,BATTING,3,26738090,2141686,JCC Season 3,Box Cricket,2026-08-21,Kodai Box Cricket,Jaipur,7,13914777,Mavericks,13914529,Neuro strikers,Neuro strikers,resulted,5 wickets,1,13914777,Mavericks,40,3,6,7.0,0,5.71,0,0,0,0,0.0,0,0,0,0,45916629,Rohit Rathore,13914777,Mavericks,,,23,12,11,2,2,191.67,RHB,c Jaivardhan Pathak b Anil Rawat,c Jaivardhan Pathak b Anil Rawat,,,,,,,,,,,,,,,,,,,,,CricHeroes scorecard v2
380,BATTING,3,26738090,2141686,JCC Season 3,Box Cricket,2026-08-21,Kodai Box Cricket,Jaipur,7,13914777,Mavericks,13914529,Neuro strikers,Neuro strikers,resulted,5 wickets,1,13914777,Mavericks,40,3,6,7.0,0,5.71,0,0,0,0,0.0,0,0,0,0,565841,Harish Jangid,13914777,Mavericks,,,2,6,7,0,0,33.33,RHB,b Vikas,b Vikas,,,,,,,,,,,,,,,,,,,,,CricHeroes scorecard v2
381,BATTING,3,26738090,2141686,JCC Season 3,Box Cricket,2026-08-21,Kodai Box Cricket,Jaipur,7,13914777,Mavericks,13914529,Neuro strikers,Neuro strikers,resulted,5 wickets,1,13914777,Mavericks,40,3,6,7.0,0,5.71,0,0,0,0,0.0,0,0,0,0,3217470,Rahul Rathore,13914777,Mavericks,,,4,15,12,1,0,26.67,RHB,c †Dr. Gaurav b Saurabh CBI,c †Dr. Gaurav b Saurabh CBI,,,,,,,,,,,,,,,,,,,,,CricHeroes scorecard v2
382,BATTING,3,26738090,2141686,JCC Season 3,Box Cricket,2026-08-21,Kodai Box Cricket,Jaipur,7,13914777,Mavericks,13914529,Neuro strikers,Neuro strikers,resulted,5 wickets,1,13914777,Mavericks,40,3,6,7.0,0,5.71,0,0,0,0,0.0,0,0,0,0,49460259,Nitesh  (c & wk),13914777,Mavericks,,,4,8,8,0,0,50.0,RHB,not out,not out,,,,,,,,,,,,,,,,,,,,,CricHeroes scorecard v2
383,BATTING,3,26738090,2141686,JCC Season 3,Box Cricket,2026-08-21,Kodai Box Cricket,Jaipur,7,13914777,Mavericks,13914529,Neuro strikers,Neuro strikers,resulted,5 wickets,1,13914777,Mavericks,40,3,6,7.0,0,5.71,0,0,0,0,0.0,0,0,0,0,8131458,Lakshay,13914777,Mavericks,,,1,1,1,0,0,100.0,RHB,not out,not out,,,,,,,,,,,,,,,,,,,,,CricHeroes scorecard v2
384,BATTING,3,26738090,2141686,JCC Season 3,Box Cricket,2026-08-21,Kodai Box Cricket,Jaipur,7,13914777,Mavericks,13914529,Neuro strikers,Neuro strikers,resulted,5 wickets,2,13914529,Neuro strikers,44,2,2,5.4,0,7.76,0,0,0,0,0.0,0,0,0,0,5228456,Anil Rawat,13914529,Neuro strikers,,,16,10,12,2,1,160.0,RHB,c Harish Jangid b Abhijeet Singh Shekhawat,c Harish Jangid b Abhijeet Singh Shekhawat,,,,,,,,,,,,,,,,,,,,,CricHeroes scorecard v2
385,BATTING,3,26738090,2141686,JCC Season 3,Box Cricket,2026-08-21,Kodai Box Cricket,Jaipur,7,13914777,Mavericks,13914529,Neuro strikers,Neuro strikers,resulted,5 wickets,2,13914529,Neuro strikers,44,2,2,5.4,0,7.76,0,0,0,0,0.0,0,0,0,0,49460120,Sagar,13914529,Neuro strikers,,,0,3,1,0,0,0.0,RHB,c †Nitesh b Ankit,c †Nitesh b Ankit,,,,,,,,,,,,,,,,,,,,,CricHeroes scorecard v2
386,BATTING,3,26738090,2141686,JCC Season 3,Box Cricket,2026-08-21,Kodai Box Cricket,Jaipur,7,13914777,Mavericks,13914529,Neuro strikers,Neuro strikers,resulted,5 wickets,2,13914529,Neuro strikers,44,2,2,5.4,0,7.76,0,0,0,0,0.0,0,0,0,0,52038417,Vikas,13914529,Neuro strikers,,,14,17,12,2,1,82.35,RHB,not out,not out,,,,,,,,,,,,,,,,,,,,,CricHeroes scorecard v2
387,BATTING,3,26738090,2141686,JCC Season 3,Box Cricket,2026-08-21,Kodai Box Cricket,Jaipur,7,13914777,Mavericks,13914529,Neuro strikers,Neuro strikers,resulted,5 wickets,2,13914529,Neuro strikers,44,2,2,5.4,0,7.76,0,0,0,0,0.0,0,0,0,0,52760329,Jaivardhan Pathak,13914529,Neuro strikers,,,12,4,2,0,2,300.0,RHB,not out,not out,,,,,,,,,,,,,,,,,,,,,CricHeroes scorecard v2
388,BATTING,3,26737213,2141686,JCC Season 3,Box Cricket,2026-08-21,Kodai Box Cricket,Jaipur,7,13914777,Mavericks,13914721,Outliers,Mavericks,resulted,32 runs,1,13914777,Mavericks,83,1,4,7.0,0,11.86,0,0,0,0,0.0,0,0,0,0,45916629,Rohit Rathore,13914777,Mavericks,,,5,9,8,0,0,55.56,RHB,c Satvik Todwal b Naman Mavericks,c Satvik Todwal b Naman Mavericks,,,,,,,,,,,,,,,,,,,,,CricHeroes scorecard v2
389,BATTING,3,26737213,2141686,JCC Season 3,Box Cricket,2026-08-21,Kodai Box Cricket,Jaipur,7,13914777,Mavericks,13914721,Outliers,Mavericks,resulted,32 runs,1,13914777,Mavericks,83,1,4,7.0,0,11.86,0,0,0,0,0.0,0,0,0,0,565841,Harish Jangid,13914777,Mavericks,,,54,22,23,3,5,245.45,RHB,not out,not out,,,,,,,,,,,,,,,,,,,,,CricHeroes scorecard v2
390,BATTING,3,26737213,2141686,JCC Season 3,Box Cricket,2026-08-21,Kodai Box Cricket,Jaipur,7,13914777,Mavericks,13914721,Outliers,Mavericks,resulted,32 runs,1,13914777,Mavericks,83,1,4,7.0,0,11.86,0,0,0,0,0.0,0,0,0,0,3217470,Rahul Rathore,13914777,Mavericks,,,20,12,14,2,1,166.67,RHB,not out,not out,,,,,,,,,,,,,,,,,,,,,CricHeroes scorecard v2
391,BATTING,3,26737213,2141686,JCC Season 3,Box Cricket,2026-08-21,Kodai Box Cricket,Jaipur,7,13914777,Mavericks,13914721,Outliers,Mavericks,resulted,32 runs,2,13914721,Outliers,51,1,8,7.0,0,7.29,0,0,0,0,0.0,0,0,0,0,50368913,Rudraksh,13914721,Outliers,,,25,26,20,2,2,96.15,RHB,not out,not out,,,,,,,,,,,,,,,,,,,,,CricHeroes scorecard v2
392,BATTING,3,26737213,2141686,JCC Season 3,Box Cricket,2026-08-21,Kodai Box Cricket,Jaipur,7,13914777,Mavericks,13914721,Outliers,Mavericks,resulted,32 runs,2,13914721,Outliers,51,1,8,7.0,0,7.29,0,0,0,0,0.0,0,0,0,0,52957941,Madhav Sharma,13914721,Outliers,,,0,1,3,0,0,0.0,RHB,c Harish Jangid b Ankit,c Harish Jangid b Ankit,,,,,,,,,,,,,,,,,,,,,CricHeroes scorecard v2
393,BATTING,3,26737213,2141686,JCC Season 3,Box Cricket,2026-08-21,Kodai Box Cricket,Jaipur,7,13914777,Mavericks,13914721,Outliers,Mavericks,resulted,32 runs,2,13914721,Outliers,51,1,8,7.0,0,7.29,0,0,0,0,0.0,0,0,0,0,50368899,Naman Mavericks  (c),13914721,Outliers,,,18,17,17,2,1,105.88,RHB,not out,not out,,,,,,,,,,,,,,,,,,,,,CricHeroes scorecard v2
394,BATTING,3,26619577,2141686,JCC Season 3,Box Cricket,2026-08-14,Kodai Box Cricket,Jaipur,7,13914721,Outliers,13914529,Neuro strikers,Neuro strikers,resulted,7 wickets,1,13914721,Outliers,26,3,6,7.0,0,3.71,0,0,0,0,0.0,0,0,0,0,52957941,Madhav Sharma,13914721,Outliers,,,2,6,2,0,0,33.33,RHB,c Sunil Rajput b Sanjeev upadhyaya,c Sunil Rajput b Sanjeev upadhyaya,,,,,,,,,,,,,,,,,,,,,CricHeroes scorecard v2
395,BATTING,3,26619577,2141686,JCC Season 3,Box Cricket,2026-08-14,Kodai Box Cricket,Jaipur,7,13914721,Outliers,13914529,Neuro strikers,Neuro strikers,resulted,7 wickets,1,13914721,Outliers,26,3,6,7.0,0,3.71,0,0,0,0,0.0,0,0,0,0,52038452,Krshna,13914721,Outliers,,,1,10,8,0,0,10.0,,retired hurt,retired hurt,,,,,,,,,,,,,,,,,,,,,CricHeroes scorecard v2
396,BATTING,3,26619577,2141686,JCC Season 3,Box Cricket,2026-08-14,Kodai Box Cricket,Jaipur,7,13914721,Outliers,13914529,Neuro strikers,Neuro strikers,resulted,7 wickets,1,13914721,Outliers,26,3,6,7.0,0,3.71,0,0,0,0,0.0,0,0,0,0,50368913,Rudraksh,13914721,Outliers,,,14,15,14,1,1,93.33,RHB,c †Dr. Gaurav b Dhruv Paliwal,c †Dr. Gaurav b Dhruv Paliwal,,,,,,,,,,,,,,,,,,,,,CricHeroes scorecard v2
397,BATTING,3,26619577,2141686,JCC Season 3,Box Cricket,2026-08-14,Kodai Box Cricket,Jaipur,7,13914721,Outliers,13914529,Neuro strikers,Neuro strikers,resulted,7 wickets,1,13914721,Outliers,26,3,6,7.0,0,3.71,0,0,0,0,0.0,0,0,0,0,50368899,Naman Mavericks  (c),13914721,Outliers,,,2,4,7,0,0,50.0,RHB,run out Sagar,run out Sagar,,,,,,,,,,,,,,,,,,,,,CricHeroes scorecard v2
398,BATTING,3,26619577,2141686,JCC Season 3,Box Cricket,2026-08-14,Kodai Box Cricket,Jaipur,7,13914721,Outliers,13914529,Neuro strikers,Neuro strikers,resulted,7 wickets,1,13914721,Outliers,26,3,6,7.0,0,3.71,0,0,0,0,0.0,0,0,0,0,52957809,Siddharth Rao Jcc,13914721,Outliers,,,1,2,5,0,0,50.0,RHB,not out,not out,,,,,,,,,,,,,,,,,,,,,CricHeroes scorecard v2
399,BATTING,3,26619577,2141686,JCC Season 3,Box Cricket,2026-08-14,Kodai Box Cricket,Jaipur,7,13914721,Outliers,13914529,Neuro strikers,Neuro strikers,resulted,7 wickets,1,13914721,Outliers,26,3,6,7.0,0,3.71,0,0,0,0,0.0,0,0,0,0,39517868,Aarav Khurana,13914721,Outliers,,,0,5,4,0,0,0.0,RHB,not out,not out,,,,,,,,,,,,,,,,,,,,,CricHeroes scorecard v2
400,BATTING,3,26619577,2141686,JCC Season 3,Box Cricket,2026-08-14,Kodai Box Cricket,Jaipur,7,13914721,Outliers,13914529,Neuro strikers,Neuro strikers,resulted,7 wickets,2,13914529,Neuro strikers,30,0,2,2.1,0,13.85,0,0,0,0,0.0,0,0,0,0,5228456,Anil Rawat,13914529,Neuro strikers,,,20,8,5,0,3,250.0,RHB,not out,not out,,,,,,,,,,,,,,,,,,,,,CricHeroes scorecard v2
401,BATTING,3,26619577,2141686,JCC Season 3,Box Cricket,2026-08-14,Kodai Box Cricket,Jaipur,7,13914721,Outliers,13914529,Neuro strikers,Neuro strikers,resulted,7 wickets,2,13914529,Neuro strikers,30,0,2,2.1,0,13.85,0,0,0,0,0.0,0,0,0,0,4807250,Dr. Gaurav  (wk),13914529,Neuro strikers,,,8,6,5,0,1,133.33,RHB,not out,not out,,,,,,,,,,,,,,,,,,,,,CricHeroes scorecard v2
402,BATTING,3,26618736,2141686,JCC Season 3,Box Cricket,2026-08-14,Kodai Box Cricket,Jaipur,7,14263394,VIKINGS,13914529,Neuro strikers,Neuro strikers,resulted,3 wickets,1,14263394,VIKINGS,49,4,5,7.0,0,7.0,0,0,0,0,0.0,0,0,0,0,33295238,Mahesh kumar,14263394,VIKINGS,,,18,11,8,1,2,163.64,RHB,c Sagar b Dhruv Paliwal,c Sagar b Dhruv Paliwal,,,,,,,,,,,,,,,,,,,,,CricHeroes scorecard v2
403,BATTING,3,26618736,2141686,JCC Season 3,Box Cricket,2026-08-14,Kodai Box Cricket,Jaipur,7,14263394,VIKINGS,13914529,Neuro strikers,Neuro strikers,resulted,3 wickets,1,14263394,VIKINGS,49,4,5,7.0,0,7.0,0,0,0,0,0.0,0,0,0,0,50368825,Bhairav Deep  (c),14263394,VIKINGS,,,14,22,22,0,1,63.64,RHB,run out Anil Rawat / Dr. Gaurav,run out Anil Rawat / Dr. Gaurav,,,,,,,,,,,,,,,,,,,,,CricHeroes scorecard v2
404,BATTING,3,26618736,2141686,JCC Season 3,Box Cricket,2026-08-14,Kodai Box Cricket,Jaipur,7,14263394,VIKINGS,13914529,Neuro strikers,Neuro strikers,resulted,3 wickets,1,14263394,VIKINGS,49,4,5,7.0,0,7.0,0,0,0,0,0.0,0,0,0,0,6314755,Navin Gurjar,14263394,VIKINGS,,,5,4,6,1,0,125.0,RHB,run out Sunil Rajput / Rahul  Kasliwal,run out Sunil Rajput / Rahul  Kasliwal,,,,,,,,,,,,,,,,,,,,,CricHeroes scorecard v2
405,BATTING,3,26618736,2141686,JCC Season 3,Box Cricket,2026-08-14,Kodai Box Cricket,Jaipur,7,14263394,VIKINGS,13914529,Neuro strikers,Neuro strikers,resulted,3 wickets,1,14263394,VIKINGS,49,4,5,7.0,0,7.0,0,0,0,0,0.0,0,0,0,0,38946978,Yash Pareek,14263394,VIKINGS,,,1,5,3,0,0,20.0,LHB,run out Dr. Gaurav,run out Dr. Gaurav,,,,,,,,,,,,,,,,,,,,,CricHeroes scorecard v2
406,BATTING,3,26618736,2141686,JCC Season 3,Box Cricket,2026-08-14,Kodai Box Cricket,Jaipur,7,14263394,VIKINGS,13914529,Neuro strikers,Neuro strikers,resulted,3 wickets,1,14263394,VIKINGS,49,4,5,7.0,0,7.0,0,0,0,0,0.0,0,0,0,0,1748478,Nishant Gupta,14263394,VIKINGS,,,6,2,2,0,1,300.0,RHB,not out,not out,,,,,,,,,,,,,,,,,,,,,CricHeroes scorecard v2
407,BATTING,3,26618736,2141686,JCC Season 3,Box Cricket,2026-08-14,Kodai Box Cricket,Jaipur,7,14263394,VIKINGS,13914529,Neuro strikers,Neuro strikers,resulted,3 wickets,2,13914529,Neuro strikers,50,4,11,6.5,0,7.32,0,0,0,0,0.0,0,0,0,0,5228456,Anil Rawat,13914529,Neuro strikers,,,11,19,23,0,1,57.89,RHB,b Navin Gurjar,b Navin Gurjar,,,,,,,,,,,,,,,,,,,,,CricHeroes scorecard v2
408,BATTING,3,26618736,2141686,JCC Season 3,Box Cricket,2026-08-14,Kodai Box Cricket,Jaipur,7,14263394,VIKINGS,13914529,Neuro strikers,Neuro strikers,resulted,3 wickets,2,13914529,Neuro strikers,50,4,11,6.5,0,7.32,0,0,0,0,0.0,0,0,0,0,49460120,Sagar,13914529,Neuro strikers,,,25,18,17,3,1,138.89,RHB,c Mahesh kumar b Bhaskar Rathore,c Mahesh kumar b Bhaskar Rathore,,,,,,,,,,,,,,,,,,,,,CricHeroes scorecard v2
409,BATTING,3,26618736,2141686,JCC Season 3,Box Cricket,2026-08-14,Kodai Box Cricket,Jaipur,7,14263394,VIKINGS,13914529,Neuro strikers,Neuro strikers,resulted,3 wickets,2,13914529,Neuro strikers,50,4,11,6.5,0,7.32,0,0,0,0,0.0,0,0,0,0,7977983,Rahul  Kasliwal,13914529,Neuro strikers,,,1,1,3,0,0,100.0,RHB,run out Mahesh kumar,run out Mahesh kumar,,,,,,,,,,,,,,,,,,,,,CricHeroes scorecard v2
410,BATTING,3,26618736,2141686,JCC Season 3,Box Cricket,2026-08-14,Kodai Box Cricket,Jaipur,7,14263394,VIKINGS,13914529,Neuro strikers,Neuro strikers,resulted,3 wickets,2,13914529,Neuro strikers,50,4,11,6.5,0,7.32,0,0,0,0,0.0,0,0,0,0,41945456,Saurabh CBI  (c),13914529,Neuro strikers,,,0,1,1,0,0,0.0,RHB,c Nishant Gupta b Navin Gurjar,c Nishant Gupta b Navin Gurjar,,,,,,,,,,,,,,,,,,,,,CricHeroes scorecard v2
411,BATTING,3,26618736,2141686,JCC Season 3,Box Cricket,2026-08-14,Kodai Box Cricket,Jaipur,7,14263394,VIKINGS,13914529,Neuro strikers,Neuro strikers,resulted,3 wickets,2,13914529,Neuro strikers,50,4,11,6.5,0,7.32,0,0,0,0,0.0,0,0,0,0,31438284,Dhruv Paliwal,13914529,Neuro strikers,,,1,1,2,0,0,100.0,RHB,not out,not out,,,,,,,,,,,,,,,,,,,,,CricHeroes scorecard v2
412,BATTING,3,26618736,2141686,JCC Season 3,Box Cricket,2026-08-14,Kodai Box Cricket,Jaipur,7,14263394,VIKINGS,13914529,Neuro strikers,Neuro strikers,resulted,3 wickets,2,13914529,Neuro strikers,50,4,11,6.5,0,7.32,0,0,0,0,0.0,0,0,0,0,4807250,Dr. Gaurav,13914529,Neuro strikers,,,1,1,1,0,0,100.0,RHB,not out,not out,,,,,,,,,,,,,,,,,,,,,CricHeroes scorecard v2
413,BATTING,3,26618296,2141686,JCC Season 3,Box Cricket,2026-08-14,Kodai Box Cricket,Jaipur,7,13914777,Mavericks,13914721,Outliers,Outliers,resulted,6 wickets,1,13914777,Mavericks,20,2,3,7.0,0,2.86,0,0,0,0,0.0,0,0,0,0,8131458,Lakshay,13914777,Mavericks,,,13,22,21,1,1,59.09,RHB,not out,not out,,,,,,,,,,,,,,,,,,,,,CricHeroes scorecard v2
414,BATTING,3,26618296,2141686,JCC Season 3,Box Cricket,2026-08-14,Kodai Box Cricket,Jaipur,7,13914777,Mavericks,13914721,Outliers,Outliers,resulted,6 wickets,1,13914777,Mavericks,20,2,3,7.0,0,2.86,0,0,0,0,0.0,0,0,0,0,49460259,Nitesh  (c),13914777,Mavericks,,,3,13,9,0,0,23.08,RHB,c Naman Mavericks b Siddharth Rao Jcc,c Naman Mavericks b Siddharth Rao Jcc,,,,,,,,,,,,,,,,,,,,,CricHeroes scorecard v2
415,BATTING,3,26618296,2141686,JCC Season 3,Box Cricket,2026-08-14,Kodai Box Cricket,Jaipur,7,13914777,Mavericks,13914721,Outliers,Outliers,resulted,6 wickets,1,13914777,Mavericks,20,2,3,7.0,0,2.86,0,0,0,0,0.0,0,0,0,0,1218133,Ankit,13914777,Mavericks,,,0,2,2,0,0,0.0,RHB,b Madhav Sharma,b Madhav Sharma,,,,,,,,,,,,,,,,,,,,,CricHeroes scorecard v2
416,BATTING,3,26618296,2141686,JCC Season 3,Box Cricket,2026-08-14,Kodai Box Cricket,Jaipur,7,13914777,Mavericks,13914721,Outliers,Outliers,resulted,6 wickets,1,13914777,Mavericks,20,2,3,7.0,0,2.86,0,0,0,0,0.0,0,0,0,0,52038035,Sarthak Rathore ,13914777,Mavericks,,,1,5,9,0,0,20.0,RHB,not out,not out,,,,,,,,,,,,,,,,,,,,,CricHeroes scorecard v2
417,BATTING,3,26618296,2141686,JCC Season 3,Box Cricket,2026-08-14,Kodai Box Cricket,Jaipur,7,13914777,Mavericks,13914721,Outliers,Outliers,resulted,6 wickets,2,13914721,Outliers,21,0,2,1.2,0,15.75,0,0,0,0,0.0,0,0,0,0,52957941,Madhav Sharma,13914721,Outliers,,,19,8,2,0,3,237.5,RHB,not out,not out,,,,,,,,,,,,,,,,,,,,,CricHeroes scorecard v2
418,BATTING,3,26618296,2141686,JCC Season 3,Box Cricket,2026-08-14,Kodai Box Cricket,Jaipur,7,13914777,Mavericks,13914721,Outliers,Outliers,resulted,6 wickets,2,13914721,Outliers,21,0,2,1.2,0,15.75,0,0,0,0,0.0,0,0,0,0,52038452,Krshna,13914721,Outliers,,,0,0,2,0,0,0.0,,not out,not out,,,,,,,,,,,,,,,,,,,,,CricHeroes scorecard v2
419,BATTING,3,26617337,2141686,JCC Season 3,Box Cricket,2026-08-14,Kodai Box Cricket,Jaipur,7,13914777,Mavericks,14263394,VIKINGS,VIKINGS,resulted,6 wickets,1,13914777,Mavericks,49,4,12,7.0,0,7.0,0,0,0,0,0.0,0,0,0,0,3217470,Rahul Rathore,13914777,Mavericks,,,2,6,5,0,0,33.33,RHB,run out Bhaskar Rathore,run out Bhaskar Rathore,,,,,,,,,,,,,,,,,,,,,CricHeroes scorecard v2
420,BATTING,3,26617337,2141686,JCC Season 3,Box Cricket,2026-08-14,Kodai Box Cricket,Jaipur,7,13914777,Mavericks,14263394,VIKINGS,VIKINGS,resulted,6 wickets,1,13914777,Mavericks,49,4,12,7.0,0,7.0,0,0,0,0,0.0,0,0,0,0,49460259,Nitesh  (c),13914777,Mavericks,,,6,4,3,0,1,150.0,RHB,c Yash Pareek b Bhaskar Rathore,c Yash Pareek b Bhaskar Rathore,,,,,,,,,,,,,,,,,,,,,CricHeroes scorecard v2
421,BATTING,3,26617337,2141686,JCC Season 3,Box Cricket,2026-08-14,Kodai Box Cricket,Jaipur,7,13914777,Mavericks,14263394,VIKINGS,VIKINGS,resulted,6 wickets,1,13914777,Mavericks,49,4,12,7.0,0,7.0,0,0,0,0,0.0,0,0,0,0,1218133,Ankit,13914777,Mavericks,,,1,3,3,0,0,33.33,RHB,c †Navin Gurjar b Bhaskar Rathore,c †Navin Gurjar b Bhaskar Rathore,,,,,,,,,,,,,,,,,,,,,CricHeroes scorecard v2
422,BATTING,3,26617337,2141686,JCC Season 3,Box Cricket,2026-08-14,Kodai Box Cricket,Jaipur,7,13914777,Mavericks,14263394,VIKINGS,VIKINGS,resulted,6 wickets,1,13914777,Mavericks,49,4,12,7.0,0,7.0,0,0,0,0,0.0,0,0,0,0,8131458,Lakshay,13914777,Mavericks,,,18,15,16,1,2,120.0,RHB,not out,not out,,,,,,,,,,,,,,,,,,,,,CricHeroes scorecard v2
423,BATTING,3,26617337,2141686,JCC Season 3,Box Cricket,2026-08-14,Kodai Box Cricket,Jaipur,7,13914777,Mavericks,14263394,VIKINGS,VIKINGS,resulted,6 wickets,1,13914777,Mavericks,49,4,12,7.0,0,7.0,0,0,0,0,0.0,0,0,0,0,2238721,Adhip Choudhary,13914777,Mavericks,,,0,0,4,0,0,0.0,RHB,run out Mahesh kumar,run out Mahesh kumar,,,,,,,,,,,,,,,,,,,,,CricHeroes scorecard v2
424,BATTING,3,26617337,2141686,JCC Season 3,Box Cricket,2026-08-14,Kodai Box Cricket,Jaipur,7,13914777,Mavericks,14263394,VIKINGS,VIKINGS,resulted,6 wickets,1,13914777,Mavericks,49,4,12,7.0,0,7.0,0,0,0,0,0.0,0,0,0,0,49459939,Abhijeet Singh Shekhawat,13914777,Mavericks,,,10,16,10,0,1,62.5,RHB,not out,not out,,,,,,,,,,,,,,,,,,,,,CricHeroes scorecard v2
425,BATTING,3,26617337,2141686,JCC Season 3,Box Cricket,2026-08-14,Kodai Box Cricket,Jaipur,7,13914777,Mavericks,14263394,VIKINGS,VIKINGS,resulted,6 wickets,2,14263394,VIKINGS,52,0,5,4.3,0,11.56,0,0,0,0,0.0,0,0,0,0,38946978,Yash Pareek,14263394,VIKINGS,,,13,18,14,0,1,72.22,LHB,not out,not out,,,,,,,,,,,,,,,,,,,,,CricHeroes scorecard v2
426,BATTING,3,26617337,2141686,JCC Season 3,Box Cricket,2026-08-14,Kodai Box Cricket,Jaipur,7,13914777,Mavericks,14263394,VIKINGS,VIKINGS,resulted,6 wickets,2,14263394,VIKINGS,52,0,5,4.3,0,11.56,0,0,0,0,0.0,0,0,0,0,33295238,Mahesh kumar,14263394,VIKINGS,,,34,9,14,1,5,377.78,RHB,not out,not out,,,,,,,,,,,,,,,,,,,,,CricHeroes scorecard v2
427,BATTING,3,26504462,2141686,JCC Season 3,Box Cricket,2026-08-07,Kodai Box Cricket,Jaipur,7,13914777,Mavericks,14263394,VIKINGS,Mavericks,resulted,11 runs,1,13914777,Mavericks,50,5,7,7.0,0,7.14,0,0,0,0,0.0,0,0,0,0,3217470,Rahul Rathore,13914777,Mavericks,,,4,2,1,1,0,200.0,RHB,run out Navin Gurjar,run out Navin Gurjar,,,,,,,,,,,,,,,,,,,,,CricHeroes scorecard v2
428,BATTING,3,26504462,2141686,JCC Season 3,Box Cricket,2026-08-07,Kodai Box Cricket,Jaipur,7,13914777,Mavericks,14263394,VIKINGS,Mavericks,resulted,11 runs,1,13914777,Mavericks,50,5,7,7.0,0,7.14,0,0,0,0,0.0,0,0,0,0,45916629,Rohit Rathore,13914777,Mavericks,,,0,3,2,0,0,0.0,RHB,c Yash Pareek b Navin Gurjar,c Yash Pareek b Navin Gurjar,,,,,,,,,,,,,,,,,,,,,CricHeroes scorecard v2
429,BATTING,3,26504462,2141686,JCC Season 3,Box Cricket,2026-08-07,Kodai Box Cricket,Jaipur,7,13914777,Mavericks,14263394,VIKINGS,Mavericks,resulted,11 runs,1,13914777,Mavericks,50,5,7,7.0,0,7.14,0,0,0,0,0.0,0,0,0,0,8131458,Lakshay,13914777,Mavericks,,,7,13,15,0,0,53.85,RHB,run out Yash Pareek,run out Yash Pareek,,,,,,,,,,,,,,,,,,,,,CricHeroes scorecard v2
430,BATTING,3,26504462,2141686,JCC Season 3,Box Cricket,2026-08-07,Kodai Box Cricket,Jaipur,7,13914777,Mavericks,14263394,VIKINGS,Mavericks,resulted,11 runs,1,13914777,Mavericks,50,5,7,7.0,0,7.14,0,0,0,0,0.0,0,0,0,0,49460259,Nitesh  (c & wk),13914777,Mavericks,,,0,2,6,0,0,0.0,RHB,b Mahesh kumar,b Mahesh kumar,,,,,,,,,,,,,,,,,,,,,CricHeroes scorecard v2
431,BATTING,3,26504462,2141686,JCC Season 3,Box Cricket,2026-08-07,Kodai Box Cricket,Jaipur,7,13914777,Mavericks,14263394,VIKINGS,Mavericks,resulted,11 runs,1,13914777,Mavericks,50,5,7,7.0,0,7.14,0,0,0,0,0.0,0,0,0,0,1218133,Ankit,13914777,Mavericks,,,25,16,9,2,2,156.25,RHB,st †Navin Gurjar b Yash Pareek,st †Navin Gurjar b Yash Pareek,,,,,,,,,,,,,,,,,,,,,CricHeroes scorecard v2
432,BATTING,3,26504462,2141686,JCC Season 3,Box Cricket,2026-08-07,Kodai Box Cricket,Jaipur,7,13914777,Mavericks,14263394,VIKINGS,Mavericks,resulted,11 runs,1,13914777,Mavericks,50,5,7,7.0,0,7.14,0,0,0,0,0.0,0,0,0,0,49459939,Abhijeet Singh Shekhawat,13914777,Mavericks,,,7,7,3,1,0,100.0,RHB,not out,not out,,,,,,,,,,,,,,,,,,,,,CricHeroes scorecard v2
433,BATTING,3,26504462,2141686,JCC Season 3,Box Cricket,2026-08-07,Kodai Box Cricket,Jaipur,7,13914777,Mavericks,14263394,VIKINGS,Mavericks,resulted,11 runs,2,14263394,VIKINGS,39,7,5,7.0,0,5.57,0,0,0,0,0.0,0,0,0,0,50368825,Bhairav Deep Touchy  (c),14263394,VIKINGS,,,8,9,7,1,0,88.89,RHB,c Lakshay b Abhijeet Singh Shekhawat,c Lakshay b Abhijeet Singh Shekhawat,,,,,,,,,,,,,,,,,,,,,CricHeroes scorecard v2
434,BATTING,3,26504462,2141686,JCC Season 3,Box Cricket,2026-08-07,Kodai Box Cricket,Jaipur,7,13914777,Mavericks,14263394,VIKINGS,Mavericks,resulted,11 runs,2,14263394,VIKINGS,39,7,5,7.0,0,5.57,0,0,0,0,0.0,0,0,0,0,33295238,Mahesh kumar,14263394,VIKINGS,,,5,7,6,0,0,71.43,RHB,c Rahul Rathore b Abhijeet Singh Shekhawat,c Rahul Rathore b Abhijeet Singh Shekhawat,,,,,,,,,,,,,,,,,,,,,CricHeroes scorecard v2
435,BATTING,3,26504462,2141686,JCC Season 3,Box Cricket,2026-08-07,Kodai Box Cricket,Jaipur,7,13914777,Mavericks,14263394,VIKINGS,Mavericks,resulted,11 runs,2,14263394,VIKINGS,39,7,5,7.0,0,5.57,0,0,0,0,0.0,0,0,0,0,38946978,Yash Pareek,14263394,VIKINGS,,,2,3,6,0,0,66.67,LHB,c Rahul Rathore b Lakshay,c Rahul Rathore b Lakshay,,,,,,,,,,,,,,,,,,,,,CricHeroes scorecard v2
436,BATTING,3,26504462,2141686,JCC Season 3,Box Cricket,2026-08-07,Kodai Box Cricket,Jaipur,7,13914777,Mavericks,14263394,VIKINGS,Mavericks,resulted,11 runs,2,14263394,VIKINGS,39,7,5,7.0,0,5.57,0,0,0,0,0.0,0,0,0,0,6314755,Navin Gurjar  (wk),14263394,VIKINGS,,,6,4,3,0,1,150.0,RHB,c Nitesh b Lakshay,c Nitesh b Lakshay,,,,,,,,,,,,,,,,,,,,,CricHeroes scorecard v2
437,BATTING,3,26504462,2141686,JCC Season 3,Box Cricket,2026-08-07,Kodai Box Cricket,Jaipur,7,13914777,Mavericks,14263394,VIKINGS,Mavericks,resulted,11 runs,2,14263394,VIKINGS,39,7,5,7.0,0,5.57,0,0,0,0,0.0,0,0,0,0,1748478,Nishant Gupta,14263394,VIKINGS,,,9,12,11,1,0,75.0,RHB,st †Nitesh b Rahul Rathore,st †Nitesh b Rahul Rathore,,,,,,,,,,,,,,,,,,,,,CricHeroes scorecard v2
438,BATTING,3,26504462,2141686,JCC Season 3,Box Cricket,2026-08-07,Kodai Box Cricket,Jaipur,7,13914777,Mavericks,14263394,VIKINGS,Mavericks,resulted,11 runs,2,14263394,VIKINGS,39,7,5,7.0,0,5.57,0,0,0,0,0.0,0,0,0,0,52017845,Prashant Ramchandani,14263394,VIKINGS,,,4,3,2,1,0,133.33,RHB,b Ankit,b Ankit,,,,,,,,,,,,,,,,,,,,,CricHeroes scorecard v2
439,BATTING,3,26504462,2141686,JCC Season 3,Box Cricket,2026-08-07,Kodai Box Cricket,Jaipur,7,13914777,Mavericks,14263394,VIKINGS,Mavericks,resulted,11 runs,2,14263394,VIKINGS,39,7,5,7.0,0,5.57,0,0,0,0,0.0,0,0,0,0,9429841,Opal,14263394,VIKINGS,,,0,5,2,0,0,0.0,RHB,c Nitesh b Abhijeet Singh Shekhawat,c Nitesh b Abhijeet Singh Shekhawat,,,,,,,,,,,,,,,,,,,,,CricHeroes scorecard v2
440,BATTING,3,26503704,2141686,JCC Season 3,Box Cricket,2026-08-07,Kodai Box Cricket,Jaipur,7,13914529,Neuro strikers,13914777,Mavericks,Mavericks,resulted,3 wickets,1,13914529,Neuro strikers,46,3,12,7.0,0,6.57,0,0,0,0,0.0,0,0,0,0,5228456,Anil Rawat,13914529,Neuro strikers,,,5,8,9,0,0,62.5,RHB,run out Ankit,run out Ankit,,,,,,,,,,,,,,,,,,,,,CricHeroes scorecard v2
441,BATTING,3,26503704,2141686,JCC Season 3,Box Cricket,2026-08-07,Kodai Box Cricket,Jaipur,7,13914529,Neuro strikers,13914777,Mavericks,Mavericks,resulted,3 wickets,1,13914529,Neuro strikers,46,3,12,7.0,0,6.57,0,0,0,0,0.0,0,0,0,0,49460120,Sagar,13914529,Neuro strikers,,,2,2,2,0,0,100.0,RHB,c Lakshay b Ankit,c Lakshay b Ankit,,,,,,,,,,,,,,,,,,,,,CricHeroes scorecard v2
442,BATTING,3,26503704,2141686,JCC Season 3,Box Cricket,2026-08-07,Kodai Box Cricket,Jaipur,7,13914529,Neuro strikers,13914777,Mavericks,Mavericks,resulted,3 wickets,1,13914529,Neuro strikers,46,3,12,7.0,0,6.57,0,0,0,0,0.0,0,0,0,0,7977983,Rahul  Kasliwal,13914529,Neuro strikers,,,0,3,2,0,0,0.0,RHB,c Lakshay b Rahul Rathore,c Lakshay b Rahul Rathore,,,,,,,,,,,,,,,,,,,,,CricHeroes scorecard v2
443,BATTING,3,26503704,2141686,JCC Season 3,Box Cricket,2026-08-07,Kodai Box Cricket,Jaipur,7,13914529,Neuro strikers,13914777,Mavericks,Mavericks,resulted,3 wickets,1,13914529,Neuro strikers,46,3,12,7.0,0,6.57,0,0,0,0,0.0,0,0,0,0,52038417,Vikas,13914529,Neuro strikers,,,14,11,15,2,0,127.27,RHB,not out,not out,,,,,,,,,,,,,,,,,,,,,CricHeroes scorecard v2
444,BATTING,3,26503704,2141686,JCC Season 3,Box Cricket,2026-08-07,Kodai Box Cricket,Jaipur,7,13914529,Neuro strikers,13914777,Mavericks,Mavericks,resulted,3 wickets,1,13914529,Neuro strikers,46,3,12,7.0,0,6.57,0,0,0,0,0.0,0,0,0,0,41945456,Saurabh CBI  (c),13914529,Neuro strikers,,,13,18,11,2,0,72.22,RHB,not out,not out,,,,,,,,,,,,,,,,,,,,,CricHeroes scorecard v2
445,BATTING,3,26503704,2141686,JCC Season 3,Box Cricket,2026-08-07,Kodai Box Cricket,Jaipur,7,13914529,Neuro strikers,13914777,Mavericks,Mavericks,resulted,3 wickets,2,13914777,Mavericks,48,2,6,6.5,0,7.02,0,0,0,0,0.0,0,0,0,0,45916629,Rohit Rathore,13914777,Mavericks,,,27,23,24,2,2,117.39,RHB,not out,not out,,,,,,,,,,,,,,,,,,,,,CricHeroes scorecard v2
446,BATTING,3,26503704,2141686,JCC Season 3,Box Cricket,2026-08-07,Kodai Box Cricket,Jaipur,7,13914529,Neuro strikers,13914777,Mavericks,Mavericks,resulted,3 wickets,2,13914777,Mavericks,48,2,6,6.5,0,7.02,0,0,0,0,0.0,0,0,0,0,3217470,Rahul Rathore,13914777,Mavericks,,,9,13,14,1,0,69.23,RHB,run out Anil Rawat,run out Anil Rawat,,,,,,,,,,,,,,,,,,,,,CricHeroes scorecard v2
447,BATTING,3,26503704,2141686,JCC Season 3,Box Cricket,2026-08-07,Kodai Box Cricket,Jaipur,7,13914529,Neuro strikers,13914777,Mavericks,Mavericks,resulted,3 wickets,2,13914777,Mavericks,48,2,6,6.5,0,7.02,0,0,0,0,0.0,0,0,0,0,49460259,Nitesh  (c),13914777,Mavericks,,,6,6,9,1,0,100.0,RHB,run out Saurabh CBI,run out Saurabh CBI,,,,,,,,,,,,,,,,,,,,,CricHeroes scorecard v2
448,BATTING,3,26503704,2141686,JCC Season 3,Box Cricket,2026-08-07,Kodai Box Cricket,Jaipur,7,13914529,Neuro strikers,13914777,Mavericks,Mavericks,resulted,3 wickets,2,13914777,Mavericks,48,2,6,6.5,0,7.02,0,0,0,0,0.0,0,0,0,0,1218133,Ankit,13914777,Mavericks,,,0,0,1,0,0,0.0,RHB,not out,not out,,,,,,,,,,,,,,,,,,,,,CricHeroes scorecard v2
449,BATTING,3,26502665,2141686,JCC Season 3,Box Cricket,2026-08-07,Kodai Box Cricket,Jaipur,7,14263394,VIKINGS,13914721,Outliers,VIKINGS,resulted,16 runs,1,14263394,VIKINGS,61,3,12,7.0,0,8.71,0,0,0,0,0.0,0,0,0,0,33295238,Mahesh kumar,14263394,VIKINGS,,,10,11,17,0,0,90.91,RHB,c Siddharth Rao Jcc b Rudraksh,c Siddharth Rao Jcc b Rudraksh,,,,,,,,,,,,,,,,,,,,,CricHeroes scorecard v2
450,BATTING,3,26502665,2141686,JCC Season 3,Box Cricket,2026-08-07,Kodai Box Cricket,Jaipur,7,14263394,VIKINGS,13914721,Outliers,VIKINGS,resulted,16 runs,1,14263394,VIKINGS,61,3,12,7.0,0,8.71,0,0,0,0,0.0,0,0,0,0,50368825,Bhairav Deep Touchy  (c),14263394,VIKINGS,,,6,9,7,1,0,66.67,RHB,c Uddhav Chaudhary b Siddharth Rao Jcc,c Uddhav Chaudhary b Siddharth Rao Jcc,,,,,,,,,,,,,,,,,,,,,CricHeroes scorecard v2
451,BATTING,3,26502665,2141686,JCC Season 3,Box Cricket,2026-08-07,Kodai Box Cricket,Jaipur,7,14263394,VIKINGS,13914721,Outliers,VIKINGS,resulted,16 runs,1,14263394,VIKINGS,61,3,12,7.0,0,8.71,0,0,0,0,0.0,0,0,0,0,38946978,Yash Pareek,14263394,VIKINGS,,,4,7,5,1,0,57.14,LHB,c Harnoor Singh b Rudraksh,c Harnoor Singh b Rudraksh,,,,,,,,,,,,,,,,,,,,,CricHeroes scorecard v2
452,BATTING,3,26502665,2141686,JCC Season 3,Box Cricket,2026-08-07,Kodai Box Cricket,Jaipur,7,14263394,VIKINGS,13914721,Outliers,VIKINGS,resulted,16 runs,1,14263394,VIKINGS,61,3,12,7.0,0,8.71,0,0,0,0,0.0,0,0,0,0,6314755,Navin Gurjar,14263394,VIKINGS,,,16,11,12,0,2,145.45,RHB,not out,not out,,,,,,,,,,,,,,,,,,,,,CricHeroes scorecard v2
453,BATTING,3,26502665,2141686,JCC Season 3,Box Cricket,2026-08-07,Kodai Box Cricket,Jaipur,7,14263394,VIKINGS,13914721,Outliers,VIKINGS,resulted,16 runs,1,14263394,VIKINGS,61,3,12,7.0,0,8.71,0,0,0,0,0.0,0,0,0,0,1748478,Nishant Gupta,14263394,VIKINGS,,,13,5,7,1,1,260.0,RHB,not out,not out,,,,,,,,,,,,,,,,,,,,,CricHeroes scorecard v2
454,BATTING,3,26502665,2141686,JCC Season 3,Box Cricket,2026-08-07,Kodai Box Cricket,Jaipur,7,14263394,VIKINGS,13914721,Outliers,VIKINGS,resulted,16 runs,2,13914721,Outliers,45,6,13,7.0,0,6.43,0,0,0,0,0.0,0,0,0,0,52957941,Madhav Sharma,13914721,Outliers,,,10,13,12,1,0,76.92,RHB,run out Bhairav Deep Touchy,run out Bhairav Deep Touchy,,,,,,,,,,,,,,,,,,,,,CricHeroes scorecard v2
455,BATTING,3,26502665,2141686,JCC Season 3,Box Cricket,2026-08-07,Kodai Box Cricket,Jaipur,7,14263394,VIKINGS,13914721,Outliers,VIKINGS,resulted,16 runs,2,13914721,Outliers,45,6,13,7.0,0,6.43,0,0,0,0,0.0,0,0,0,0,50368899,Naman Mavericks  (c),13914721,Outliers,,,4,5,6,1,0,80.0,RHB,b Nishant Gupta,b Nishant Gupta,,,,,,,,,,,,,,,,,,,,,CricHeroes scorecard v2
456,BATTING,3,26502665,2141686,JCC Season 3,Box Cricket,2026-08-07,Kodai Box Cricket,Jaipur,7,14263394,VIKINGS,13914721,Outliers,VIKINGS,resulted,16 runs,2,13914721,Outliers,45,6,13,7.0,0,6.43,0,0,0,0,0.0,0,0,0,0,12843502,Uddhav Chaudhary,13914721,Outliers,,,10,9,16,1,0,111.11,RHB,run out Yash Pareek,run out Yash Pareek,,,,,,,,,,,,,,,,,,,,,CricHeroes scorecard v2
457,BATTING,3,26502665,2141686,JCC Season 3,Box Cricket,2026-08-07,Kodai Box Cricket,Jaipur,7,14263394,VIKINGS,13914721,Outliers,VIKINGS,resulted,16 runs,2,13914721,Outliers,45,6,13,7.0,0,6.43,0,0,0,0,0.0,0,0,0,0,50368843,Harnoor Singh,13914721,Outliers,,,0,1,1,0,0,0.0,RHB,b Yash Pareek,b Yash Pareek,,,,,,,,,,,,,,,,,,,,,CricHeroes scorecard v2
458,BATTING,3,26502665,2141686,JCC Season 3,Box Cricket,2026-08-07,Kodai Box Cricket,Jaipur,7,14263394,VIKINGS,13914721,Outliers,VIKINGS,resulted,16 runs,2,13914721,Outliers,45,6,13,7.0,0,6.43,0,0,0,0,0.0,0,0,0,0,52957809,Siddharth Rao Jcc,13914721,Outliers,,,8,13,14,1,0,61.54,RHB,not out,not out,,,,,,,,,,,,,,,,,,,,,CricHeroes scorecard v2
459,BATTING,3,26502665,2141686,JCC Season 3,Box Cricket,2026-08-07,Kodai Box Cricket,Jaipur,7,14263394,VIKINGS,13914721,Outliers,VIKINGS,resulted,16 runs,2,13914721,Outliers,45,6,13,7.0,0,6.43,0,0,0,0,0.0,0,0,0,0,50368913,Rudraksh,13914721,Outliers,,,0,1,1,0,0,0.0,RHB,run out Bhairav Deep Touchy / Navin Gurjar,run out Bhairav Deep Touchy / Navin Gurjar,,,,,,,,,,,,,,,,,,,,,CricHeroes scorecard v2
460,BATTING,3,26502665,2141686,JCC Season 3,Box Cricket,2026-08-07,Kodai Box Cricket,Jaipur,7,14263394,VIKINGS,13914721,Outliers,VIKINGS,resulted,16 runs,2,13914721,Outliers,45,6,13,7.0,0,6.43,0,0,0,0,0.0,0,0,0,0,52038452,Krshna,13914721,Outliers,,,0,2,3,0,0,0.0,RHB,c Yash Pareek b Mahesh kumar,c Yash Pareek b Mahesh kumar,,,,,,,,,,,,,,,,,,,,,CricHeroes scorecard v2
461,BATTING,3,26501846,2141686,JCC Season 3,Box Cricket,2026-08-07,Kodai Box Cricket,Jaipur,7,13914721,Outliers,13914529,Neuro strikers,Neuro strikers,resulted,6 wickets,1,13914721,Outliers,45,4,5,7.0,0,6.43,0,0,0,0,0.0,0,0,0,0,50368899,Naman Mavericks  (c),13914721,Outliers,,,5,10,4,1,0,50.0,RHB,b Vikas,b Vikas,,,,,,,,,,,,,,,,,,,,,CricHeroes scorecard v2
462,BATTING,3,26501846,2141686,JCC Season 3,Box Cricket,2026-08-07,Kodai Box Cricket,Jaipur,7,13914721,Outliers,13914529,Neuro strikers,Neuro strikers,resulted,6 wickets,1,13914721,Outliers,45,4,5,7.0,0,6.43,0,0,0,0,0.0,0,0,0,0,50368843,Harnoor Singh,13914721,Outliers,,,13,6,7,1,1,216.67,RHB,c †Dr. Gaurav b Saurabh CBI,c †Dr. Gaurav b Saurabh CBI,,,,,,,,,,,,,,,,,,,,,CricHeroes scorecard v2
463,BATTING,3,26501846,2141686,JCC Season 3,Box Cricket,2026-08-07,Kodai Box Cricket,Jaipur,7,13914721,Outliers,13914529,Neuro strikers,Neuro strikers,resulted,6 wickets,1,13914721,Outliers,45,4,5,7.0,0,6.43,0,0,0,0,0.0,0,0,0,0,52957809,Siddharth Rao Jcc,13914721,Outliers,,,4,7,6,0,0,57.14,RHB,run out Anil Rawat / † Dr. Gaurav,run out Anil Rawat / † Dr. Gaurav,,,,,,,,,,,,,,,,,,,,,CricHeroes scorecard v2
464,BATTING,3,26501846,2141686,JCC Season 3,Box Cricket,2026-08-07,Kodai Box Cricket,Jaipur,7,13914721,Outliers,13914529,Neuro strikers,Neuro strikers,resulted,6 wickets,1,13914721,Outliers,45,4,5,7.0,0,6.43,0,0,0,0,0.0,0,0,0,0,12843502,Uddhav Chaudhary,13914721,Outliers,,,1,4,5,0,0,25.0,RHB,run out Vikas / † Dr. Gaurav,run out Vikas / † Dr. Gaurav,,,,,,,,,,,,,,,,,,,,,CricHeroes scorecard v2
465,BATTING,3,26501846,2141686,JCC Season 3,Box Cricket,2026-08-07,Kodai Box Cricket,Jaipur,7,13914721,Outliers,13914529,Neuro strikers,Neuro strikers,resulted,6 wickets,1,13914721,Outliers,45,4,5,7.0,0,6.43,0,0,0,0,0.0,0,0,0,0,52957941,Madhav Sharma,13914721,Outliers,,,6,7,8,0,0,85.71,RHB,not out,not out,,,,,,,,,,,,,,,,,,,,,CricHeroes scorecard v2
466,BATTING,3,26501846,2141686,JCC Season 3,Box Cricket,2026-08-07,Kodai Box Cricket,Jaipur,7,13914721,Outliers,13914529,Neuro strikers,Neuro strikers,resulted,6 wickets,1,13914721,Outliers,45,4,5,7.0,0,6.43,0,0,0,0,0.0,0,0,0,0,50368913,Rudraksh,13914721,Outliers,,,11,8,6,1,0,137.5,RHB,not out,not out,,,,,,,,,,,,,,,,,,,,,CricHeroes scorecard v2
467,BATTING,3,26501846,2141686,JCC Season 3,Box Cricket,2026-08-07,Kodai Box Cricket,Jaipur,7,13914721,Outliers,13914529,Neuro strikers,Neuro strikers,resulted,6 wickets,2,13914529,Neuro strikers,48,1,6,5.3,0,8.73,0,0,0,0,0.0,0,0,0,0,5228456,Anil Rawat,13914529,Neuro strikers,,,0,4,2,0,0,0.0,RHB,b Siddharth Rao Jcc,b Siddharth Rao Jcc,,,,,,,,,,,,,,,,,,,,,CricHeroes scorecard v2
468,BATTING,3,26501846,2141686,JCC Season 3,Box Cricket,2026-08-07,Kodai Box Cricket,Jaipur,7,13914721,Outliers,13914529,Neuro strikers,Neuro strikers,resulted,6 wickets,2,13914529,Neuro strikers,48,1,6,5.3,0,8.73,0,0,0,0,0.0,0,0,0,0,49460120,Sagar,13914529,Neuro strikers,,,36,18,18,3,3,200.0,RHB,not out,not out,,,,,,,,,,,,,,,,,,,,,CricHeroes scorecard v2
469,BATTING,3,26501846,2141686,JCC Season 3,Box Cricket,2026-08-07,Kodai Box Cricket,Jaipur,7,13914721,Outliers,13914529,Neuro strikers,Neuro strikers,resulted,6 wickets,2,13914529,Neuro strikers,48,1,6,5.3,0,8.73,0,0,0,0,0.0,0,0,0,0,52038417,Vikas,13914529,Neuro strikers,,,6,11,16,0,0,54.55,RHB,not out,not out,,,,,,,,,,,,,,,,,,,,,CricHeroes scorecard v2
470,BATTING,3,26486511,2141686,JCC Season 3,Box Cricket,2026-08-06,Jai club box,Jaipur,7,13914529,Neuro strikers,14263394,VIKINGS,VIKINGS,Resulted,5 wickets,1,13914529,Neuro strikers,34,7,12,7.0,0,4.86,0,0,0,0,0.0,0,0,0,0,5228456,Anil Rawat,13914529,Neuro strikers,,,1,5,1,0,0,20.0,RHB,c Opal b Mahesh kumar,c Opal b Mahesh kumar,,,,,,,,,,,,,,,,,,,,,CricHeroes scorecard v2
471,BATTING,3,26486511,2141686,JCC Season 3,Box Cricket,2026-08-06,Jai club box,Jaipur,7,13914529,Neuro strikers,14263394,VIKINGS,VIKINGS,Resulted,5 wickets,1,13914529,Neuro strikers,34,7,12,7.0,0,4.86,0,0,0,0,0.0,0,0,0,0,49460120,Sagar,13914529,Neuro strikers,,,0,2,1,0,0,0.0,RHB,c&b Yash Pareek,c&b Yash Pareek,,,,,,,,,,,,,,,,,,,,,CricHeroes scorecard v2
472,BATTING,3,26486511,2141686,JCC Season 3,Box Cricket,2026-08-06,Jai club box,Jaipur,7,13914529,Neuro strikers,14263394,VIKINGS,VIKINGS,Resulted,5 wickets,1,13914529,Neuro strikers,34,7,12,7.0,0,4.86,0,0,0,0,0.0,0,0,0,0,52038417,Vikas,13914529,Neuro strikers,,,3,7,3,0,0,42.86,RHB,run out Yash Pareek / Nishant Gupta,run out Yash Pareek / Nishant Gupta,,,,,,,,,,,,,,,,,,,,,CricHeroes scorecard v2
473,BATTING,3,26486511,2141686,JCC Season 3,Box Cricket,2026-08-06,Jai club box,Jaipur,7,13914529,Neuro strikers,14263394,VIKINGS,VIKINGS,Resulted,5 wickets,1,13914529,Neuro strikers,34,7,12,7.0,0,4.86,0,0,0,0,0.0,0,0,0,0,7977983,Rahul  Kasliwal,13914529,Neuro strikers,,,3,6,1,0,0,50.0,RHB,c †Anagh Nandwana b Nishant Gupta,c †Anagh Nandwana b Nishant Gupta,,,,,,,,,,,,,,,,,,,,,CricHeroes scorecard v2
474,BATTING,3,26486511,2141686,JCC Season 3,Box Cricket,2026-08-06,Jai club box,Jaipur,7,13914529,Neuro strikers,14263394,VIKINGS,VIKINGS,Resulted,5 wickets,1,13914529,Neuro strikers,34,7,12,7.0,0,4.86,0,0,0,0,0.0,0,0,0,0,41945456,Saurabh CBI  (c),13914529,Neuro strikers,,,0,2,2,0,0,0.0,RHB,c Bhairav Deep Touchy b Nishant Gupta,c Bhairav Deep Touchy b Nishant Gupta,,,,,,,,,,,,,,,,,,,,,CricHeroes scorecard v2
475,BATTING,3,26486511,2141686,JCC Season 3,Box Cricket,2026-08-06,Jai club box,Jaipur,7,13914529,Neuro strikers,14263394,VIKINGS,VIKINGS,Resulted,5 wickets,1,13914529,Neuro strikers,34,7,12,7.0,0,4.86,0,0,0,0,0.0,0,0,0,0,31438284,Dhruv Paliwal,13914529,Neuro strikers,,,13,11,4,0,1,118.18,RHB,not out,not out,,,,,,,,,,,,,,,,,,,,,CricHeroes scorecard v2
476,BATTING,3,26486511,2141686,JCC Season 3,Box Cricket,2026-08-06,Jai club box,Jaipur,7,13914529,Neuro strikers,14263394,VIKINGS,VIKINGS,Resulted,5 wickets,1,13914529,Neuro strikers,34,7,12,7.0,0,4.86,0,0,0,0,0.0,0,0,0,0,4807250,Dr. Gaurav  (wk),13914529,Neuro strikers,,,0,2,1,0,0,0.0,RHB,b Nishant Gupta,b Nishant Gupta,,,,,,,,,,,,,,,,,,,,,CricHeroes scorecard v2
477,BATTING,3,26486511,2141686,JCC Season 3,Box Cricket,2026-08-06,Jai club box,Jaipur,7,13914529,Neuro strikers,14263394,VIKINGS,VIKINGS,Resulted,5 wickets,1,13914529,Neuro strikers,34,7,12,7.0,0,4.86,0,0,0,0,0.0,0,0,0,0,53092215,Raghav Chaturvedi,13914529,Neuro strikers,,,2,7,1,0,0,28.57,,c Navin Gurjar b Opal,c Navin Gurjar b Opal,,,,,,,,,,,,,,,,,,,,,CricHeroes scorecard v2
478,BATTING,3,26486511,2141686,JCC Season 3,Box Cricket,2026-08-06,Jai club box,Jaipur,7,13914529,Neuro strikers,14263394,VIKINGS,VIKINGS,Resulted,5 wickets,2,14263394,VIKINGS,38,2,9,4.4,0,8.14,0,0,0,0,0.0,0,0,0,0,40500,Anagh Nandwana  (wk),14263394,VIKINGS,,,1,3,1,0,0,33.33,RHB,c Sagar b Saurabh CBI,c Sagar b Saurabh CBI,,,,,,,,,,,,,,,,,,,,,CricHeroes scorecard v2
479,BATTING,3,26486511,2141686,JCC Season 3,Box Cricket,2026-08-06,Jai club box,Jaipur,7,13914529,Neuro strikers,14263394,VIKINGS,VIKINGS,Resulted,5 wickets,2,14263394,VIKINGS,38,2,9,4.4,0,8.14,0,0,0,0,0.0,0,0,0,0,50368825,Bhairav Deep Touchy  (c),14263394,VIKINGS,,,20,19,3,0,2,105.26,RHB,not out,not out,,,,,,,,,,,,,,,,,,,,,CricHeroes scorecard v2
480,BATTING,3,26486511,2141686,JCC Season 3,Box Cricket,2026-08-06,Jai club box,Jaipur,7,13914529,Neuro strikers,14263394,VIKINGS,VIKINGS,Resulted,5 wickets,2,14263394,VIKINGS,38,2,9,4.4,0,8.14,0,0,0,0,0.0,0,0,0,0,6314755,Navin Gurjar,14263394,VIKINGS,,,7,6,1,1,0,116.67,RHB,c †Dr. Gaurav b Anil Rawat,c †Dr. Gaurav b Anil Rawat,,,,,,,,,,,,,,,,,,,,,CricHeroes scorecard v2
481,BATTING,3,26486511,2141686,JCC Season 3,Box Cricket,2026-08-06,Jai club box,Jaipur,7,13914529,Neuro strikers,14263394,VIKINGS,VIKINGS,Resulted,5 wickets,2,14263394,VIKINGS,38,2,9,4.4,0,8.14,0,0,0,0,0.0,0,0,0,0,33295238,Mahesh kumar,14263394,VIKINGS,,,1,1,1,0,0,100.0,RHB,not out,not out,,,,,,,,,,,,,,,,,,,,,CricHeroes scorecard v2
482,BATTING,3,26486329,2141686,JCC Season 3,Box Cricket,2026-08-06,Jai club box,Jaipur,7,13914777,Mavericks,13914529,Neuro strikers,Neuro strikers,Resulted,4 wickets,1,13914777,Mavericks,33,8,5,7.0,0,4.71,0,0,0,0,0.0,0,0,0,0,2238721,Adhip Choudhary,13914777,Mavericks,,,9,14,6,0,0,64.29,RHB,c Anil Rawat b Saurabh CBI,c Anil Rawat b Saurabh CBI,,,,,,,,,,,,,,,,,,,,,CricHeroes scorecard v2
483,BATTING,3,26486329,2141686,JCC Season 3,Box Cricket,2026-08-06,Jai club box,Jaipur,7,13914777,Mavericks,13914529,Neuro strikers,Neuro strikers,Resulted,4 wickets,1,13914777,Mavericks,33,8,5,7.0,0,4.71,0,0,0,0,0.0,0,0,0,0,49460259,Nitesh  (c & wk),13914777,Mavericks,,,9,8,1,1,0,112.5,RHB,c †Dr. Gaurav b Vikas,c †Dr. Gaurav b Vikas,,,,,,,,,,,,,,,,,,,,,CricHeroes scorecard v2
484,BATTING,3,26486329,2141686,JCC Season 3,Box Cricket,2026-08-06,Jai club box,Jaipur,7,13914777,Mavericks,13914529,Neuro strikers,Neuro strikers,Resulted,4 wickets,1,13914777,Mavericks,33,8,5,7.0,0,4.71,0,0,0,0,0.0,0,0,0,0,565841,Harish Jangid,13914777,Mavericks,,,2,5,1,0,0,40.0,RHB,run out Vikas / Dr. Gaurav,run out Vikas / Dr. Gaurav,,,,,,,,,,,,,,,,,,,,,CricHeroes scorecard v2
485,BATTING,3,26486329,2141686,JCC Season 3,Box Cricket,2026-08-06,Jai club box,Jaipur,7,13914777,Mavericks,13914529,Neuro strikers,Neuro strikers,Resulted,4 wickets,1,13914777,Mavericks,33,8,5,7.0,0,4.71,0,0,0,0,0.0,0,0,0,0,8131458,Lakshay,13914777,Mavericks,,,0,3,1,0,0,0.0,RHB,b Saurabh CBI,b Saurabh CBI,,,,,,,,,,,,,,,,,,,,,CricHeroes scorecard v2
486,BATTING,3,26486329,2141686,JCC Season 3,Box Cricket,2026-08-06,Jai club box,Jaipur,7,13914777,Mavericks,13914529,Neuro strikers,Neuro strikers,Resulted,4 wickets,1,13914777,Mavericks,33,8,5,7.0,0,4.71,0,0,0,0,0.0,0,0,0,0,3217470,Rahul Rathore,13914777,Mavericks,,,0,4,1,0,0,0.0,RHB,c †Dr. Gaurav b Rahul  Kasliwal,c †Dr. Gaurav b Rahul  Kasliwal,,,,,,,,,,,,,,,,,,,,,CricHeroes scorecard v2
487,BATTING,3,26486329,2141686,JCC Season 3,Box Cricket,2026-08-06,Jai club box,Jaipur,7,13914777,Mavericks,13914529,Neuro strikers,Neuro strikers,Resulted,4 wickets,1,13914777,Mavericks,33,8,5,7.0,0,4.71,0,0,0,0,0.0,0,0,0,0,1218133,Ankit,13914777,Mavericks,,,1,3,2,0,0,33.33,RHB,run out Anil Rawat / Sagar,run out Anil Rawat / Sagar,,,,,,,,,,,,,,,,,,,,,CricHeroes scorecard v2
488,BATTING,3,26486329,2141686,JCC Season 3,Box Cricket,2026-08-06,Jai club box,Jaipur,7,13914777,Mavericks,13914529,Neuro strikers,Neuro strikers,Resulted,4 wickets,1,13914777,Mavericks,33,8,5,7.0,0,4.71,0,0,0,0,0.0,0,0,0,0,349449,Prateek Chatterjee,13914777,Mavericks,,,7,4,2,1,0,175.0,RHB,not out,not out,,,,,,,,,,,,,,,,,,,,,CricHeroes scorecard v2
489,BATTING,3,26486329,2141686,JCC Season 3,Box Cricket,2026-08-06,Jai club box,Jaipur,7,13914777,Mavericks,13914529,Neuro strikers,Neuro strikers,Resulted,4 wickets,1,13914777,Mavericks,33,8,5,7.0,0,4.71,0,0,0,0,0.0,0,0,0,0,49459939,Abhijeet Singh Shekhawat,13914777,Mavericks,,,0,1,1,0,0,0.0,RHB,c Rahul  Kasliwal b Saurabh CBI,c Rahul  Kasliwal b Saurabh CBI,,,,,,,,,,,,,,,,,,,,,CricHeroes scorecard v2
490,BATTING,3,26486329,2141686,JCC Season 3,Box Cricket,2026-08-06,Jai club box,Jaipur,7,13914777,Mavericks,13914529,Neuro strikers,Neuro strikers,Resulted,4 wickets,1,13914777,Mavericks,33,8,5,7.0,0,4.71,0,0,0,0,0.0,0,0,0,0,52038517,Raghav Patodia,13914777,Mavericks,,,0,1,1,0,0,0.0,RHB,b Saurabh CBI,b Saurabh CBI,,,,,,,,,,,,,,,,,,,,,CricHeroes scorecard v2
491,BATTING,3,26486329,2141686,JCC Season 3,Box Cricket,2026-08-06,Jai club box,Jaipur,7,13914777,Mavericks,13914529,Neuro strikers,Neuro strikers,Resulted,4 wickets,2,13914529,Neuro strikers,34,3,4,5.3,0,6.18,0,0,0,0,0.0,0,0,0,0,5228456,Anil Rawat,13914529,Neuro strikers,,,0,2,1,0,0,0.0,RHB,c †Nitesh b Ankit,c †Nitesh b Ankit,,,,,,,,,,,,,,,,,,,,,CricHeroes scorecard v2
492,BATTING,3,26486329,2141686,JCC Season 3,Box Cricket,2026-08-06,Jai club box,Jaipur,7,13914777,Mavericks,13914529,Neuro strikers,Neuro strikers,Resulted,4 wickets,2,13914529,Neuro strikers,34,3,4,5.3,0,6.18,0,0,0,0,0.0,0,0,0,0,49460120,Sagar,13914529,Neuro strikers,,,22,15,2,4,1,146.67,RHB,c †Nitesh b Prateek Chatterjee,c †Nitesh b Prateek Chatterjee,,,,,,,,,,,,,,,,,,,,,CricHeroes scorecard v2
493,BATTING,3,26486329,2141686,JCC Season 3,Box Cricket,2026-08-06,Jai club box,Jaipur,7,13914777,Mavericks,13914529,Neuro strikers,Neuro strikers,Resulted,4 wickets,2,13914529,Neuro strikers,34,3,4,5.3,0,6.18,0,0,0,0,0.0,0,0,0,0,52038417,Vikas,13914529,Neuro strikers,,,6,12,3,0,0,50.0,RHB,not out,not out,,,,,,,,,,,,,,,,,,,,,CricHeroes scorecard v2
494,BATTING,3,26486329,2141686,JCC Season 3,Box Cricket,2026-08-06,Jai club box,Jaipur,7,13914777,Mavericks,13914529,Neuro strikers,Neuro strikers,Resulted,4 wickets,2,13914529,Neuro strikers,34,3,4,5.3,0,6.18,0,0,0,0,0.0,0,0,0,0,7977983,Rahul  Kasliwal,13914529,Neuro strikers,,,0,1,1,0,0,0.0,RHB,st †Nitesh b Prateek Chatterjee,st †Nitesh b Prateek Chatterjee,,,,,,,,,,,,,,,,,,,,,CricHeroes scorecard v2
495,BATTING,3,26486329,2141686,JCC Season 3,Box Cricket,2026-08-06,Jai club box,Jaipur,7,13914777,Mavericks,13914529,Neuro strikers,Neuro strikers,Resulted,4 wickets,2,13914529,Neuro strikers,34,3,4,5.3,0,6.18,0,0,0,0,0.0,0,0,0,0,41945456,Saurabh CBI  (c),13914529,Neuro strikers,,,2,3,1,0,0,66.67,RHB,not out,not out,,,,,,,,,,,,,,,,,,,,,CricHeroes scorecard v2
496,BATTING,3,26397455,2141686,JCC Season 3,Limited Overs,2026-07-31,Jai club box,Jaipur,7,13914777,Mavericks,13914721,Outliers,Outliers,Resulted,5 wickets,1,13914777,Mavericks,43,4,2,7.0,0,6.14,0,0,0,0,0.0,0,0,0,0,565841,Harish Jangid,13914777,Mavericks,,,4,3,1,1,0,133.33,RHB,c †Nitin Setia b Siddharth Rao Jcc,c †Nitin Setia b Siddharth Rao Jcc,,,,,,,,,,,,,,,,,,,,,CricHeroes scorecard v2
497,BATTING,3,26397455,2141686,JCC Season 3,Limited Overs,2026-07-31,Jai club box,Jaipur,7,13914777,Mavericks,13914721,Outliers,Outliers,Resulted,5 wickets,1,13914777,Mavericks,43,4,2,7.0,0,6.14,0,0,0,0,0.0,0,0,0,0,49460259,Nitesh  (c & wk),13914777,Mavericks,,,15,15,15,1,1,100.0,RHB,c †Nitin Setia b Rudraksh,c †Nitin Setia b Rudraksh,,,,,,,,,,,,,,,,,,,,,CricHeroes scorecard v2
498,BATTING,3,26397455,2141686,JCC Season 3,Limited Overs,2026-07-31,Jai club box,Jaipur,7,13914777,Mavericks,13914721,Outliers,Outliers,Resulted,5 wickets,1,13914777,Mavericks,43,4,2,7.0,0,6.14,0,0,0,0,0.0,0,0,0,0,3217470,Rahul Rathore,13914777,Mavericks,,,4,10,8,0,0,40.0,RHB,b Madhav,b Madhav,,,,,,,,,,,,,,,,,,,,,CricHeroes scorecard v2
499,BATTING,3,26397455,2141686,JCC Season 3,Limited Overs,2026-07-31,Jai club box,Jaipur,7,13914777,Mavericks,13914721,Outliers,Outliers,Resulted,5 wickets,1,13914777,Mavericks,43,4,2,7.0,0,6.14,0,0,0,0,0.0,0,0,0,0,349449,Prateek Chatterjee,13914777,Mavericks,,,4,6,10,0,0,66.67,RHB,not out,not out,,,,,,,,,,,,,,,,,,,,,CricHeroes scorecard v2
500,BATTING,3,26397455,2141686,JCC Season 3,Limited Overs,2026-07-31,Jai club box,Jaipur,7,13914777,Mavericks,13914721,Outliers,Outliers,Resulted,5 wickets,1,13914777,Mavericks,43,4,2,7.0,0,6.14,0,0,0,0,0.0,0,0,0,0,2238721,Adhip Choudhary,13914777,Mavericks,,,14,8,4,0,2,175.0,RHB,run out † Nitin Setia,run out † Nitin Setia,,,,,,,,,,,,,,,,,,,,,CricHeroes scorecard v2
501,BATTING,3,26397455,2141686,JCC Season 3,Limited Overs,2026-07-31,Jai club box,Jaipur,7,13914777,Mavericks,13914721,Outliers,Outliers,Resulted,5 wickets,2,13914721,Outliers,44,2,2,6.4,0,6.6,0,0,0,0,0.0,0,0,0,0,50368899,Naman Mavericks  (c),13914721,Outliers,,,6,3,1,0,1,200.0,RHB,c †Nitesh b Ankit,c †Nitesh b Ankit,,,,,,,,,,,,,,,,,,,,,CricHeroes scorecard v2
502,BATTING,3,26397455,2141686,JCC Season 3,Limited Overs,2026-07-31,Jai club box,Jaipur,7,13914777,Mavericks,13914721,Outliers,Outliers,Resulted,5 wickets,2,13914721,Outliers,44,2,2,6.4,0,6.6,0,0,0,0,0.0,0,0,0,0,52957941,Madhav,13914721,Outliers,,,14,13,18,0,1,107.69,RHB,not out,not out,,,,,,,,,,,,,,,,,,,,,CricHeroes scorecard v2
503,BATTING,3,26397455,2141686,JCC Season 3,Limited Overs,2026-07-31,Jai club box,Jaipur,7,13914777,Mavericks,13914721,Outliers,Outliers,Resulted,5 wickets,2,13914721,Outliers,44,2,2,6.4,0,6.6,0,0,0,0,0.0,0,0,0,0,12843502,Uddhav Chaudhary,13914721,Outliers,,,15,11,7,2,0,136.36,RHB,c Harish Jangid b Adhip Choudhary,c Harish Jangid b Adhip Choudhary,,,,,,,,,,,,,,,,,,,,,CricHeroes scorecard v2
504,BATTING,3,26397455,2141686,JCC Season 3,Limited Overs,2026-07-31,Jai club box,Jaipur,7,13914777,Mavericks,13914721,Outliers,Outliers,Resulted,5 wickets,2,13914721,Outliers,44,2,2,6.4,0,6.6,0,0,0,0,0.0,0,0,0,0,15803869,Nitin Setia  (wk),13914721,Outliers,,,7,13,8,0,0,53.85,RHB,not out,not out,,,,,,,,,,,,,,,,,,,,,CricHeroes scorecard v2
505,BATTING,3,26395983,2141686,JCC Season 3,Limited Overs,2026-07-31,Jai club box,Jaipur,7,13914721,Outliers,14263394,VIKINGS,Outliers,Resulted,20 runs,1,13914721,Outliers,68,3,6,7.0,0,9.71,0,0,0,0,0.0,0,0,0,0,50368899,Naman Mavericks  (c),13914721,Outliers,,,6,2,1,0,1,300.0,RHB,c Yash Pareek b Navin Gurjar,c Yash Pareek b Navin Gurjar,,,,,,,,,,,,,,,,,,,,,CricHeroes scorecard v2
506,BATTING,3,26395983,2141686,JCC Season 3,Limited Overs,2026-07-31,Jai club box,Jaipur,7,13914721,Outliers,14263394,VIKINGS,Outliers,Resulted,20 runs,1,13914721,Outliers,68,3,6,7.0,0,9.71,0,0,0,0,0.0,0,0,0,0,52957809,Siddharth Rao Jcc,13914721,Outliers,,,4,3,6,1,0,133.33,RHB,c Yash Pareek b Nishant Gupta,c Yash Pareek b Nishant Gupta,,,,,,,,,,,,,,,,,,,,,CricHeroes scorecard v2
507,BATTING,3,26395983,2141686,JCC Season 3,Limited Overs,2026-07-31,Jai club box,Jaipur,7,13914721,Outliers,14263394,VIKINGS,Outliers,Resulted,20 runs,1,13914721,Outliers,68,3,6,7.0,0,9.71,0,0,0,0,0.0,0,0,0,0,52957941,Madhav Sharma,13914721,Outliers,,,28,18,14,0,3,155.56,RHB,c Mahesh kumar b Nishant Gupta,c Mahesh kumar b Nishant Gupta,,,,,,,,,,,,,,,,,,,,,CricHeroes scorecard v2
508,BATTING,3,26395983,2141686,JCC Season 3,Limited Overs,2026-07-31,Jai club box,Jaipur,7,13914721,Outliers,14263394,VIKINGS,Outliers,Resulted,20 runs,1,13914721,Outliers,68,3,6,7.0,0,9.71,0,0,0,0,0.0,0,0,0,0,12843502,Uddhav Chaudhary,13914721,Outliers,,,22,15,11,3,1,146.67,RHB,not out,not out,,,,,,,,,,,,,,,,,,,,,CricHeroes scorecard v2
509,BATTING,3,26395983,2141686,JCC Season 3,Limited Overs,2026-07-31,Jai club box,Jaipur,7,13914721,Outliers,14263394,VIKINGS,Outliers,Resulted,20 runs,1,13914721,Outliers,68,3,6,7.0,0,9.71,0,0,0,0,0.0,0,0,0,0,15803869,Nitin Setia,13914721,Outliers,,,2,4,3,0,0,50.0,RHB,not out,not out,,,,,,,,,,,,,,,,,,,,,CricHeroes scorecard v2
510,BATTING,3,26395983,2141686,JCC Season 3,Limited Overs,2026-07-31,Jai club box,Jaipur,7,13914721,Outliers,14263394,VIKINGS,Outliers,Resulted,20 runs,2,14263394,VIKINGS,48,3,15,7.0,0,6.86,0,0,0,0,0.0,0,0,0,0,38946978,Yash Pareek,14263394,VIKINGS,,,6,12,21,0,0,50.0,LHB,run out Madhav Sharma,run out Madhav Sharma,,,,,,,,,,,,,,,,,,,,,CricHeroes scorecard v2
511,BATTING,3,26395983,2141686,JCC Season 3,Limited Overs,2026-07-31,Jai club box,Jaipur,7,13914721,Outliers,14263394,VIKINGS,Outliers,Resulted,20 runs,2,14263394,VIKINGS,48,3,15,7.0,0,6.86,0,0,0,0,0.0,0,0,0,0,33295238,Mahesh kumar,14263394,VIKINGS,,,11,19,19,1,0,57.89,RHB,run out Madhav Sharma,run out Madhav Sharma,,,,,,,,,,,,,,,,,,,,,CricHeroes scorecard v2
512,BATTING,3,26395983,2141686,JCC Season 3,Limited Overs,2026-07-31,Jai club box,Jaipur,7,13914721,Outliers,14263394,VIKINGS,Outliers,Resulted,20 runs,2,14263394,VIKINGS,48,3,15,7.0,0,6.86,0,0,0,0,0.0,0,0,0,0,40500,Anagh Nandwana,14263394,VIKINGS,,,2,5,6,0,0,40.0,RHB,run out Krshna,run out Krshna,,,,,,,,,,,,,,,,,,,,,CricHeroes scorecard v2
513,BATTING,3,26395983,2141686,JCC Season 3,Limited Overs,2026-07-31,Jai club box,Jaipur,7,13914721,Outliers,14263394,VIKINGS,Outliers,Resulted,20 runs,2,14263394,VIKINGS,48,3,15,7.0,0,6.86,0,0,0,0,0.0,0,0,0,0,50368825,Bhairav Deep Touchy  (c),14263394,VIKINGS,,,13,7,6,0,2,185.71,RHB,not out,not out,,,,,,,,,,,,,,,,,,,,,CricHeroes scorecard v2
514,BATTING,3,26395983,2141686,JCC Season 3,Limited Overs,2026-07-31,Jai club box,Jaipur,7,13914721,Outliers,14263394,VIKINGS,Outliers,Resulted,20 runs,2,14263394,VIKINGS,48,3,15,7.0,0,6.86,0,0,0,0,0.0,0,0,0,0,52017845,Prashant Ramchandani,14263394,VIKINGS,,,1,1,1,0,0,100.0,RHB,not out,not out,,,,,,,,,,,,,,,,,,,,,CricHeroes scorecard v2
515,BATTING,3,26326478,2141686,JCC Season 3,Limited Overs,2026-07-26,Heera Box Cricket,Jaipur,7,13914529,Neuro strikers,14263394,VIKINGS,Neuro strikers,Resulted,9 runs,1,13914529,Neuro strikers,42,5,14,7.0,0,6.0,0,0,0,0,0.0,0,0,0,0,5228456,Anil Rawat,13914529,Neuro strikers,,,0,8,2,0,0,0.0,RHB,c Mahesh kumar b Opal,c Mahesh kumar b Opal,,,,,,,,,,,,,,,,,,,,,CricHeroes scorecard v2
516,BATTING,3,26326478,2141686,JCC Season 3,Limited Overs,2026-07-26,Heera Box Cricket,Jaipur,7,13914529,Neuro strikers,14263394,VIKINGS,Neuro strikers,Resulted,9 runs,1,13914529,Neuro strikers,42,5,14,7.0,0,6.0,0,0,0,0,0.0,0,0,0,0,49460120,Sagar,13914529,Neuro strikers,,,4,6,1,0,0,66.67,RHB,c †Prashant Ramchandani b Navin Gurjar,c †Prashant Ramchandani b Navin Gurjar,,,,,,,,,,,,,,,,,,,,,CricHeroes scorecard v2
517,BATTING,3,26326478,2141686,JCC Season 3,Limited Overs,2026-07-26,Heera Box Cricket,Jaipur,7,13914529,Neuro strikers,14263394,VIKINGS,Neuro strikers,Resulted,9 runs,1,13914529,Neuro strikers,42,5,14,7.0,0,6.0,0,0,0,0,0.0,0,0,0,0,7977983,Rahul  Kasliwal,13914529,Neuro strikers,,,1,4,3,0,0,25.0,RHB,b Navin Gurjar,b Navin Gurjar,,,,,,,,,,,,,,,,,,,,,CricHeroes scorecard v2
518,BATTING,3,26326478,2141686,JCC Season 3,Limited Overs,2026-07-26,Heera Box Cricket,Jaipur,7,13914529,Neuro strikers,14263394,VIKINGS,Neuro strikers,Resulted,9 runs,1,13914529,Neuro strikers,42,5,14,7.0,0,6.0,0,0,0,0,0.0,0,0,0,0,52038417,Vikas,13914529,Neuro strikers,,,7,11,5,0,0,63.64,RHB,b Mahesh kumar,b Mahesh kumar,,,,,,,,,,,,,,,,,,,,,CricHeroes scorecard v2
519,BATTING,3,26326478,2141686,JCC Season 3,Limited Overs,2026-07-26,Heera Box Cricket,Jaipur,7,13914529,Neuro strikers,14263394,VIKINGS,Neuro strikers,Resulted,9 runs,1,13914529,Neuro strikers,42,5,14,7.0,0,6.0,0,0,0,0,0.0,0,0,0,0,41945456,Saurabh CBI  (c),13914529,Neuro strikers,,,16,11,3,0,2,145.45,RHB,not out,not out,,,,,,,,,,,,,,,,,,,,,CricHeroes scorecard v2
520,BATTING,3,26326478,2141686,JCC Season 3,Limited Overs,2026-07-26,Heera Box Cricket,Jaipur,7,13914529,Neuro strikers,14263394,VIKINGS,Neuro strikers,Resulted,9 runs,1,13914529,Neuro strikers,42,5,14,7.0,0,6.0,0,0,0,0,0.0,0,0,0,0,4807250,Dr. Gaurav  (wk),13914529,Neuro strikers,,,0,2,1,0,0,0.0,RHB,b Mahesh kumar,b Mahesh kumar,,,,,,,,,,,,,,,,,,,,,CricHeroes scorecard v2
521,BATTING,3,26326478,2141686,JCC Season 3,Limited Overs,2026-07-26,Heera Box Cricket,Jaipur,7,13914529,Neuro strikers,14263394,VIKINGS,Neuro strikers,Resulted,9 runs,1,13914529,Neuro strikers,42,5,14,7.0,0,6.0,0,0,0,0,0.0,0,0,0,0,31438284,Dhruv Paliwal,13914529,Neuro strikers,,,0,0,1,0,0,0.0,RHB,not out,not out,,,,,,,,,,,,,,,,,,,,,CricHeroes scorecard v2
522,BATTING,3,26326478,2141686,JCC Season 3,Limited Overs,2026-07-26,Heera Box Cricket,Jaipur,7,13914529,Neuro strikers,14263394,VIKINGS,Neuro strikers,Resulted,9 runs,2,14263394,VIKINGS,33,1,7,7.0,0,4.71,0,0,0,0,0.0,0,0,0,0,33295238,Mahesh kumar,14263394,VIKINGS,,,11,9,1,1,1,122.22,RHB,c †Dr. Gaurav b Saurabh CBI,c †Dr. Gaurav b Saurabh CBI,,,,,,,,,,,,,,,,,,,,,CricHeroes scorecard v2
523,BATTING,3,26326478,2141686,JCC Season 3,Limited Overs,2026-07-26,Heera Box Cricket,Jaipur,7,13914529,Neuro strikers,14263394,VIKINGS,Neuro strikers,Resulted,9 runs,2,14263394,VIKINGS,33,1,7,7.0,0,4.71,0,0,0,0,0.0,0,0,0,0,52017845,Prashant Ramchandani  (wk),14263394,VIKINGS,,,5,14,4,0,0,35.71,RHB,not out,not out,,,,,,,,,,,,,,,,,,,,,CricHeroes scorecard v2
524,BATTING,3,26326478,2141686,JCC Season 3,Limited Overs,2026-07-26,Heera Box Cricket,Jaipur,7,13914529,Neuro strikers,14263394,VIKINGS,Neuro strikers,Resulted,9 runs,2,14263394,VIKINGS,33,1,7,7.0,0,4.71,0,0,0,0,0.0,0,0,0,0,6314755,Navin Gurjar,14263394,VIKINGS,,,2,12,2,0,0,16.67,RHB,retired hurt,retired hurt,,,,,,,,,,,,,,,,,,,,,CricHeroes scorecard v2
525,BATTING,3,26326478,2141686,JCC Season 3,Limited Overs,2026-07-26,Heera Box Cricket,Jaipur,7,13914529,Neuro strikers,14263394,VIKINGS,Neuro strikers,Resulted,9 runs,2,14263394,VIKINGS,33,1,7,7.0,0,4.71,0,0,0,0,0.0,0,0,0,0,50368825,Bhairav Deep Touchy  (c),14263394,VIKINGS,,,8,8,1,1,0,100.0,RHB,not out,not out,,,,,,,,,,,,,,,,,,,,,CricHeroes scorecard v2
526,BATTING,3,26286857,2141686,JCC Season 3,Limited Overs,2026-07-24,Heera Box Cricket,Jaipur,7,13914777,Mavericks,13914721,Outliers,Outliers,Resulted,5 wickets,1,13914777,Mavericks,54,3,4,7.0,0,7.71,0,0,0,0,0.0,0,0,0,0,565841,Harish Jangid,13914777,Mavericks,,,36,23,20,2,3,156.52,RHB,run out Rudraksh / Naman Mavericks,run out Rudraksh / Naman Mavericks,,,,,,,,,,,,,,,,,,,,,CricHeroes scorecard v2
527,BATTING,3,26286857,2141686,JCC Season 3,Limited Overs,2026-07-24,Heera Box Cricket,Jaipur,7,13914777,Mavericks,13914721,Outliers,Outliers,Resulted,5 wickets,1,13914777,Mavericks,54,3,4,7.0,0,7.71,0,0,0,0,0.0,0,0,0,0,49460259,Nitesh  (c),13914777,Mavericks,,,2,5,6,0,0,40.0,RHB,c †Nitin Setia b Satvik Todwal,c †Nitin Setia b Satvik Todwal,,,,,,,,,,,,,,,,,,,,,CricHeroes scorecard v2
528,BATTING,3,26286857,2141686,JCC Season 3,Limited Overs,2026-07-24,Heera Box Cricket,Jaipur,7,13914777,Mavericks,13914721,Outliers,Outliers,Resulted,5 wickets,1,13914777,Mavericks,54,3,4,7.0,0,7.71,0,0,0,0,0.0,0,0,0,0,3217470,Rahul Rathore,13914777,Mavericks,,,12,16,15,1,0,75.0,RHB,st †Krshna b Nitin Setia,st †Krshna b Nitin Setia,,,,,,,,,,,,,,,,,,,,,CricHeroes scorecard v2
529,BATTING,3,26286857,2141686,JCC Season 3,Limited Overs,2026-07-24,Heera Box Cricket,Jaipur,7,13914777,Mavericks,13914721,Outliers,Outliers,Resulted,5 wickets,1,13914777,Mavericks,54,3,4,7.0,0,7.71,0,0,0,0,0.0,0,0,0,0,349449,Prateek Chatterjee,13914777,Mavericks,,,0,0,1,0,0,0.0,RHB,not out,not out,,,,,,,,,,,,,,,,,,,,,CricHeroes scorecard v2
530,BATTING,3,26286857,2141686,JCC Season 3,Limited Overs,2026-07-24,Heera Box Cricket,Jaipur,7,13914777,Mavericks,13914721,Outliers,Outliers,Resulted,5 wickets,2,13914721,Outliers,55,1,1,6.5,0,8.05,0,0,0,0,0.0,0,0,0,0,50368899,Naman Mavericks  (c),13914721,Outliers,,,12,8,5,0,2,150.0,RHB,b Harish Jangid,b Harish Jangid,,,,,,,,,,,,,,,,,,,,,CricHeroes scorecard v2
531,BATTING,3,26286857,2141686,JCC Season 3,Limited Overs,2026-07-24,Heera Box Cricket,Jaipur,7,13914777,Mavericks,13914721,Outliers,Outliers,Resulted,5 wickets,2,13914721,Outliers,55,1,1,6.5,0,8.05,0,0,0,0,0.0,0,0,0,0,52957809,Siddharth Rao Jcc,13914721,Outliers,,,22,19,20,0,2,115.79,RHB,not out,not out,,,,,,,,,,,,,,,,,,,,,CricHeroes scorecard v2
532,BATTING,3,26286857,2141686,JCC Season 3,Limited Overs,2026-07-24,Heera Box Cricket,Jaipur,7,13914777,Mavericks,13914721,Outliers,Outliers,Resulted,5 wickets,2,13914721,Outliers,55,1,1,6.5,0,8.05,0,0,0,0,0.0,0,0,0,0,50368913,Rudraksh,13914721,Outliers,,,20,14,13,1,2,142.86,RHB,not out,not out,,,,,,,,,,,,,,,,,,,,,CricHeroes scorecard v2
533,BATTING,3,26286162,2141686,JCC Season 3,Limited Overs,2026-07-24,Heera Box Cricket,Jaipur,7,14263394,VIKINGS,13914777,Mavericks,VIKINGS,Resulted,22 runs,1,14263394,VIKINGS,66,3,15,7.0,0,9.43,0,0,0,0,0.0,0,0,0,0,33295238,Mahesh kumar,14263394,VIKINGS,,,8,11,8,0,1,72.73,RHB,c Prateek Chatterjee b Ankit,c Prateek Chatterjee b Ankit,,,,,,,,,,,,,,,,,,,,,CricHeroes scorecard v2
534,BATTING,3,26286162,2141686,JCC Season 3,Limited Overs,2026-07-24,Heera Box Cricket,Jaipur,7,14263394,VIKINGS,13914777,Mavericks,VIKINGS,Resulted,22 runs,1,14263394,VIKINGS,66,3,15,7.0,0,9.43,0,0,0,0,0.0,0,0,0,0,50368825,Bhairav Deep Touchy  (c),14263394,VIKINGS,,,34,24,23,1,4,141.67,RHB,c Rahul Rathore b Lakshay,c Rahul Rathore b Lakshay,,,,,,,,,,,,,,,,,,,,,CricHeroes scorecard v2
535,BATTING,3,26286162,2141686,JCC Season 3,Limited Overs,2026-07-24,Heera Box Cricket,Jaipur,7,14263394,VIKINGS,13914777,Mavericks,VIKINGS,Resulted,22 runs,1,14263394,VIKINGS,66,3,15,7.0,0,9.43,0,0,0,0,0.0,0,0,0,0,6314755,Navin Gurjar,14263394,VIKINGS,,,7,6,9,0,1,116.67,RHB,run out Harish Jangid,run out Harish Jangid,,,,,,,,,,,,,,,,,,,,,CricHeroes scorecard v2
536,BATTING,3,26286162,2141686,JCC Season 3,Limited Overs,2026-07-24,Heera Box Cricket,Jaipur,7,14263394,VIKINGS,13914777,Mavericks,VIKINGS,Resulted,22 runs,1,14263394,VIKINGS,66,3,15,7.0,0,9.43,0,0,0,0,0.0,0,0,0,0,1748478,Nishant Gupta,14263394,VIKINGS,,,2,2,5,0,0,100.0,RHB,not out,not out,,,,,,,,,,,,,,,,,,,,,CricHeroes scorecard v2
537,BATTING,3,26286162,2141686,JCC Season 3,Limited Overs,2026-07-24,Heera Box Cricket,Jaipur,7,14263394,VIKINGS,13914777,Mavericks,VIKINGS,Resulted,22 runs,2,13914777,Mavericks,44,6,2,7.0,0,6.29,0,0,0,0,0.0,0,0,0,0,3217470,Rahul Rathore,13914777,Mavericks,,,31,24,21,5,1,129.17,RHB,c Navin Gurjar b Opal,c Navin Gurjar b Opal,,,,,,,,,,,,,,,,,,,,,CricHeroes scorecard v2
538,BATTING,3,26286162,2141686,JCC Season 3,Limited Overs,2026-07-24,Heera Box Cricket,Jaipur,7,14263394,VIKINGS,13914777,Mavericks,VIKINGS,Resulted,22 runs,2,13914777,Mavericks,44,6,2,7.0,0,6.29,0,0,0,0,0.0,0,0,0,0,1218133,Ankit,13914777,Mavericks,,,1,2,2,0,0,50.0,RHB,b Nishant Gupta,b Nishant Gupta,,,,,,,,,,,,,,,,,,,,,CricHeroes scorecard v2
539,BATTING,3,26286162,2141686,JCC Season 3,Limited Overs,2026-07-24,Heera Box Cricket,Jaipur,7,14263394,VIKINGS,13914777,Mavericks,VIKINGS,Resulted,22 runs,2,13914777,Mavericks,44,6,2,7.0,0,6.29,0,0,0,0,0.0,0,0,0,0,8131458,Lakshay,13914777,Mavericks,,,1,4,2,0,0,25.0,RHB,b Mahesh kumar,b Mahesh kumar,,,,,,,,,,,,,,,,,,,,,CricHeroes scorecard v2
540,BATTING,3,26286162,2141686,JCC Season 3,Limited Overs,2026-07-24,Heera Box Cricket,Jaipur,7,14263394,VIKINGS,13914777,Mavericks,VIKINGS,Resulted,22 runs,2,13914777,Mavericks,44,6,2,7.0,0,6.29,0,0,0,0,0.0,0,0,0,0,565841,Harish Jangid,13914777,Mavericks,,,8,5,5,0,1,160.0,RHB,c Opal b Nishant Gupta,c Opal b Nishant Gupta,,,,,,,,,,,,,,,,,,,,,CricHeroes scorecard v2
541,BATTING,3,26286162,2141686,JCC Season 3,Limited Overs,2026-07-24,Heera Box Cricket,Jaipur,7,14263394,VIKINGS,13914777,Mavericks,VIKINGS,Resulted,22 runs,2,13914777,Mavericks,44,6,2,7.0,0,6.29,0,0,0,0,0.0,0,0,0,0,49460259,Nitesh  (c),13914777,Mavericks,,,0,2,1,0,0,0.0,RHB,b Nishant Gupta,b Nishant Gupta,,,,,,,,,,,,,,,,,,,,,CricHeroes scorecard v2
542,BATTING,3,26286162,2141686,JCC Season 3,Limited Overs,2026-07-24,Heera Box Cricket,Jaipur,7,14263394,VIKINGS,13914777,Mavericks,VIKINGS,Resulted,22 runs,2,13914777,Mavericks,44,6,2,7.0,0,6.29,0,0,0,0,0.0,0,0,0,0,49459939,Abhijeet Singh Shekhawat,13914777,Mavericks,,,0,4,3,0,0,0.0,RHB,b Mahesh kumar,b Mahesh kumar,,,,,,,,,,,,,,,,,,,,,CricHeroes scorecard v2
543,BATTING,3,26286162,2141686,JCC Season 3,Limited Overs,2026-07-24,Heera Box Cricket,Jaipur,7,14263394,VIKINGS,13914777,Mavericks,VIKINGS,Resulted,22 runs,2,13914777,Mavericks,44,6,2,7.0,0,6.29,0,0,0,0,0.0,0,0,0,0,349449,Prateek Chatterjee,13914777,Mavericks,,,1,1,5,0,0,100.0,RHB,not out,not out,,,,,,,,,,,,,,,,,,,,,CricHeroes scorecard v2
544,BATTING,3,26285487,2141686,JCC Season 3,Limited Overs,2026-07-24,Heera Box Cricket,Jaipur,7,13914721,Outliers,13914529,Neuro strikers,Neuro strikers,Resulted,6 wickets,1,13914721,Outliers,45,2,4,7.0,0,6.43,0,0,0,0,0.0,0,0,0,0,50368899,Naman Mavericks  (c),13914721,Outliers,,,34,25,22,2,3,136.0,RHB,not out,not out,,,,,,,,,,,,,,,,,,,,,CricHeroes scorecard v2
545,BATTING,3,26285487,2141686,JCC Season 3,Limited Overs,2026-07-24,Heera Box Cricket,Jaipur,7,13914721,Outliers,13914529,Neuro strikers,Neuro strikers,Resulted,6 wickets,1,13914721,Outliers,45,2,4,7.0,0,6.43,0,0,0,0,0.0,0,0,0,0,23405299,Rishabh Soni,13914721,Outliers,,,1,2,3,0,0,50.0,RHB,run out Saurabh CBI,run out Saurabh CBI,,,,,,,,,,,,,,,,,,,,,CricHeroes scorecard v2
546,BATTING,3,26285487,2141686,JCC Season 3,Limited Overs,2026-07-24,Heera Box Cricket,Jaipur,7,13914721,Outliers,13914529,Neuro strikers,Neuro strikers,Resulted,6 wickets,1,13914721,Outliers,45,2,4,7.0,0,6.43,0,0,0,0,0.0,0,0,0,0,50368913,Rudraksh,13914721,Outliers,,,3,11,10,0,0,27.27,RHB,st †Dr. Gaurav b Rahul  Kasliwal,st †Dr. Gaurav b Rahul  Kasliwal,,,,,,,,,,,,,,,,,,,,,CricHeroes scorecard v2
547,BATTING,3,26285487,2141686,JCC Season 3,Limited Overs,2026-07-24,Heera Box Cricket,Jaipur,7,13914721,Outliers,13914529,Neuro strikers,Neuro strikers,Resulted,6 wickets,1,13914721,Outliers,45,2,4,7.0,0,6.43,0,0,0,0,0.0,0,0,0,0,52957809,Siddharth Rao Jcc,13914721,Outliers,,,3,5,8,0,0,60.0,RHB,not out,not out,,,,,,,,,,,,,,,,,,,,,CricHeroes scorecard v2
548,BATTING,3,26285487,2141686,JCC Season 3,Limited Overs,2026-07-24,Heera Box Cricket,Jaipur,7,13914721,Outliers,13914529,Neuro strikers,Neuro strikers,Resulted,6 wickets,2,13914529,Neuro strikers,48,0,4,4.0,0,12.0,0,0,0,0,0.0,0,0,0,0,5228456,Anil Rawat,13914529,Neuro strikers,,,16,12,12,1,2,133.33,RHB,not out,not out,,,,,,,,,,,,,,,,,,,,,CricHeroes scorecard v2
549,BATTING,3,26285487,2141686,JCC Season 3,Limited Overs,2026-07-24,Heera Box Cricket,Jaipur,7,13914721,Outliers,13914529,Neuro strikers,Neuro strikers,Resulted,6 wickets,2,13914529,Neuro strikers,48,0,4,4.0,0,12.0,0,0,0,0,0.0,0,0,0,0,49460120,Sagar,13914529,Neuro strikers,,,28,12,12,4,2,233.33,RHB,not out,not out,,,,,,,,,,,,,,,,,,,,,CricHeroes scorecard v2
550,BOWLING,2,26175565,2092140,JCC Box Cricket League,Box Cricket,2026-07-17,Turf8teen10,Jaipur,7,13914529,Neuro strikers,13914777,Mavericks,Neuro strikers,Resulted,26 runs,1,13914529,Neuro strikers,59,4,3,7.0,0,8.43,0,0,0,0,0.0,0,0,0,0,38735959,Siddharth Rao,13914529,Neuro strikers,13914777,Mavericks,8,0,,0,1,,,,,2.0,1,1,9,0,0,4.0,,,,,,,,,,,,,,CricHeroes scorecard v2
551,BOWLING,2,26175565,2092140,JCC Box Cricket League,Box Cricket,2026-07-17,Turf8teen10,Jaipur,7,13914529,Neuro strikers,13914777,Mavericks,Neuro strikers,Resulted,26 runs,1,13914529,Neuro strikers,59,4,3,7.0,0,8.43,0,0,0,0,0.0,0,0,0,0,52038417,Vikas,13914529,Neuro strikers,13914777,Mavericks,21,0,,2,1,,,,,2.0,0,0,4,0,0,10.5,,,,,,,,,,,,,,CricHeroes scorecard v2
552,BOWLING,2,26175565,2092140,JCC Box Cricket League,Box Cricket,2026-07-17,Turf8teen10,Jaipur,7,13914529,Neuro strikers,13914777,Mavericks,Neuro strikers,Resulted,26 runs,1,13914529,Neuro strikers,59,4,3,7.0,0,8.43,0,0,0,0,0.0,0,0,0,0,7977983,Rahul  Kasliwal,13914529,Neuro strikers,13914777,Mavericks,12,0,,1,1,,,,,1.0,0,0,3,0,0,12.0,,,,,,,,,,,,,,CricHeroes scorecard v2
553,BOWLING,2,26175565,2092140,JCC Box Cricket League,Box Cricket,2026-07-17,Turf8teen10,Jaipur,7,13914529,Neuro strikers,13914777,Mavericks,Neuro strikers,Resulted,26 runs,1,13914529,Neuro strikers,59,4,3,7.0,0,8.43,0,0,0,0,0.0,0,0,0,0,5228456,Anil Rawat  (c),13914529,Neuro strikers,13914777,Mavericks,18,0,,1,1,,,,,2.0,0,2,6,3,0,9.0,,,,,,,,,,,,,,CricHeroes scorecard v2
554,BOWLING,2,26175565,2092140,JCC Box Cricket League,Box Cricket,2026-07-17,Turf8teen10,Jaipur,7,13914529,Neuro strikers,13914777,Mavericks,Neuro strikers,Resulted,26 runs,2,13914777,Mavericks,33,5,4,7.0,0,4.71,0,0,0,0,0.0,0,0,0,0,33295238,Mahesh kumar,13914777,Mavericks,13914529,Neuro strikers,5,0,,0,0,,,,,2.0,0,0,7,0,0,2.5,,,,,,,,,,,,,,CricHeroes scorecard v2
555,BOWLING,2,26175565,2092140,JCC Box Cricket League,Box Cricket,2026-07-17,Turf8teen10,Jaipur,7,13914529,Neuro strikers,13914777,Mavericks,Neuro strikers,Resulted,26 runs,2,13914777,Mavericks,33,5,4,7.0,0,4.71,0,0,0,0,0.0,0,0,0,0,49460120,Sagar  (c),13914777,Mavericks,13914529,Neuro strikers,14,0,,1,1,,,,,2.0,0,1,8,2,0,7.0,,,,,,,,,,,,,,CricHeroes scorecard v2
556,BOWLING,2,26175565,2092140,JCC Box Cricket League,Box Cricket,2026-07-17,Turf8teen10,Jaipur,7,13914529,Neuro strikers,13914777,Mavericks,Neuro strikers,Resulted,26 runs,2,13914777,Mavericks,33,5,4,7.0,0,4.71,0,0,0,0,0.0,0,0,0,0,41945456,Saurabh CBI,13914777,Mavericks,13914529,Neuro strikers,8,0,,0,0,,,,,2.0,0,1,9,1,1,4.0,,,,,,,,,,,,,,CricHeroes scorecard v2
557,BOWLING,2,26175565,2092140,JCC Box Cricket League,Box Cricket,2026-07-17,Turf8teen10,Jaipur,7,13914529,Neuro strikers,13914777,Mavericks,Neuro strikers,Resulted,26 runs,2,13914777,Mavericks,33,5,4,7.0,0,4.71,0,0,0,0,0.0,0,0,0,0,49459939,Abhijeet Singh Shekhawat,13914777,Mavericks,13914529,Neuro strikers,6,0,,0,1,,,,,1.0,0,2,5,0,0,6.0,,,,,,,,,,,,,,CricHeroes scorecard v2
558,BOWLING,2,26158057,2092140,JCC Box Cricket League,Box Cricket,2026-07-17,Heera Box Cricket,Jaipur,7,13914721,Outliers,13914529,Neuro strikers,Neuro strikers,Resulted,6 wickets,1,13914721,Outliers,51,3,7,7.0,0,7.29,0,0,0,0,0.0,0,0,0,0,33295238,Mahesh kumar,13914721,Outliers,13914529,Neuro strikers,22,0,,1,2,,,,,2.0,0,0,5,0,0,11.0,,,,,,,,,,,,,,CricHeroes scorecard v2
559,BOWLING,2,26158057,2092140,JCC Box Cricket League,Box Cricket,2026-07-17,Heera Box Cricket,Jaipur,7,13914721,Outliers,13914529,Neuro strikers,Neuro strikers,Resulted,6 wickets,1,13914721,Outliers,51,3,7,7.0,0,7.29,0,0,0,0,0.0,0,0,0,0,41945456,Saurabh CBI,13914721,Outliers,13914529,Neuro strikers,13,0,,1,0,,,,,2.0,0,2,5,3,0,6.5,,,,,,,,,,,,,,CricHeroes scorecard v2
560,BOWLING,2,26158057,2092140,JCC Box Cricket League,Box Cricket,2026-07-17,Heera Box Cricket,Jaipur,7,13914721,Outliers,13914529,Neuro strikers,Neuro strikers,Resulted,6 wickets,1,13914721,Outliers,51,3,7,7.0,0,7.29,0,0,0,0,0.0,0,0,0,0,49460120,Sagar  (c),13914721,Outliers,13914529,Neuro strikers,4,0,,0,0,,,,,2.0,1,0,11,2,0,2.0,,,,,,,,,,,,,,CricHeroes scorecard v2
561,BOWLING,2,26158057,2092140,JCC Box Cricket League,Box Cricket,2026-07-17,Heera Box Cricket,Jaipur,7,13914721,Outliers,13914529,Neuro strikers,Neuro strikers,Resulted,6 wickets,1,13914721,Outliers,51,3,7,7.0,0,7.29,0,0,0,0,0.0,0,0,0,0,8131458,Lakshay,13914721,Outliers,13914529,Neuro strikers,12,0,,0,1,,,,,1.0,0,0,1,2,0,12.0,,,,,,,,,,,,,,CricHeroes scorecard v2
562,BOWLING,2,26158057,2092140,JCC Box Cricket League,Box Cricket,2026-07-17,Heera Box Cricket,Jaipur,7,13914721,Outliers,13914529,Neuro strikers,Neuro strikers,Resulted,6 wickets,2,13914529,Neuro strikers,52,1,7,6.3,0,8.0,0,0,0,0,0.0,0,0,0,0,21015521,Satvik Todwal,13914529,Neuro strikers,13914721,Outliers,2,0,,0,0,,,,,1.0,0,0,5,0,0,2.0,,,,,,,,,,,,,,CricHeroes scorecard v2
563,BOWLING,2,26158057,2092140,JCC Box Cricket League,Box Cricket,2026-07-17,Heera Box Cricket,Jaipur,7,13914721,Outliers,13914529,Neuro strikers,Neuro strikers,Resulted,6 wickets,2,13914529,Neuro strikers,52,1,7,6.3,0,8.0,0,0,0,0,0.0,0,0,0,0,31438284,Dhruv Paliwal,13914529,Neuro strikers,13914721,Outliers,17,0,,0,2,,,,,2.0,0,1,8,3,0,8.5,,,,,,,,,,,,,,CricHeroes scorecard v2
564,BOWLING,2,26158057,2092140,JCC Box Cricket League,Box Cricket,2026-07-17,Heera Box Cricket,Jaipur,7,13914721,Outliers,13914529,Neuro strikers,Neuro strikers,Resulted,6 wickets,2,13914529,Neuro strikers,52,1,7,6.3,0,8.0,0,0,0,0,0.0,0,0,0,0,50368913,Rudraksh  (c),13914529,Neuro strikers,13914721,Outliers,10,0,,0,1,,,,,1.0,0,0,4,2,1,10.0,,,,,,,,,,,,,,CricHeroes scorecard v2
565,BOWLING,2,26158057,2092140,JCC Box Cricket League,Box Cricket,2026-07-17,Heera Box Cricket,Jaipur,7,13914721,Outliers,13914529,Neuro strikers,Neuro strikers,Resulted,6 wickets,2,13914529,Neuro strikers,52,1,7,6.3,0,8.0,0,0,0,0,0.0,0,0,0,0,1748478,Nishant Gupta,13914529,Neuro strikers,13914721,Outliers,16,0,,2,0,,,,,2.0,0,0,4,0,1,8.0,,,,,,,,,,,,,,CricHeroes scorecard v2
566,BOWLING,2,26158057,2092140,JCC Box Cricket League,Box Cricket,2026-07-17,Heera Box Cricket,Jaipur,7,13914721,Outliers,13914529,Neuro strikers,Neuro strikers,Resulted,6 wickets,2,13914529,Neuro strikers,52,1,7,6.3,0,8.0,0,0,0,0,0.0,0,0,0,0,50368899,Naman Mavericks,13914529,Neuro strikers,13914721,Outliers,7,0,,0,1,,,,,0.3,0,0,1,0,0,14.0,,,,,,,,,,,,,,CricHeroes scorecard v2
567,BOWLING,2,26158010,2092140,JCC Box Cricket League,Box Cricket,2026-07-17,Heera Box Cricket,Jaipur,7,13914777,Mavericks,13914721,Outliers,Mavericks,Resulted,20 runs,1,13914777,Mavericks,50,5,10,7.0,0,7.14,0,0,0,0,0.0,0,0,0,0,50368913,Rudraksh  (c),13914777,Mavericks,13914721,Outliers,11,0,,0,1,,,,,1.0,0,0,3,1,1,11.0,,,,,,,,,,,,,,CricHeroes scorecard v2
568,BOWLING,2,26158010,2092140,JCC Box Cricket League,Box Cricket,2026-07-17,Heera Box Cricket,Jaipur,7,13914777,Mavericks,13914721,Outliers,Mavericks,Resulted,20 runs,1,13914777,Mavericks,50,5,10,7.0,0,7.14,0,0,0,0,0.0,0,0,0,0,1748478,Nishant Gupta,13914777,Mavericks,13914721,Outliers,10,0,,1,0,,,,,2.0,0,0,10,5,0,5.0,,,,,,,,,,,,,,CricHeroes scorecard v2
569,BOWLING,2,26158010,2092140,JCC Box Cricket League,Box Cricket,2026-07-17,Heera Box Cricket,Jaipur,7,13914777,Mavericks,13914721,Outliers,Mavericks,Resulted,20 runs,1,13914777,Mavericks,50,5,10,7.0,0,7.14,0,0,0,0,0.0,0,0,0,0,31438284,Dhruv Paliwal,13914777,Mavericks,13914721,Outliers,15,0,,3,0,,,,,2.0,0,1,6,0,0,7.5,,,,,,,,,,,,,,CricHeroes scorecard v2
570,BOWLING,2,26158010,2092140,JCC Box Cricket League,Box Cricket,2026-07-17,Heera Box Cricket,Jaipur,7,13914777,Mavericks,13914721,Outliers,Mavericks,Resulted,20 runs,1,13914777,Mavericks,50,5,10,7.0,0,7.14,0,0,0,0,0.0,0,0,0,0,21015521,Satvik Todwal,13914777,Mavericks,13914721,Outliers,9,0,,0,1,,,,,1.0,0,1,3,1,0,9.0,,,,,,,,,,,,,,CricHeroes scorecard v2
571,BOWLING,2,26158010,2092140,JCC Box Cricket League,Box Cricket,2026-07-17,Heera Box Cricket,Jaipur,7,13914777,Mavericks,13914721,Outliers,Mavericks,Resulted,20 runs,1,13914777,Mavericks,50,5,10,7.0,0,7.14,0,0,0,0,0.0,0,0,0,0,52038452,Krshna,13914777,Mavericks,13914721,Outliers,5,0,,0,0,,,,,1.0,0,2,3,2,0,5.0,,,,,,,,,,,,,,CricHeroes scorecard v2
572,BOWLING,2,26158010,2092140,JCC Box Cricket League,Box Cricket,2026-07-17,Heera Box Cricket,Jaipur,7,13914777,Mavericks,13914721,Outliers,Mavericks,Resulted,20 runs,2,13914721,Outliers,30,4,2,7.0,0,4.29,0,0,0,0,0.0,0,0,0,0,38735959,Siddharth Rao,13914721,Outliers,13914777,Mavericks,5,0,,0,0,,,,,2.0,0,1,8,0,0,2.5,,,,,,,,,,,,,,CricHeroes scorecard v2
573,BOWLING,2,26158010,2092140,JCC Box Cricket League,Box Cricket,2026-07-17,Heera Box Cricket,Jaipur,7,13914777,Mavericks,13914721,Outliers,Mavericks,Resulted,20 runs,2,13914721,Outliers,30,4,2,7.0,0,4.29,0,0,0,0,0.0,0,0,0,0,7977983,Rahul  Kasliwal,13914721,Outliers,13914777,Mavericks,21,0,,1,2,,,,,2.0,0,1,6,1,0,10.5,,,,,,,,,,,,,,CricHeroes scorecard v2
574,BOWLING,2,26158010,2092140,JCC Box Cricket League,Box Cricket,2026-07-17,Heera Box Cricket,Jaipur,7,13914777,Mavericks,13914721,Outliers,Mavericks,Resulted,20 runs,2,13914721,Outliers,30,4,2,7.0,0,4.29,0,0,0,0,0.0,0,0,0,0,52038417,Vikas,13914721,Outliers,13914777,Mavericks,3,0,,0,0,,,,,2.0,0,2,10,1,0,1.5,,,,,,,,,,,,,,CricHeroes scorecard v2
575,BOWLING,2,26158010,2092140,JCC Box Cricket League,Box Cricket,2026-07-17,Heera Box Cricket,Jaipur,7,13914777,Mavericks,13914721,Outliers,Mavericks,Resulted,20 runs,2,13914721,Outliers,30,4,2,7.0,0,4.29,0,0,0,0,0.0,0,0,0,0,5228456,Anil Rawat  (c),13914721,Outliers,13914777,Mavericks,1,0,,0,0,,,,,1.0,0,0,5,0,0,1.0,,,,,,,,,,,,,,CricHeroes scorecard v2
576,BOWLING,2,26158038,2092140,JCC Box Cricket League,Box Cricket,2026-07-17,Heera Box Cricket,Jaipur,7,13914777,Mavericks,13914529,Neuro strikers,Neuro strikers,Resulted,7 wickets,1,13914777,Mavericks,46,2,2,7.0,0,6.57,0,0,0,0,0.0,0,0,0,0,41945456,Saurabh CBI,13914777,Mavericks,13914529,Neuro strikers,21,0,,2,1,,,,,2.0,0,0,4,1,0,10.5,,,,,,,,,,,,,,CricHeroes scorecard v2
577,BOWLING,2,26158038,2092140,JCC Box Cricket League,Box Cricket,2026-07-17,Heera Box Cricket,Jaipur,7,13914777,Mavericks,13914529,Neuro strikers,Neuro strikers,Resulted,7 wickets,1,13914777,Mavericks,46,2,2,7.0,0,6.57,0,0,0,0,0.0,0,0,0,0,33295238,Mahesh kumar,13914777,Mavericks,13914529,Neuro strikers,8,0,,0,1,,,,,2.0,0,0,9,0,0,4.0,,,,,,,,,,,,,,CricHeroes scorecard v2
578,BOWLING,2,26158038,2092140,JCC Box Cricket League,Box Cricket,2026-07-17,Heera Box Cricket,Jaipur,7,13914777,Mavericks,13914529,Neuro strikers,Neuro strikers,Resulted,7 wickets,1,13914777,Mavericks,46,2,2,7.0,0,6.57,0,0,0,0,0.0,0,0,0,0,49460120,Sagar  (c),13914777,Mavericks,13914529,Neuro strikers,8,0,,1,0,,,,,2.0,0,0,9,1,0,4.0,,,,,,,,,,,,,,CricHeroes scorecard v2
579,BOWLING,2,26158038,2092140,JCC Box Cricket League,Box Cricket,2026-07-17,Heera Box Cricket,Jaipur,7,13914777,Mavericks,13914529,Neuro strikers,Neuro strikers,Resulted,7 wickets,1,13914777,Mavericks,46,2,2,7.0,0,6.57,0,0,0,0,0.0,0,0,0,0,49459939,Abhijeet Singh Shekhawat,13914777,Mavericks,13914529,Neuro strikers,9,0,,0,1,,,,,1.0,0,0,3,0,0,9.0,,,,,,,,,,,,,,CricHeroes scorecard v2
580,BOWLING,2,26158038,2092140,JCC Box Cricket League,Box Cricket,2026-07-17,Heera Box Cricket,Jaipur,7,13914777,Mavericks,13914529,Neuro strikers,Neuro strikers,Resulted,7 wickets,2,13914529,Neuro strikers,50,0,0,5.0,0,10.0,0,0,0,0,0.0,0,0,0,0,38735959,Siddharth Rao,13914529,Neuro strikers,13914777,Mavericks,1,0,,0,0,,,,,1.0,0,0,5,0,0,1.0,,,,,,,,,,,,,,CricHeroes scorecard v2
581,BOWLING,2,26158038,2092140,JCC Box Cricket League,Box Cricket,2026-07-17,Heera Box Cricket,Jaipur,7,13914777,Mavericks,13914529,Neuro strikers,Neuro strikers,Resulted,7 wickets,2,13914529,Neuro strikers,50,0,0,5.0,0,10.0,0,0,0,0,0.0,0,0,0,0,52038417,Vikas,13914529,Neuro strikers,13914777,Mavericks,33,0,,1,4,,,,,2.0,0,0,4,0,0,16.5,,,,,,,,,,,,,,CricHeroes scorecard v2
582,BOWLING,2,26158038,2092140,JCC Box Cricket League,Box Cricket,2026-07-17,Heera Box Cricket,Jaipur,7,13914777,Mavericks,13914529,Neuro strikers,Neuro strikers,Resulted,7 wickets,2,13914529,Neuro strikers,50,0,0,5.0,0,10.0,0,0,0,0,0.0,0,0,0,0,7977983,Rahul  Kasliwal,13914529,Neuro strikers,13914777,Mavericks,4,0,,0,0,,,,,1.0,0,0,4,0,0,4.0,,,,,,,,,,,,,,CricHeroes scorecard v2
583,BOWLING,2,26158038,2092140,JCC Box Cricket League,Box Cricket,2026-07-17,Heera Box Cricket,Jaipur,7,13914777,Mavericks,13914529,Neuro strikers,Neuro strikers,Resulted,7 wickets,2,13914529,Neuro strikers,50,0,0,5.0,0,10.0,0,0,0,0,0.0,0,0,0,0,5228456,Anil Rawat  (c),13914529,Neuro strikers,13914777,Mavericks,12,0,,0,2,,,,,1.0,0,0,4,0,0,12.0,,,,,,,,,,,,,,CricHeroes scorecard v2
584,BOWLING,2,26088240,2092140,JCC Box Cricket League,Box Cricket,2026-07-12,Turf8teen10,Jaipur,7,13914529,Neuro strikers,13914777,Mavericks,Mavericks,Resulted,6 wickets,1,13914529,Neuro strikers,32,4,6,7.0,0,4.57,0,0,0,0,0.0,0,0,0,0,38735959,Siddharth Rao,13914529,Neuro strikers,13914777,Mavericks,4,0,,0,0,,,,,1.0,0,1,5,2,0,4.0,,,,,,,,,,,,,,CricHeroes scorecard v2
585,BOWLING,2,26088240,2092140,JCC Box Cricket League,Box Cricket,2026-07-12,Turf8teen10,Jaipur,7,13914529,Neuro strikers,13914777,Mavericks,Mavericks,Resulted,6 wickets,1,13914529,Neuro strikers,32,4,6,7.0,0,4.57,0,0,0,0,0.0,0,0,0,0,52038417,Vikas,13914529,Neuro strikers,13914777,Mavericks,4,0,,0,0,,,,,2.0,0,2,10,0,0,2.0,,,,,,,,,,,,,,CricHeroes scorecard v2
586,BOWLING,2,26088240,2092140,JCC Box Cricket League,Box Cricket,2026-07-12,Turf8teen10,Jaipur,7,13914529,Neuro strikers,13914777,Mavericks,Mavericks,Resulted,6 wickets,1,13914529,Neuro strikers,32,4,6,7.0,0,4.57,0,0,0,0,0.0,0,0,0,0,7989139,Sonu,13914529,Neuro strikers,13914777,Mavericks,2,0,,0,0,,,,,1.0,0,0,5,1,0,2.0,,,,,,,,,,,,,,CricHeroes scorecard v2
587,BOWLING,2,26088240,2092140,JCC Box Cricket League,Box Cricket,2026-07-12,Turf8teen10,Jaipur,7,13914529,Neuro strikers,13914777,Mavericks,Mavericks,Resulted,6 wickets,1,13914529,Neuro strikers,32,4,6,7.0,0,4.57,0,0,0,0,0.0,0,0,0,0,15803869,Nitin Setia,13914529,Neuro strikers,13914777,Mavericks,17,0,,0,2,,,,,2.0,0,1,8,1,0,8.5,,,,,,,,,,,,,,CricHeroes scorecard v2
588,BOWLING,2,26088240,2092140,JCC Box Cricket League,Box Cricket,2026-07-12,Turf8teen10,Jaipur,7,13914529,Neuro strikers,13914777,Mavericks,Mavericks,Resulted,6 wickets,1,13914529,Neuro strikers,32,4,6,7.0,0,4.57,0,0,0,0,0.0,0,0,0,0,7977983,Rahul  Kasliwal,13914529,Neuro strikers,13914777,Mavericks,5,0,,0,0,,,,,1.0,0,0,4,2,0,5.0,,,,,,,,,,,,,,CricHeroes scorecard v2
589,BOWLING,2,26088240,2092140,JCC Box Cricket League,Box Cricket,2026-07-12,Turf8teen10,Jaipur,7,13914529,Neuro strikers,13914777,Mavericks,Mavericks,Resulted,6 wickets,2,13914777,Mavericks,33,1,2,5.4,0,5.82,0,0,0,0,0.0,0,0,0,0,33295238,Mahesh kumar,13914777,Mavericks,13914529,Neuro strikers,10,0,,0,1,,,,,2.0,0,1,8,0,0,5.0,,,,,,,,,,,,,,CricHeroes scorecard v2
590,BOWLING,2,26088240,2092140,JCC Box Cricket League,Box Cricket,2026-07-12,Turf8teen10,Jaipur,7,13914529,Neuro strikers,13914777,Mavericks,Mavericks,Resulted,6 wickets,2,13914777,Mavericks,33,1,2,5.4,0,5.82,0,0,0,0,0.0,0,0,0,0,49460120,Sagar  (c),13914777,Mavericks,13914529,Neuro strikers,13,0,,0,0,,,,,2.0,0,0,4,2,0,6.5,,,,,,,,,,,,,,CricHeroes scorecard v2
591,BOWLING,2,26088240,2092140,JCC Box Cricket League,Box Cricket,2026-07-12,Turf8teen10,Jaipur,7,13914529,Neuro strikers,13914777,Mavericks,Mavericks,Resulted,6 wickets,2,13914777,Mavericks,33,1,2,5.4,0,5.82,0,0,0,0,0.0,0,0,0,0,41945456,Saurabh CBI,13914777,Mavericks,13914529,Neuro strikers,10,0,,0,1,,,,,1.4,0,0,6,0,0,6.0,,,,,,,,,,,,,,CricHeroes scorecard v2
592,BOWLING,2,26085797,2092140,JCC Box Cricket League,Box Cricket,2026-07-12,Turf8teen10,Jaipur,7,13914721,Outliers,13914529,Neuro strikers,Neuro strikers,Resulted,5 wickets,1,13914721,Outliers,84,4,5,7.0,0,12.0,0,0,0,0,0.0,0,0,0,0,49459939,Abhijeet Singh Shekhawat,13914721,Outliers,13914529,Neuro strikers,13,0,,0,2,,,,,1.0,0,0,4,1,0,13.0,,,,,,,,,,,,,,CricHeroes scorecard v2
593,BOWLING,2,26085797,2092140,JCC Box Cricket League,Box Cricket,2026-07-12,Turf8teen10,Jaipur,7,13914721,Outliers,13914529,Neuro strikers,Neuro strikers,Resulted,5 wickets,1,13914721,Outliers,84,4,5,7.0,0,12.0,0,0,0,0,0.0,0,0,0,0,33295238,Mahesh kumar,13914721,Outliers,13914529,Neuro strikers,20,0,,2,1,,,,,2.0,0,0,5,1,0,10.0,,,,,,,,,,,,,,CricHeroes scorecard v2
594,BOWLING,2,26085797,2092140,JCC Box Cricket League,Box Cricket,2026-07-12,Turf8teen10,Jaipur,7,13914721,Outliers,13914529,Neuro strikers,Neuro strikers,Resulted,5 wickets,1,13914721,Outliers,84,4,5,7.0,0,12.0,0,0,0,0,0.0,0,0,0,0,52038035,Sarthak Rathore ,13914721,Outliers,13914529,Neuro strikers,16,0,,0,2,,,,,1.0,0,0,2,1,0,16.0,,,,,,,,,,,,,,CricHeroes scorecard v2
595,BOWLING,2,26085797,2092140,JCC Box Cricket League,Box Cricket,2026-07-12,Turf8teen10,Jaipur,7,13914721,Outliers,13914529,Neuro strikers,Neuro strikers,Resulted,5 wickets,1,13914721,Outliers,84,4,5,7.0,0,12.0,0,0,0,0,0.0,0,0,0,0,8131458,Lakshay,13914721,Outliers,13914529,Neuro strikers,19,0,,0,3,,,,,1.0,0,0,2,0,0,19.0,,,,,,,,,,,,,,CricHeroes scorecard v2
596,BOWLING,2,26085797,2092140,JCC Box Cricket League,Box Cricket,2026-07-12,Turf8teen10,Jaipur,7,13914721,Outliers,13914529,Neuro strikers,Neuro strikers,Resulted,5 wickets,1,13914721,Outliers,84,4,5,7.0,0,12.0,0,0,0,0,0.0,0,0,0,0,52017845,Prashant Ramchandani,13914721,Outliers,13914529,Neuro strikers,14,0,,0,2,,,,,1.0,0,2,3,1,0,14.0,,,,,,,,,,,,,,CricHeroes scorecard v2
597,BOWLING,2,26085797,2092140,JCC Box Cricket League,Box Cricket,2026-07-12,Turf8teen10,Jaipur,7,13914721,Outliers,13914529,Neuro strikers,Neuro strikers,Resulted,5 wickets,1,13914721,Outliers,84,4,5,7.0,0,12.0,0,0,0,0,0.0,0,0,0,0,41945456,Saurabh CBI,13914721,Outliers,13914529,Neuro strikers,2,0,,0,0,,,,,1.0,0,1,5,0,1,2.0,,,,,,,,,,,,,,CricHeroes scorecard v2
598,BOWLING,2,26085797,2092140,JCC Box Cricket League,Box Cricket,2026-07-12,Turf8teen10,Jaipur,7,13914721,Outliers,13914529,Neuro strikers,Neuro strikers,Resulted,5 wickets,2,13914529,Neuro strikers,90,2,9,6.4,0,13.5,0,0,0,0,0.0,0,0,0,0,50368899,Naman Mavericks,13914529,Neuro strikers,13914721,Outliers,35,0,,1,4,,,,,2.0,0,0,4,3,0,17.5,,,,,,,,,,,,,,CricHeroes scorecard v2
599,BOWLING,2,26085797,2092140,JCC Box Cricket League,Box Cricket,2026-07-12,Turf8teen10,Jaipur,7,13914721,Outliers,13914529,Neuro strikers,Neuro strikers,Resulted,5 wickets,2,13914529,Neuro strikers,90,2,9,6.4,0,13.5,0,0,0,0,0.0,0,0,0,0,15649695,Ankit,13914529,Neuro strikers,13914721,Outliers,32,0,,1,4,,,,,2.0,0,0,5,1,0,16.0,,,,,,,,,,,,,,CricHeroes scorecard v2
600,BOWLING,2,26085797,2092140,JCC Box Cricket League,Box Cricket,2026-07-12,Turf8teen10,Jaipur,7,13914721,Outliers,13914529,Neuro strikers,Neuro strikers,Resulted,5 wickets,2,13914529,Neuro strikers,90,2,9,6.4,0,13.5,0,0,0,0,0.0,0,0,0,0,21015521,Satvik Todwal,13914529,Neuro strikers,13914721,Outliers,2,0,,0,0,,,,,1.0,0,1,6,2,0,2.0,,,,,,,,,,,,,,CricHeroes scorecard v2
601,BOWLING,2,26085797,2092140,JCC Box Cricket League,Box Cricket,2026-07-12,Turf8teen10,Jaipur,7,13914721,Outliers,13914529,Neuro strikers,Neuro strikers,Resulted,5 wickets,2,13914529,Neuro strikers,90,2,9,6.4,0,13.5,0,0,0,0,0.0,0,0,0,0,50368825,Bhairav Deep Touchy,13914529,Neuro strikers,13914721,Outliers,9,0,,0,1,,,,,1.0,0,1,5,2,1,9.0,,,,,,,,,,,,,,CricHeroes scorecard v2
602,BOWLING,2,26085797,2092140,JCC Box Cricket League,Box Cricket,2026-07-12,Turf8teen10,Jaipur,7,13914721,Outliers,13914529,Neuro strikers,Neuro strikers,Resulted,5 wickets,2,13914529,Neuro strikers,90,2,9,6.4,0,13.5,0,0,0,0,0.0,0,0,0,0,50368913,Rudraksh  (c),13914529,Neuro strikers,13914721,Outliers,12,0,,0,2,,,,,0.4,0,0,2,0,0,18.0,,,,,,,,,,,,,,CricHeroes scorecard v2
603,BOWLING,2,26083705,2092140,JCC Box Cricket League,Box Cricket,2026-07-12,Turf8teen10,Jaipur,7,13914777,Mavericks,13914721,Outliers,Mavericks,Resulted,33 runs,1,13914777,Mavericks,81,2,4,7.0,0,11.57,0,0,0,0,0.0,0,0,0,0,50368899,Naman Mavericks,13914777,Mavericks,13914721,Outliers,7,0,,0,1,,,,,2.0,1,1,10,0,0,3.5,,,,,,,,,,,,,,CricHeroes scorecard v2
604,BOWLING,2,26083705,2092140,JCC Box Cricket League,Box Cricket,2026-07-12,Turf8teen10,Jaipur,7,13914777,Mavericks,13914721,Outliers,Mavericks,Resulted,33 runs,1,13914777,Mavericks,81,2,4,7.0,0,11.57,0,0,0,0,0.0,0,0,0,0,21015521,Satvik Todwal,13914777,Mavericks,13914721,Outliers,34,0,,3,3,,,,,2.0,0,0,3,1,0,17.0,,,,,,,,,,,,,,CricHeroes scorecard v2
605,BOWLING,2,26083705,2092140,JCC Box Cricket League,Box Cricket,2026-07-12,Turf8teen10,Jaipur,7,13914777,Mavericks,13914721,Outliers,Mavericks,Resulted,33 runs,1,13914777,Mavericks,81,2,4,7.0,0,11.57,0,0,0,0,0.0,0,0,0,0,15649695,Ankit,13914777,Mavericks,13914721,Outliers,20,0,,1,1,,,,,2.0,0,1,6,2,1,10.0,,,,,,,,,,,,,,CricHeroes scorecard v2
606,BOWLING,2,26083705,2092140,JCC Box Cricket League,Box Cricket,2026-07-12,Turf8teen10,Jaipur,7,13914777,Mavericks,13914721,Outliers,Mavericks,Resulted,33 runs,1,13914777,Mavericks,81,2,4,7.0,0,11.57,0,0,0,0,0.0,0,0,0,0,52760329,Jaivardhan Pathak,13914777,Mavericks,13914721,Outliers,20,0,,3,1,,,,,1.0,0,0,1,0,0,20.0,,,,,,,,,,,,,,CricHeroes scorecard v2
607,BOWLING,2,26083705,2092140,JCC Box Cricket League,Box Cricket,2026-07-12,Turf8teen10,Jaipur,7,13914777,Mavericks,13914721,Outliers,Mavericks,Resulted,33 runs,2,13914721,Outliers,48,1,2,7.0,0,6.86,0,0,0,0,0.0,0,0,0,0,38735959,Siddharth Rao,13914721,Outliers,13914777,Mavericks,8,0,,0,1,,,,,1.0,0,0,3,0,0,8.0,,,,,,,,,,,,,,CricHeroes scorecard v2
608,BOWLING,2,26083705,2092140,JCC Box Cricket League,Box Cricket,2026-07-12,Turf8teen10,Jaipur,7,13914777,Mavericks,13914721,Outliers,Mavericks,Resulted,33 runs,2,13914721,Outliers,48,1,2,7.0,0,6.86,0,0,0,0,0.0,0,0,0,0,52038417,Vikas,13914721,Outliers,13914777,Mavericks,11,0,,1,0,,,,,2.0,0,1,7,0,0,5.5,,,,,,,,,,,,,,CricHeroes scorecard v2
609,BOWLING,2,26083705,2092140,JCC Box Cricket League,Box Cricket,2026-07-12,Turf8teen10,Jaipur,7,13914777,Mavericks,13914721,Outliers,Mavericks,Resulted,33 runs,2,13914721,Outliers,48,1,2,7.0,0,6.86,0,0,0,0,0.0,0,0,0,0,7977983,Rahul  Kasliwal,13914721,Outliers,13914777,Mavericks,4,0,,1,0,,,,,1.0,0,0,5,0,0,4.0,,,,,,,,,,,,,,CricHeroes scorecard v2
610,BOWLING,2,26083705,2092140,JCC Box Cricket League,Box Cricket,2026-07-12,Turf8teen10,Jaipur,7,13914777,Mavericks,13914721,Outliers,Mavericks,Resulted,33 runs,2,13914721,Outliers,48,1,2,7.0,0,6.86,0,0,0,0,0.0,0,0,0,0,15803869,Nitin Setia,13914721,Outliers,13914777,Mavericks,8,0,,1,0,,,,,2.0,0,0,9,1,0,4.0,,,,,,,,,,,,,,CricHeroes scorecard v2
611,BOWLING,2,26083705,2092140,JCC Box Cricket League,Box Cricket,2026-07-12,Turf8teen10,Jaipur,7,13914777,Mavericks,13914721,Outliers,Mavericks,Resulted,33 runs,2,13914721,Outliers,48,1,2,7.0,0,6.86,0,0,0,0,0.0,0,0,0,0,5228456,Anil Rawat  (c),13914721,Outliers,13914777,Mavericks,17,0,,1,2,,,,,1.0,0,0,3,1,0,17.0,,,,,,,,,,,,,,CricHeroes scorecard v2
612,BOWLING,2,25936004,2092140,JCC Box Cricket League,Box Cricket,2026-07-03,Turf8teen10,Jaipur,7,13914529,Neuro strikers,13914721,Outliers,Neuro strikers,Resulted,37 runs,1,13914529,Neuro strikers,71,3,11,7.0,0,10.14,0,0,0,0,0.0,0,0,0,0,31438284,Dhruv Paliwal,13914529,Neuro strikers,13914721,Outliers,36,12,,1,4,,,,,2.0,0,0,6,5,2,18.0,,,,,,,,,,,,,,CricHeroes scorecard v2
613,BOWLING,2,25936004,2092140,JCC Box Cricket League,Box Cricket,2026-07-03,Turf8teen10,Jaipur,7,13914529,Neuro strikers,13914721,Outliers,Neuro strikers,Resulted,37 runs,1,13914529,Neuro strikers,71,3,11,7.0,0,10.14,0,0,0,0,0.0,0,0,0,0,21015521,Satvik Todwal,13914529,Neuro strikers,13914721,Outliers,16,6,,1,2,,,,,1.0,0,1,3,0,0,16.0,,,,,,,,,,,,,,CricHeroes scorecard v2
614,BOWLING,2,25936004,2092140,JCC Box Cricket League,Box Cricket,2026-07-03,Turf8teen10,Jaipur,7,13914529,Neuro strikers,13914721,Outliers,Neuro strikers,Resulted,37 runs,1,13914529,Neuro strikers,71,3,11,7.0,0,10.14,0,0,0,0,0.0,0,0,0,0,194513,Akshay Goopta ,13914529,Neuro strikers,13914721,Outliers,9,12,,1,0,,,,,2.0,0,2,10,2,1,4.5,,,,,,,,,,,,,,CricHeroes scorecard v2
615,BOWLING,2,25936004,2092140,JCC Box Cricket League,Box Cricket,2026-07-03,Turf8teen10,Jaipur,7,13914529,Neuro strikers,13914721,Outliers,Neuro strikers,Resulted,37 runs,1,13914529,Neuro strikers,71,3,11,7.0,0,10.14,0,0,0,0,0.0,0,0,0,0,565841,Harish Jangid,13914529,Neuro strikers,13914721,Outliers,2,6,,0,0,,,,,1.0,0,0,5,1,0,2.0,,,,,,,,,,,,,,CricHeroes scorecard v2
616,BOWLING,2,25936004,2092140,JCC Box Cricket League,Box Cricket,2026-07-03,Turf8teen10,Jaipur,7,13914529,Neuro strikers,13914721,Outliers,Neuro strikers,Resulted,37 runs,1,13914529,Neuro strikers,71,3,11,7.0,0,10.14,0,0,0,0,0.0,0,0,0,0,50368899,Naman Mavericks,13914529,Neuro strikers,13914721,Outliers,8,6,,1,0,,,,,1.0,0,0,2,0,0,8.0,,,,,,,,,,,,,,CricHeroes scorecard v2
617,BOWLING,2,25936004,2092140,JCC Box Cricket League,Box Cricket,2026-07-03,Turf8teen10,Jaipur,7,13914529,Neuro strikers,13914721,Outliers,Neuro strikers,Resulted,37 runs,2,13914721,Outliers,34,4,4,7.0,0,4.86,0,0,0,0,0.0,0,0,0,0,33295238,Mahesh kumar,13914721,Outliers,13914529,Neuro strikers,10,12,,1,1,,,,,2.0,0,1,10,0,0,5.0,,,,,,,,,,,,,,CricHeroes scorecard v2
618,BOWLING,2,25936004,2092140,JCC Box Cricket League,Box Cricket,2026-07-03,Turf8teen10,Jaipur,7,13914529,Neuro strikers,13914721,Outliers,Neuro strikers,Resulted,37 runs,2,13914721,Outliers,34,4,4,7.0,0,4.86,0,0,0,0,0.0,0,0,0,0,41945456,Saurabh CBI,13914721,Outliers,13914529,Neuro strikers,9,12,,0,1,,,,,2.0,0,1,10,1,1,4.5,,,,,,,,,,,,,,CricHeroes scorecard v2
619,BOWLING,2,25936004,2092140,JCC Box Cricket League,Box Cricket,2026-07-03,Turf8teen10,Jaipur,7,13914529,Neuro strikers,13914721,Outliers,Neuro strikers,Resulted,37 runs,2,13914721,Outliers,34,4,4,7.0,0,4.86,0,0,0,0,0.0,0,0,0,0,49460120,Sagar  (c),13914721,Outliers,13914529,Neuro strikers,15,12,,0,1,,,,,2.0,0,0,6,2,0,7.5,,,,,,,,,,,,,,CricHeroes scorecard v2
620,BOWLING,2,25936004,2092140,JCC Box Cricket League,Box Cricket,2026-07-03,Turf8teen10,Jaipur,7,13914529,Neuro strikers,13914721,Outliers,Neuro strikers,Resulted,37 runs,2,13914721,Outliers,34,4,4,7.0,0,4.86,0,0,0,0,0.0,0,0,0,0,49459939,Abhijeet Singh Shekhawat,13914721,Outliers,13914529,Neuro strikers,0,6,,0,0,,,,,1.0,1,1,6,0,0,0.0,,,,,,,,,,,,,,CricHeroes scorecard v2
621,BOWLING,2,25935138,2092140,JCC Box Cricket League,Box Cricket,2026-07-03,Turf8teen10,Jaipur,7,13914777,Mavericks,13914721,Outliers,Outliers,Resulted,1 wicket,1,13914777,Mavericks,50,3,3,7.0,0,7.14,0,0,0,0,0.0,0,0,0,0,31438284,Dhruv Paliwal,13914777,Mavericks,13914721,Outliers,18,0,,1,2,,,,,2.0,0,1,8,0,0,9.0,,,,,,,,,,,,,,CricHeroes scorecard v2
622,BOWLING,2,25935138,2092140,JCC Box Cricket League,Box Cricket,2026-07-03,Turf8teen10,Jaipur,7,13914777,Mavericks,13914721,Outliers,Outliers,Resulted,1 wicket,1,13914777,Mavericks,50,3,3,7.0,0,7.14,0,0,0,0,0.0,0,0,0,0,50368899,Naman Mavericks,13914777,Mavericks,13914721,Outliers,13,0,,0,2,,,,,1.0,0,0,3,0,0,13.0,,,,,,,,,,,,,,CricHeroes scorecard v2
623,BOWLING,2,25935138,2092140,JCC Box Cricket League,Box Cricket,2026-07-03,Turf8teen10,Jaipur,7,13914777,Mavericks,13914721,Outliers,Outliers,Resulted,1 wicket,1,13914777,Mavericks,50,3,3,7.0,0,7.14,0,0,0,0,0.0,0,0,0,0,21015521,Satvik Todwal,13914777,Mavericks,13914721,Outliers,2,0,,0,0,,,,,1.0,0,1,6,2,0,2.0,,,,,,,,,,,,,,CricHeroes scorecard v2
624,BOWLING,2,25935138,2092140,JCC Box Cricket League,Box Cricket,2026-07-03,Turf8teen10,Jaipur,7,13914777,Mavericks,13914721,Outliers,Outliers,Resulted,1 wicket,1,13914777,Mavericks,50,3,3,7.0,0,7.14,0,0,0,0,0.0,0,0,0,0,194513,Akshay Goopta ,13914777,Mavericks,13914721,Outliers,7,0,,0,1,,,,,1.0,0,0,4,0,0,7.0,,,,,,,,,,,,,,CricHeroes scorecard v2
625,BOWLING,2,25935138,2092140,JCC Box Cricket League,Box Cricket,2026-07-03,Turf8teen10,Jaipur,7,13914777,Mavericks,13914721,Outliers,Outliers,Resulted,1 wicket,1,13914777,Mavericks,50,3,3,7.0,0,7.14,0,0,0,0,0.0,0,0,0,0,7977983,Rahul  Kasliwal,13914777,Mavericks,13914721,Outliers,9,0,,0,1,,,,,1.0,0,1,3,1,0,9.0,,,,,,,,,,,,,,CricHeroes scorecard v2
626,BOWLING,2,25935138,2092140,JCC Box Cricket League,Box Cricket,2026-07-03,Turf8teen10,Jaipur,7,13914777,Mavericks,13914721,Outliers,Outliers,Resulted,1 wicket,1,13914777,Mavericks,50,3,3,7.0,0,7.14,0,0,0,0,0.0,0,0,0,0,565841,Harish Jangid,13914777,Mavericks,13914721,Outliers,1,0,,0,0,,,,,1.0,0,0,5,0,0,1.0,,,,,,,,,,,,,,CricHeroes scorecard v2
627,BOWLING,2,25935138,2092140,JCC Box Cricket League,Box Cricket,2026-07-03,Turf8teen10,Jaipur,7,13914777,Mavericks,13914721,Outliers,Outliers,Resulted,1 wicket,2,13914721,Outliers,54,6,9,5.5,0,9.26,0,0,0,0,0.0,0,0,0,0,38735959,Siddharth Rao,13914721,Outliers,13914777,Mavericks,13,0,,2,0,,,,,1.5,0,1,7,2,1,7.09,,,,,,,,,,,,,,CricHeroes scorecard v2
628,BOWLING,2,25935138,2092140,JCC Box Cricket League,Box Cricket,2026-07-03,Turf8teen10,Jaipur,7,13914777,Mavericks,13914721,Outliers,Outliers,Resulted,1 wicket,2,13914721,Outliers,54,6,9,5.5,0,9.26,0,0,0,0,0.0,0,0,0,0,3217470,Rahul Rathore,13914721,Outliers,13914777,Mavericks,8,0,,1,0,,,,,2.0,1,5,11,4,0,4.0,,,,,,,,,,,,,,CricHeroes scorecard v2
629,BOWLING,2,25935138,2092140,JCC Box Cricket League,Box Cricket,2026-07-03,Turf8teen10,Jaipur,7,13914777,Mavericks,13914721,Outliers,Outliers,Resulted,1 wicket,2,13914721,Outliers,54,6,9,5.5,0,9.26,0,0,0,0,0.0,0,0,0,0,2238721,Adhip Choudhary,13914721,Outliers,13914777,Mavericks,23,0,,1,3,,,,,1.0,0,0,2,0,1,23.0,,,,,,,,,,,,,,CricHeroes scorecard v2
630,BOWLING,2,25935138,2092140,JCC Box Cricket League,Box Cricket,2026-07-03,Turf8teen10,Jaipur,7,13914777,Mavericks,13914721,Outliers,Outliers,Resulted,1 wicket,2,13914721,Outliers,54,6,9,5.5,0,9.26,0,0,0,0,0.0,0,0,0,0,5228456,Anil Rawat  (c),13914721,Outliers,13914777,Mavericks,10,0,,0,1,,,,,1.0,0,0,3,1,0,10.0,,,,,,,,,,,,,,CricHeroes scorecard v2
631,BOWLING,2,25934291,2092140,JCC Box Cricket League,Box Cricket,2026-07-03,Turf8teen10,Jaipur,7,13914777,Mavericks,13914529,Neuro strikers,Neuro strikers,Resulted,6 wickets,1,13914777,Mavericks,53,8,9,7.0,0,7.57,0,0,0,0,0.0,0,0,0,0,33295238,Mahesh kumar,13914777,Mavericks,13914529,Neuro strikers,12,0,,0,2,,,,,2.0,0,3,10,0,0,6.0,,,,,,,,,,,,,,CricHeroes scorecard v2
632,BOWLING,2,25934291,2092140,JCC Box Cricket League,Box Cricket,2026-07-03,Turf8teen10,Jaipur,7,13914777,Mavericks,13914529,Neuro strikers,Neuro strikers,Resulted,6 wickets,1,13914777,Mavericks,53,8,9,7.0,0,7.57,0,0,0,0,0.0,0,0,0,0,41945456,Saurabh CBI,13914777,Mavericks,13914529,Neuro strikers,16,0,,1,1,,,,,2.0,0,1,9,5,0,8.0,,,,,,,,,,,,,,CricHeroes scorecard v2
633,BOWLING,2,25934291,2092140,JCC Box Cricket League,Box Cricket,2026-07-03,Turf8teen10,Jaipur,7,13914777,Mavericks,13914529,Neuro strikers,Neuro strikers,Resulted,6 wickets,1,13914777,Mavericks,53,8,9,7.0,0,7.57,0,0,0,0,0.0,0,0,0,0,49460120,Sagar  (c),13914777,Mavericks,13914529,Neuro strikers,14,0,,0,2,,,,,2.0,1,1,8,0,0,7.0,,,,,,,,,,,,,,CricHeroes scorecard v2
634,BOWLING,2,25934291,2092140,JCC Box Cricket League,Box Cricket,2026-07-03,Turf8teen10,Jaipur,7,13914777,Mavericks,13914529,Neuro strikers,Neuro strikers,Resulted,6 wickets,1,13914777,Mavericks,53,8,9,7.0,0,7.57,0,0,0,0,0.0,0,0,0,0,8131458,Lakshay,13914777,Mavericks,13914529,Neuro strikers,11,0,,1,0,,,,,1.0,0,2,3,4,0,11.0,,,,,,,,,,,,,,CricHeroes scorecard v2
635,BOWLING,2,25934291,2092140,JCC Box Cricket League,Box Cricket,2026-07-03,Turf8teen10,Jaipur,7,13914777,Mavericks,13914529,Neuro strikers,Neuro strikers,Resulted,6 wickets,2,13914529,Neuro strikers,54,1,6,5.2,0,10.13,0,0,0,0,0.0,0,0,0,0,38735959,Siddharth Rao,13914529,Neuro strikers,13914777,Mavericks,17,0,,0,2,,,,,2.0,0,0,9,1,2,8.5,,,,,,,,,,,,,,CricHeroes scorecard v2
636,BOWLING,2,25934291,2092140,JCC Box Cricket League,Box Cricket,2026-07-03,Turf8teen10,Jaipur,7,13914777,Mavericks,13914529,Neuro strikers,Neuro strikers,Resulted,6 wickets,2,13914529,Neuro strikers,54,1,6,5.2,0,10.13,0,0,0,0,0.0,0,0,0,0,5228456,Anil Rawat  (c),13914529,Neuro strikers,13914777,Mavericks,16,0,,1,2,,,,,1.0,0,0,3,0,0,16.0,,,,,,,,,,,,,,CricHeroes scorecard v2
637,BOWLING,2,25934291,2092140,JCC Box Cricket League,Box Cricket,2026-07-03,Turf8teen10,Jaipur,7,13914777,Mavericks,13914529,Neuro strikers,Neuro strikers,Resulted,6 wickets,2,13914529,Neuro strikers,54,1,6,5.2,0,10.13,0,0,0,0,0.0,0,0,0,0,15803869,Nitin Setia,13914529,Neuro strikers,13914777,Mavericks,11,0,,1,1,,,,,1.0,0,0,4,1,0,11.0,,,,,,,,,,,,,,CricHeroes scorecard v2
638,BOWLING,2,25934291,2092140,JCC Box Cricket League,Box Cricket,2026-07-03,Turf8teen10,Jaipur,7,13914777,Mavericks,13914529,Neuro strikers,Neuro strikers,Resulted,6 wickets,2,13914529,Neuro strikers,54,1,6,5.2,0,10.13,0,0,0,0,0.0,0,0,0,0,2238721,Adhip Choudhary,13914529,Neuro strikers,13914777,Mavericks,10,0,,0,1,,,,,1.2,0,1,5,2,0,7.5,,,,,,,,,,,,,,CricHeroes scorecard v2
639,BOWLING,2,25791542,2092140,JCC Box Cricket League,Box Cricket,2026-06-26,Turf8teen10,Jaipur,10,13914529,Neuro strikers,13914777,Mavericks,Mavericks,Resulted,7 wickets,1,13914529,Neuro strikers,86,5,3,10.0,0,8.6,0,0,0,0,0.0,0,0,0,0,38946978,Yash Pareek,13914529,Neuro strikers,13914777,Mavericks,17,0,,1,2,,,,,2.0,1,0,9,1,0,8.5,,,,,,,,,,,,,,CricHeroes scorecard v2
640,BOWLING,2,25791542,2092140,JCC Box Cricket League,Box Cricket,2026-06-26,Turf8teen10,Jaipur,10,13914529,Neuro strikers,13914777,Mavericks,Mavericks,Resulted,7 wickets,1,13914529,Neuro strikers,86,5,3,10.0,0,8.6,0,0,0,0,0.0,0,0,0,0,38735959,Siddharth Rao,13914529,Neuro strikers,13914777,Mavericks,22,0,,1,3,,,,,2.0,0,0,8,0,0,11.0,,,,,,,,,,,,,,CricHeroes scorecard v2
641,BOWLING,2,25791542,2092140,JCC Box Cricket League,Box Cricket,2026-06-26,Turf8teen10,Jaipur,10,13914529,Neuro strikers,13914777,Mavericks,Mavericks,Resulted,7 wickets,1,13914529,Neuro strikers,86,5,3,10.0,0,8.6,0,0,0,0,0.0,0,0,0,0,52038417,Vikas,13914529,Neuro strikers,13914777,Mavericks,15,0,,0,2,,,,,2.0,0,1,8,0,0,7.5,,,,,,,,,,,,,,CricHeroes scorecard v2
642,BOWLING,2,25791542,2092140,JCC Box Cricket League,Box Cricket,2026-06-26,Turf8teen10,Jaipur,10,13914529,Neuro strikers,13914777,Mavericks,Mavericks,Resulted,7 wickets,1,13914529,Neuro strikers,86,5,3,10.0,0,8.6,0,0,0,0,0.0,0,0,0,0,6314755,Navin Gurjar,13914529,Neuro strikers,13914777,Mavericks,7,0,,1,0,,,,,2.0,0,1,9,1,0,3.5,,,,,,,,,,,,,,CricHeroes scorecard v2
643,BOWLING,2,25791542,2092140,JCC Box Cricket League,Box Cricket,2026-06-26,Turf8teen10,Jaipur,10,13914529,Neuro strikers,13914777,Mavericks,Mavericks,Resulted,7 wickets,1,13914529,Neuro strikers,86,5,3,10.0,0,8.6,0,0,0,0,0.0,0,0,0,0,5228456,Anil Rawat  (c),13914529,Neuro strikers,13914777,Mavericks,18,0,,1,2,,,,,1.0,0,0,2,1,0,18.0,,,,,,,,,,,,,,CricHeroes scorecard v2
644,BOWLING,2,25791542,2092140,JCC Box Cricket League,Box Cricket,2026-06-26,Turf8teen10,Jaipur,10,13914529,Neuro strikers,13914777,Mavericks,Mavericks,Resulted,7 wickets,1,13914529,Neuro strikers,86,5,3,10.0,0,8.6,0,0,0,0,0.0,0,0,0,0,52017845,Prashant Ramchandani,13914529,Neuro strikers,13914777,Mavericks,7,0,,1,0,,,,,1.0,0,2,3,0,0,7.0,,,,,,,,,,,,,,CricHeroes scorecard v2
645,BOWLING,2,25791542,2092140,JCC Box Cricket League,Box Cricket,2026-06-26,Turf8teen10,Jaipur,10,13914529,Neuro strikers,13914777,Mavericks,Mavericks,Resulted,7 wickets,2,13914777,Mavericks,92,1,7,8.2,0,11.04,0,0,0,0,0.0,0,0,0,0,9429841,Opal,13914777,Mavericks,13914529,Neuro strikers,28,0,,1,4,,,,,1.0,0,0,1,0,0,28.0,,,,,,,,,,,,,,CricHeroes scorecard v2
646,BOWLING,2,25791542,2092140,JCC Box Cricket League,Box Cricket,2026-06-26,Turf8teen10,Jaipur,10,13914529,Neuro strikers,13914777,Mavericks,Mavericks,Resulted,7 wickets,2,13914777,Mavericks,92,1,7,8.2,0,11.04,0,0,0,0,0.0,0,0,0,0,49460120,Sagar  (c),13914777,Mavericks,13914529,Neuro strikers,8,0,,1,0,,,,,2.0,0,0,10,3,0,4.0,,,,,,,,,,,,,,CricHeroes scorecard v2
647,BOWLING,2,25791542,2092140,JCC Box Cricket League,Box Cricket,2026-06-26,Turf8teen10,Jaipur,10,13914529,Neuro strikers,13914777,Mavericks,Mavericks,Resulted,7 wickets,2,13914777,Mavericks,92,1,7,8.2,0,11.04,0,0,0,0,0.0,0,0,0,0,33295238,Mahesh kumar,13914777,Mavericks,13914529,Neuro strikers,18,0,,1,2,,,,,2.0,0,0,8,0,0,9.0,,,,,,,,,,,,,,CricHeroes scorecard v2
648,BOWLING,2,25791542,2092140,JCC Box Cricket League,Box Cricket,2026-06-26,Turf8teen10,Jaipur,10,13914529,Neuro strikers,13914777,Mavericks,Mavericks,Resulted,7 wickets,2,13914777,Mavericks,92,1,7,8.2,0,11.04,0,0,0,0,0.0,0,0,0,0,1218133,Ankit,13914777,Mavericks,13914529,Neuro strikers,13,0,,0,2,,,,,1.0,0,1,4,1,0,13.0,,,,,,,,,,,,,,CricHeroes scorecard v2
649,BOWLING,2,25791542,2092140,JCC Box Cricket League,Box Cricket,2026-06-26,Turf8teen10,Jaipur,10,13914529,Neuro strikers,13914777,Mavericks,Mavericks,Resulted,7 wickets,2,13914777,Mavericks,92,1,7,8.2,0,11.04,0,0,0,0,0.0,0,0,0,0,41945456,Saurabh CBI,13914777,Mavericks,13914529,Neuro strikers,19,0,,1,2,,,,,2.0,0,0,9,3,0,9.5,,,,,,,,,,,,,,CricHeroes scorecard v2
650,BOWLING,2,25791542,2092140,JCC Box Cricket League,Box Cricket,2026-06-26,Turf8teen10,Jaipur,10,13914529,Neuro strikers,13914777,Mavericks,Mavericks,Resulted,7 wickets,2,13914777,Mavericks,92,1,7,8.2,0,11.04,0,0,0,0,0.0,0,0,0,0,3217470,Rahul Rathore,13914777,Mavericks,13914529,Neuro strikers,6,0,,0,1,,,,,0.2,0,0,1,0,0,18.0,,,,,,,,,,,,,,CricHeroes scorecard v2
651,BOWLING,2,25791580,2092140,JCC Box Cricket League,Box Cricket,2026-06-26,Turf8teen10,Jaipur,10,13914529,Neuro strikers,13914721,Outliers,Outliers,Resulted,7 wickets,1,13914529,Neuro strikers,61,3,7,10.0,0,6.1,0,0,0,0,0.0,0,0,0,0,50368899,Naman Mavericks,13914529,Neuro strikers,13914721,Outliers,17,0,,2,1,,,,,2.0,0,0,9,3,0,8.5,,,,,,,,,,,,,,CricHeroes scorecard v2
652,BOWLING,2,25791580,2092140,JCC Box Cricket League,Box Cricket,2026-06-26,Turf8teen10,Jaipur,10,13914529,Neuro strikers,13914721,Outliers,Outliers,Resulted,7 wickets,1,13914529,Neuro strikers,61,3,7,10.0,0,6.1,0,0,0,0,0.0,0,0,0,0,6259155,Anagh Nandwana,13914529,Neuro strikers,13914721,Outliers,1,0,,0,0,,,,,2.0,1,1,12,1,0,0.5,,,,,,,,,,,,,,CricHeroes scorecard v2
653,BOWLING,2,25791580,2092140,JCC Box Cricket League,Box Cricket,2026-06-26,Turf8teen10,Jaipur,10,13914529,Neuro strikers,13914721,Outliers,Outliers,Resulted,7 wickets,1,13914529,Neuro strikers,61,3,7,10.0,0,6.1,0,0,0,0,0.0,0,0,0,0,15649695,Ankit,13914529,Neuro strikers,13914721,Outliers,7,0,,1,0,,,,,2.0,0,1,11,2,1,3.5,,,,,,,,,,,,,,CricHeroes scorecard v2
654,BOWLING,2,25791580,2092140,JCC Box Cricket League,Box Cricket,2026-06-26,Turf8teen10,Jaipur,10,13914529,Neuro strikers,13914721,Outliers,Outliers,Resulted,7 wickets,1,13914529,Neuro strikers,61,3,7,10.0,0,6.1,0,0,0,0,0.0,0,0,0,0,15117958,Rudhra agrwal,13914529,Neuro strikers,13914721,Outliers,22,0,,1,3,,,,,1.0,0,0,2,0,0,22.0,,,,,,,,,,,,,,CricHeroes scorecard v2
655,BOWLING,2,25791580,2092140,JCC Box Cricket League,Box Cricket,2026-06-26,Turf8teen10,Jaipur,10,13914529,Neuro strikers,13914721,Outliers,Outliers,Resulted,7 wickets,1,13914529,Neuro strikers,61,3,7,10.0,0,6.1,0,0,0,0,0.0,0,0,0,0,565841,Harish Jangid,13914529,Neuro strikers,13914721,Outliers,6,0,,0,1,,,,,2.0,1,1,11,0,0,3.0,,,,,,,,,,,,,,CricHeroes scorecard v2
656,BOWLING,2,25791580,2092140,JCC Box Cricket League,Box Cricket,2026-06-26,Turf8teen10,Jaipur,10,13914529,Neuro strikers,13914721,Outliers,Outliers,Resulted,7 wickets,1,13914529,Neuro strikers,61,3,7,10.0,0,6.1,0,0,0,0,0.0,0,0,0,0,50368843,Harnoor Singh,13914529,Neuro strikers,13914721,Outliers,0,0,,0,0,,,,,0.0,0,0,0,0,0,0.0,,,,,,,,,,,,,,CricHeroes scorecard v2
657,BOWLING,2,25791580,2092140,JCC Box Cricket League,Box Cricket,2026-06-26,Turf8teen10,Jaipur,10,13914529,Neuro strikers,13914721,Outliers,Outliers,Resulted,7 wickets,1,13914529,Neuro strikers,61,3,7,10.0,0,6.1,0,0,0,0,0.0,0,0,0,0,31438284,Dhruv Paliwal,13914529,Neuro strikers,13914721,Outliers,8,0,,2,0,,,,,1.0,0,0,4,0,0,8.0,,,,,,,,,,,,,,CricHeroes scorecard v2
658,BOWLING,2,25791580,2092140,JCC Box Cricket League,Box Cricket,2026-06-26,Turf8teen10,Jaipur,10,13914529,Neuro strikers,13914721,Outliers,Outliers,Resulted,7 wickets,2,13914721,Outliers,63,2,1,5.4,0,11.12,0,0,0,0,0.0,0,0,0,0,1218133,Ankit,13914721,Outliers,13914529,Neuro strikers,17,0,,1,2,,,,,1.4,0,1,7,1,0,10.2,,,,,,,,,,,,,,CricHeroes scorecard v2
659,BOWLING,2,25791580,2092140,JCC Box Cricket League,Box Cricket,2026-06-26,Turf8teen10,Jaipur,10,13914529,Neuro strikers,13914721,Outliers,Outliers,Resulted,7 wickets,2,13914721,Outliers,63,2,1,5.4,0,11.12,0,0,0,0,0.0,0,0,0,0,33295238,Mahesh kumar,13914721,Outliers,13914529,Neuro strikers,2,0,,0,0,,,,,1.0,0,1,5,0,0,2.0,,,,,,,,,,,,,,CricHeroes scorecard v2
660,BOWLING,2,25791580,2092140,JCC Box Cricket League,Box Cricket,2026-06-26,Turf8teen10,Jaipur,10,13914529,Neuro strikers,13914721,Outliers,Outliers,Resulted,7 wickets,2,13914721,Outliers,63,2,1,5.4,0,11.12,0,0,0,0,0.0,0,0,0,0,41945456,Saurabh CBI,13914721,Outliers,13914529,Neuro strikers,6,0,,0,1,,,,,1.0,0,0,5,0,0,6.0,,,,,,,,,,,,,,CricHeroes scorecard v2
661,BOWLING,2,25791580,2092140,JCC Box Cricket League,Box Cricket,2026-06-26,Turf8teen10,Jaipur,10,13914529,Neuro strikers,13914721,Outliers,Outliers,Resulted,7 wickets,2,13914721,Outliers,63,2,1,5.4,0,11.12,0,0,0,0,0.0,0,0,0,0,52428881,Vaibhav,13914721,Outliers,13914529,Neuro strikers,16,0,,1,2,,,,,1.0,0,0,3,0,0,16.0,,,,,,,,,,,,,,CricHeroes scorecard v2
662,BOWLING,2,25791580,2092140,JCC Box Cricket League,Box Cricket,2026-06-26,Turf8teen10,Jaipur,10,13914529,Neuro strikers,13914721,Outliers,Outliers,Resulted,7 wickets,2,13914721,Outliers,63,2,1,5.4,0,11.12,0,0,0,0,0.0,0,0,0,0,9429841,Opal,13914721,Outliers,13914529,Neuro strikers,22,0,,1,3,,,,,1.0,0,0,2,0,0,22.0,,,,,,,,,,,,,,CricHeroes scorecard v2
663,BOWLING,2,25791561,2092140,JCC Box Cricket League,Box Cricket,2026-06-26,Turf8teen10,Jaipur,10,13914721,Outliers,13914777,Mavericks,Mavericks,Resulted,4 wickets,1,13914721,Outliers,64,3,6,10.0,0,6.4,0,0,0,0,0.0,0,0,0,0,38735959,Siddharth Rao,13914721,Outliers,13914777,Mavericks,8,0,,2,0,,,,,2.0,0,2,10,0,0,4.0,,,,,,,,,,,,,,CricHeroes scorecard v2
664,BOWLING,2,25791561,2092140,JCC Box Cricket League,Box Cricket,2026-06-26,Turf8teen10,Jaipur,10,13914721,Outliers,13914777,Mavericks,Mavericks,Resulted,4 wickets,1,13914721,Outliers,64,3,6,10.0,0,6.4,0,0,0,0,0.0,0,0,0,0,6314755,Navin Gurjar,13914721,Outliers,13914777,Mavericks,11,0,,1,1,,,,,2.0,0,0,9,0,0,5.5,,,,,,,,,,,,,,CricHeroes scorecard v2
665,BOWLING,2,25791561,2092140,JCC Box Cricket League,Box Cricket,2026-06-26,Turf8teen10,Jaipur,10,13914721,Outliers,13914777,Mavericks,Mavericks,Resulted,4 wickets,1,13914721,Outliers,64,3,6,10.0,0,6.4,0,0,0,0,0.0,0,0,0,0,38946978,Yash Pareek,13914721,Outliers,13914777,Mavericks,25,0,,1,3,,,,,2.0,0,0,8,3,0,12.5,,,,,,,,,,,,,,CricHeroes scorecard v2
666,BOWLING,2,25791561,2092140,JCC Box Cricket League,Box Cricket,2026-06-26,Turf8teen10,Jaipur,10,13914721,Outliers,13914777,Mavericks,Mavericks,Resulted,4 wickets,1,13914721,Outliers,64,3,6,10.0,0,6.4,0,0,0,0,0.0,0,0,0,0,52038417,Vikas,13914721,Outliers,13914777,Mavericks,19,0,,1,2,,,,,2.0,1,1,9,0,2,9.5,,,,,,,,,,,,,,CricHeroes scorecard v2
667,BOWLING,2,25791561,2092140,JCC Box Cricket League,Box Cricket,2026-06-26,Turf8teen10,Jaipur,10,13914721,Outliers,13914777,Mavericks,Mavericks,Resulted,4 wickets,1,13914721,Outliers,64,3,6,10.0,0,6.4,0,0,0,0,0.0,0,0,0,0,5228456,Anil Rawat  (c),13914721,Outliers,13914777,Mavericks,1,0,,0,0,,,,,2.0,1,0,12,1,0,0.5,,,,,,,,,,,,,,CricHeroes scorecard v2
668,BOWLING,2,25791561,2092140,JCC Box Cricket League,Box Cricket,2026-06-26,Turf8teen10,Jaipur,10,13914721,Outliers,13914777,Mavericks,Mavericks,Resulted,4 wickets,2,13914777,Mavericks,69,4,1,6.1,0,11.19,0,0,0,0,0.0,0,0,0,0,15117958,Rudhra agrwal,13914777,Mavericks,13914721,Outliers,16,0,,1,2,,,,,1.0,0,0,3,0,0,16.0,,,,,,,,,,,,,,CricHeroes scorecard v2
669,BOWLING,2,25791561,2092140,JCC Box Cricket League,Box Cricket,2026-06-26,Turf8teen10,Jaipur,10,13914721,Outliers,13914777,Mavericks,Mavericks,Resulted,4 wickets,2,13914777,Mavericks,69,4,1,6.1,0,11.19,0,0,0,0,0.0,0,0,0,0,31438284,Dhruv Paliwal,13914777,Mavericks,13914721,Outliers,6,0,,0,1,,,,,1.0,0,0,5,0,0,6.0,,,,,,,,,,,,,,CricHeroes scorecard v2
670,BOWLING,2,25791561,2092140,JCC Box Cricket League,Box Cricket,2026-06-26,Turf8teen10,Jaipur,10,13914721,Outliers,13914777,Mavericks,Mavericks,Resulted,4 wickets,2,13914777,Mavericks,69,4,1,6.1,0,11.19,0,0,0,0,0.0,0,0,0,0,565841,Harish Jangid,13914777,Mavericks,13914721,Outliers,16,0,,1,2,,,,,1.0,0,0,3,0,0,16.0,,,,,,,,,,,,,,CricHeroes scorecard v2
671,BOWLING,2,25791561,2092140,JCC Box Cricket League,Box Cricket,2026-06-26,Turf8teen10,Jaipur,10,13914721,Outliers,13914777,Mavericks,Mavericks,Resulted,4 wickets,2,13914777,Mavericks,69,4,1,6.1,0,11.19,0,0,0,0,0.0,0,0,0,0,15649695,Ankit,13914777,Mavericks,13914721,Outliers,6,0,,0,1,,,,,1.0,0,2,5,0,0,6.0,,,,,,,,,,,,,,CricHeroes scorecard v2
672,BOWLING,2,25791561,2092140,JCC Box Cricket League,Box Cricket,2026-06-26,Turf8teen10,Jaipur,10,13914721,Outliers,13914777,Mavericks,Mavericks,Resulted,4 wickets,2,13914777,Mavericks,69,4,1,6.1,0,11.19,0,0,0,0,0.0,0,0,0,0,6259155,Anagh Nandwana,13914777,Mavericks,13914721,Outliers,12,0,,0,2,,,,,1.0,0,0,4,0,0,12.0,,,,,,,,,,,,,,CricHeroes scorecard v2
673,BOWLING,2,25791561,2092140,JCC Box Cricket League,Box Cricket,2026-06-26,Turf8teen10,Jaipur,10,13914721,Outliers,13914777,Mavericks,Mavericks,Resulted,4 wickets,2,13914777,Mavericks,69,4,1,6.1,0,11.19,0,0,0,0,0.0,0,0,0,0,52427447,Akshat Pandey,13914777,Mavericks,13914721,Outliers,7,0,,0,1,,,,,1.0,0,2,5,1,0,7.0,,,,,,,,,,,,,,CricHeroes scorecard v2
674,BOWLING,2,25791561,2092140,JCC Box Cricket League,Box Cricket,2026-06-26,Turf8teen10,Jaipur,10,13914721,Outliers,13914777,Mavericks,Mavericks,Resulted,4 wickets,2,13914777,Mavericks,69,4,1,6.1,0,11.19,0,0,0,0,0.0,0,0,0,0,21015521,Satvik Todwal,13914777,Mavericks,13914721,Outliers,6,0,,0,1,,,,,0.1,0,0,0,0,0,36.0,,,,,,,,,,,,,,CricHeroes scorecard v2
675,BOWLING,2,25625341,2092140,JCC Box Cricket League,Box Cricket,2026-06-19,Turf8teen10,Jaipur,7,13914777,Mavericks,13914721,Outliers,Outliers,Resulted,4 wickets,1,13914777,Mavericks,57,5,5,7.0,0,8.14,0,0,0,0,0.0,0,0,0,0,33295238,Mahesh kumar,13914777,Mavericks,13914721,Outliers,10,0,,2,0,,,,,2.0,0,1,9,1,0,5.0,,,,,,,,,,,,,,CricHeroes scorecard v2
676,BOWLING,2,25625341,2092140,JCC Box Cricket League,Box Cricket,2026-06-19,Turf8teen10,Jaipur,7,13914777,Mavericks,13914721,Outliers,Outliers,Resulted,4 wickets,1,13914777,Mavericks,57,5,5,7.0,0,8.14,0,0,0,0,0.0,0,0,0,0,25304305,Naman Mittal,13914777,Mavericks,13914721,Outliers,14,0,,2,1,,,,,1.0,0,0,3,0,0,14.0,,,,,,,,,,,,,,CricHeroes scorecard v2
677,BOWLING,2,25625341,2092140,JCC Box Cricket League,Box Cricket,2026-06-19,Turf8teen10,Jaipur,7,13914777,Mavericks,13914721,Outliers,Outliers,Resulted,4 wickets,1,13914777,Mavericks,57,5,5,7.0,0,8.14,0,0,0,0,0.0,0,0,0,0,31438284,Dhruv Paliwal,13914777,Mavericks,13914721,Outliers,8,0,,0,1,,,,,1.0,0,0,3,0,0,8.0,,,,,,,,,,,,,,CricHeroes scorecard v2
678,BOWLING,2,25625341,2092140,JCC Box Cricket League,Box Cricket,2026-06-19,Turf8teen10,Jaipur,7,13914777,Mavericks,13914721,Outliers,Outliers,Resulted,4 wickets,1,13914777,Mavericks,57,5,5,7.0,0,8.14,0,0,0,0,0.0,0,0,0,0,21015521,Satvik Todwal,13914777,Mavericks,13914721,Outliers,13,0,,1,1,,,,,2.0,0,1,10,2,1,6.5,,,,,,,,,,,,,,CricHeroes scorecard v2
679,BOWLING,2,25625341,2092140,JCC Box Cricket League,Box Cricket,2026-06-19,Turf8teen10,Jaipur,7,13914777,Mavericks,13914721,Outliers,Outliers,Resulted,4 wickets,1,13914777,Mavericks,57,5,5,7.0,0,8.14,0,0,0,0,0.0,0,0,0,0,50368899,Naman Mavericks,13914777,Mavericks,13914721,Outliers,12,0,,1,1,,,,,1.0,0,1,3,1,0,12.0,,,,,,,,,,,,,,CricHeroes scorecard v2
680,BOWLING,2,25625341,2092140,JCC Box Cricket League,Box Cricket,2026-06-19,Turf8teen10,Jaipur,7,13914777,Mavericks,13914721,Outliers,Outliers,Resulted,4 wickets,2,13914721,Outliers,59,2,5,5.1,0,11.42,0,0,0,0,0.0,0,0,0,0,3217470,Rahul Rathore,13914721,Outliers,13914777,Mavericks,21,0,,2,2,,,,,1.0,0,1,2,1,0,21.0,,,,,,,,,,,,,,CricHeroes scorecard v2
681,BOWLING,2,25625341,2092140,JCC Box Cricket League,Box Cricket,2026-06-19,Turf8teen10,Jaipur,7,13914777,Mavericks,13914721,Outliers,Outliers,Resulted,4 wickets,2,13914721,Outliers,59,2,5,5.1,0,11.42,0,0,0,0,0.0,0,0,0,0,5228456,Anil Rawat  (c),13914721,Outliers,13914777,Mavericks,5,0,,1,0,,,,,1.0,0,1,5,1,0,5.0,,,,,,,,,,,,,,CricHeroes scorecard v2
682,BOWLING,2,25625341,2092140,JCC Box Cricket League,Box Cricket,2026-06-19,Turf8teen10,Jaipur,7,13914777,Mavericks,13914721,Outliers,Outliers,Resulted,4 wickets,2,13914721,Outliers,59,2,5,5.1,0,11.42,0,0,0,0,0.0,0,0,0,0,38735959,Siddharth Rao,13914721,Outliers,13914777,Mavericks,4,0,,0,0,,,,,1.1,0,0,6,1,1,3.43,,,,,,,,,,,,,,CricHeroes scorecard v2
683,BOWLING,2,25625341,2092140,JCC Box Cricket League,Box Cricket,2026-06-19,Turf8teen10,Jaipur,7,13914777,Mavericks,13914721,Outliers,Outliers,Resulted,4 wickets,2,13914721,Outliers,59,2,5,5.1,0,11.42,0,0,0,0,0.0,0,0,0,0,50368818,Sanjeev Meena Brewvana Owner,13914721,Outliers,13914777,Mavericks,10,0,,1,1,,,,,1.0,0,0,4,0,0,10.0,,,,,,,,,,,,,,CricHeroes scorecard v2
684,BOWLING,2,25625341,2092140,JCC Box Cricket League,Box Cricket,2026-06-19,Turf8teen10,Jaipur,7,13914777,Mavericks,13914721,Outliers,Outliers,Resulted,4 wickets,2,13914721,Outliers,59,2,5,5.1,0,11.42,0,0,0,0,0.0,0,0,0,0,52038417,Vikas,13914721,Outliers,13914777,Mavericks,19,0,,1,2,,,,,1.0,0,0,3,0,1,19.0,,,,,,,,,,,,,,CricHeroes scorecard v2
685,BOWLING,2,25625328,2092140,JCC Box Cricket League,Box Cricket,2026-06-19,Turf8teen10,Jaipur,7,13914529,Neuro strikers,13914721,Outliers,Outliers,Resulted,4 wickets,1,13914529,Neuro strikers,74,1,5,7.0,0,10.57,0,0,0,0,0.0,0,0,0,0,50368899,Naman Mavericks,13914529,Neuro strikers,13914721,Outliers,17,0,,0,2,,,,,2.0,0,0,9,3,0,8.5,,,,,,,,,,,,,,CricHeroes scorecard v2
686,BOWLING,2,25625328,2092140,JCC Box Cricket League,Box Cricket,2026-06-19,Turf8teen10,Jaipur,7,13914529,Neuro strikers,13914721,Outliers,Outliers,Resulted,4 wickets,1,13914529,Neuro strikers,74,1,5,7.0,0,10.57,0,0,0,0,0.0,0,0,0,0,33295238,Mahesh kumar,13914529,Neuro strikers,13914721,Outliers,23,0,,1,3,,,,,2.0,0,0,8,1,0,11.5,,,,,,,,,,,,,,CricHeroes scorecard v2
687,BOWLING,2,25625328,2092140,JCC Box Cricket League,Box Cricket,2026-06-19,Turf8teen10,Jaipur,7,13914529,Neuro strikers,13914721,Outliers,Outliers,Resulted,4 wickets,1,13914529,Neuro strikers,74,1,5,7.0,0,10.57,0,0,0,0,0.0,0,0,0,0,25304305,Naman Mittal,13914529,Neuro strikers,13914721,Outliers,20,0,,3,1,,,,,2.0,0,1,7,1,0,10.0,,,,,,,,,,,,,,CricHeroes scorecard v2
688,BOWLING,2,25625328,2092140,JCC Box Cricket League,Box Cricket,2026-06-19,Turf8teen10,Jaipur,7,13914529,Neuro strikers,13914721,Outliers,Outliers,Resulted,4 wickets,1,13914529,Neuro strikers,74,1,5,7.0,0,10.57,0,0,0,0,0.0,0,0,0,0,21015521,Satvik Todwal,13914529,Neuro strikers,13914721,Outliers,14,0,,2,1,,,,,1.0,0,0,3,0,0,14.0,,,,,,,,,,,,,,CricHeroes scorecard v2
689,BOWLING,2,25625328,2092140,JCC Box Cricket League,Box Cricket,2026-06-19,Turf8teen10,Jaipur,7,13914529,Neuro strikers,13914721,Outliers,Outliers,Resulted,4 wickets,2,13914721,Outliers,78,2,8,6.3,0,12.0,0,0,0,0,0.0,0,0,0,0,9429841,Opal,13914721,Outliers,13914529,Neuro strikers,30,0,,1,4,,,,,2.0,0,0,6,0,0,15.0,,,,,,,,,,,,,,CricHeroes scorecard v2
690,BOWLING,2,25625328,2092140,JCC Box Cricket League,Box Cricket,2026-06-19,Turf8teen10,Jaipur,7,13914529,Neuro strikers,13914721,Outliers,Outliers,Resulted,4 wickets,2,13914721,Outliers,78,2,8,6.3,0,12.0,0,0,0,0,0.0,0,0,0,0,49460120,Sagar  (c),13914721,Outliers,13914529,Neuro strikers,23,0,,2,2,,,,,2.0,0,1,8,3,0,11.5,,,,,,,,,,,,,,CricHeroes scorecard v2
691,BOWLING,2,25625328,2092140,JCC Box Cricket League,Box Cricket,2026-06-19,Turf8teen10,Jaipur,7,13914529,Neuro strikers,13914721,Outliers,Outliers,Resulted,4 wickets,2,13914721,Outliers,78,2,8,6.3,0,12.0,0,0,0,0,0.0,0,0,0,0,41945456,Saurabh CBI,13914721,Outliers,13914529,Neuro strikers,15,0,,1,1,,,,,2.0,0,1,10,5,0,7.5,,,,,,,,,,,,,,CricHeroes scorecard v2
692,BOWLING,2,25625328,2092140,JCC Box Cricket League,Box Cricket,2026-06-19,Turf8teen10,Jaipur,7,13914529,Neuro strikers,13914721,Outliers,Outliers,Resulted,4 wickets,2,13914721,Outliers,78,2,8,6.3,0,12.0,0,0,0,0,0.0,0,0,0,0,50368825,Bhairav Deep Touchy,13914721,Outliers,13914529,Neuro strikers,10,0,,1,1,,,,,0.3,0,0,1,0,0,20.0,,,,,,,,,,,,,,CricHeroes scorecard v2
693,BOWLING,2,25625285,2092140,JCC Box Cricket League,Box Cricket,2026-06-19,Turf8teen10,Jaipur,7,13914777,Mavericks,13914529,Neuro strikers,Mavericks,Resulted,24 runs,1,13914777,Mavericks,69,3,3,7.0,0,9.86,0,0,0,0,0.0,0,0,0,0,9429841,Opal,13914777,Mavericks,13914529,Neuro strikers,22,0,,2,2,,,,,2.0,0,1,7,0,0,11.0,,,,,,,,,,,,,,CricHeroes scorecard v2
694,BOWLING,2,25625285,2092140,JCC Box Cricket League,Box Cricket,2026-06-19,Turf8teen10,Jaipur,7,13914777,Mavericks,13914529,Neuro strikers,Mavericks,Resulted,24 runs,1,13914777,Mavericks,69,3,3,7.0,0,9.86,0,0,0,0,0.0,0,0,0,0,49460120,Sagar  (c),13914777,Mavericks,13914529,Neuro strikers,11,0,,1,1,,,,,2.0,0,0,9,0,0,5.5,,,,,,,,,,,,,,CricHeroes scorecard v2
695,BOWLING,2,25625285,2092140,JCC Box Cricket League,Box Cricket,2026-06-19,Turf8teen10,Jaipur,7,13914777,Mavericks,13914529,Neuro strikers,Mavericks,Resulted,24 runs,1,13914777,Mavericks,69,3,3,7.0,0,9.86,0,0,0,0,0.0,0,0,0,0,41945456,Saurabh CBI,13914777,Mavericks,13914529,Neuro strikers,20,0,,4,0,,,,,2.0,0,0,6,2,0,10.0,,,,,,,,,,,,,,CricHeroes scorecard v2
696,BOWLING,2,25625285,2092140,JCC Box Cricket League,Box Cricket,2026-06-19,Turf8teen10,Jaipur,7,13914777,Mavericks,13914529,Neuro strikers,Mavericks,Resulted,24 runs,1,13914777,Mavericks,69,3,3,7.0,0,9.86,0,0,0,0,0.0,0,0,0,0,49459939,Abhijeet Singh Shekhawat,13914777,Mavericks,13914529,Neuro strikers,16,0,,2,1,,,,,1.0,0,0,2,1,0,16.0,,,,,,,,,,,,,,CricHeroes scorecard v2
697,BOWLING,2,25625285,2092140,JCC Box Cricket League,Box Cricket,2026-06-19,Turf8teen10,Jaipur,7,13914777,Mavericks,13914529,Neuro strikers,Mavericks,Resulted,24 runs,2,13914529,Neuro strikers,45,2,3,7.0,0,6.43,0,0,0,0,0.0,0,0,0,0,5228456,Anil Rawat  (c),13914529,Neuro strikers,13914777,Mavericks,18,0,,0,2,,,,,2.0,0,1,7,2,0,9.0,,,,,,,,,,,,,,CricHeroes scorecard v2
698,BOWLING,2,25625285,2092140,JCC Box Cricket League,Box Cricket,2026-06-19,Turf8teen10,Jaipur,7,13914777,Mavericks,13914529,Neuro strikers,Mavericks,Resulted,24 runs,2,13914529,Neuro strikers,45,2,3,7.0,0,6.43,0,0,0,0,0.0,0,0,0,0,52038417,Vikas,13914529,Neuro strikers,13914777,Mavericks,18,0,,1,2,,,,,1.0,0,0,2,0,0,18.0,,,,,,,,,,,,,,CricHeroes scorecard v2
699,BOWLING,2,25625285,2092140,JCC Box Cricket League,Box Cricket,2026-06-19,Turf8teen10,Jaipur,7,13914777,Mavericks,13914529,Neuro strikers,Mavericks,Resulted,24 runs,2,13914529,Neuro strikers,45,2,3,7.0,0,6.43,0,0,0,0,0.0,0,0,0,0,38735959,Siddharth Rao,13914529,Neuro strikers,13914777,Mavericks,3,0,,0,0,,,,,2.0,1,1,10,1,0,1.5,,,,,,,,,,,,,,CricHeroes scorecard v2
700,BOWLING,2,25625285,2092140,JCC Box Cricket League,Box Cricket,2026-06-19,Turf8teen10,Jaipur,7,13914777,Mavericks,13914529,Neuro strikers,Mavericks,Resulted,24 runs,2,13914529,Neuro strikers,45,2,3,7.0,0,6.43,0,0,0,0,0.0,0,0,0,0,50368818,Sanjeev Meena Brewvana Owner,13914529,Neuro strikers,13914777,Mavericks,6,0,,0,1,,,,,2.0,1,0,11,0,0,3.0,,,,,,,,,,,,,,CricHeroes scorecard v2
701,BOWLING,2,25517051,2092140,JCC Box Cricket League,Box Cricket,2026-06-14,Turf8teen10,Jaipur,7,13914529,Neuro strikers,13914777,Mavericks,Neuro strikers,Resulted,42 runs,1,13914529,Neuro strikers,110,1,4,7.0,0,15.71,0,0,0,0,0.0,0,0,0,0,50368818,Sanjeev Meena Brewvana Owner,13914529,Neuro strikers,13914777,Mavericks,39,0,,2,5,,,,,2.0,0,0,5,1,0,19.5,,,,,,,,,,,,,,CricHeroes scorecard v2
702,BOWLING,2,25517051,2092140,JCC Box Cricket League,Box Cricket,2026-06-14,Turf8teen10,Jaipur,7,13914529,Neuro strikers,13914777,Mavericks,Neuro strikers,Resulted,42 runs,1,13914529,Neuro strikers,110,1,4,7.0,0,15.71,0,0,0,0,0.0,0,0,0,0,52038417,Vikas,13914529,Neuro strikers,13914777,Mavericks,28,0,,0,4,,,,,2.0,0,0,5,1,0,14.0,,,,,,,,,,,,,,CricHeroes scorecard v2
703,BOWLING,2,25517051,2092140,JCC Box Cricket League,Box Cricket,2026-06-14,Turf8teen10,Jaipur,7,13914529,Neuro strikers,13914777,Mavericks,Neuro strikers,Resulted,42 runs,1,13914529,Neuro strikers,110,1,4,7.0,0,15.71,0,0,0,0,0.0,0,0,0,0,5228456,Anil Rawat  (c),13914529,Neuro strikers,13914777,Mavericks,23,0,,2,2,,,,,2.0,0,0,6,1,0,11.5,,,,,,,,,,,,,,CricHeroes scorecard v2
704,BOWLING,2,25517051,2092140,JCC Box Cricket League,Box Cricket,2026-06-14,Turf8teen10,Jaipur,7,13914529,Neuro strikers,13914777,Mavericks,Neuro strikers,Resulted,42 runs,1,13914529,Neuro strikers,110,1,4,7.0,0,15.71,0,0,0,0,0.0,0,0,0,0,15803869,Nitin Setia,13914529,Neuro strikers,13914777,Mavericks,20,0,,0,3,,,,,1.0,0,0,2,1,0,20.0,,,,,,,,,,,,,,CricHeroes scorecard v2
705,BOWLING,2,25517051,2092140,JCC Box Cricket League,Box Cricket,2026-06-14,Turf8teen10,Jaipur,7,13914529,Neuro strikers,13914777,Mavericks,Neuro strikers,Resulted,42 runs,2,13914777,Mavericks,68,2,5,7.0,0,9.71,0,0,0,0,0.0,0,0,0,0,9429841,Opal,13914777,Mavericks,13914529,Neuro strikers,15,0,,0,2,,,,,2.0,0,0,8,1,0,7.5,,,,,,,,,,,,,,CricHeroes scorecard v2
706,BOWLING,2,25517051,2092140,JCC Box Cricket League,Box Cricket,2026-06-14,Turf8teen10,Jaipur,7,13914529,Neuro strikers,13914777,Mavericks,Neuro strikers,Resulted,42 runs,2,13914777,Mavericks,68,2,5,7.0,0,9.71,0,0,0,0,0.0,0,0,0,0,49460120,Sagar  (c),13914777,Mavericks,13914529,Neuro strikers,13,0,,0,1,,,,,2.0,0,0,8,2,0,6.5,,,,,,,,,,,,,,CricHeroes scorecard v2
707,BOWLING,2,25517051,2092140,JCC Box Cricket League,Box Cricket,2026-06-14,Turf8teen10,Jaipur,7,13914529,Neuro strikers,13914777,Mavericks,Neuro strikers,Resulted,42 runs,2,13914777,Mavericks,68,2,5,7.0,0,9.71,0,0,0,0,0.0,0,0,0,0,41945456,Saurabh CBI,13914777,Mavericks,13914529,Neuro strikers,9,0,,1,0,,,,,2.0,0,0,8,1,0,4.5,,,,,,,,,,,,,,CricHeroes scorecard v2
708,BOWLING,2,25517051,2092140,JCC Box Cricket League,Box Cricket,2026-06-14,Turf8teen10,Jaipur,7,13914529,Neuro strikers,13914777,Mavericks,Neuro strikers,Resulted,42 runs,2,13914777,Mavericks,68,2,5,7.0,0,9.71,0,0,0,0,0.0,0,0,0,0,52038035,Sarthak Rathore ,13914777,Mavericks,13914529,Neuro strikers,31,0,,3,3,,,,,1.0,0,0,0,1,0,31.0,,,,,,,,,,,,,,CricHeroes scorecard v2
709,BOWLING,2,25499868,2092140,JCC Box Cricket League,Box Cricket,2026-06-14,Turf8teen10,Jaipur,7,13914777,Mavericks,13914721,Outliers,,Tie,Tie,1,13914777,Mavericks,78,5,4,7.0,0,11.14,0,0,0,0,0.0,0,0,0,0,25304305,Naman Mittal,13914777,Mavericks,13914721,Outliers,19,0,,3,0,,,,,2.0,0,0,6,3,0,9.5,,,,,,,,,,,,,,CricHeroes scorecard v2
710,BOWLING,2,25499868,2092140,JCC Box Cricket League,Box Cricket,2026-06-14,Turf8teen10,Jaipur,7,13914777,Mavericks,13914721,Outliers,,Tie,Tie,1,13914777,Mavericks,78,5,4,7.0,0,11.14,0,0,0,0,0.0,0,0,0,0,50368843,Harnoor Singh,13914777,Mavericks,13914721,Outliers,14,0,,0,2,,,,,1.0,0,0,3,0,0,14.0,,,,,,,,,,,,,,CricHeroes scorecard v2
711,BOWLING,2,25499868,2092140,JCC Box Cricket League,Box Cricket,2026-06-14,Turf8teen10,Jaipur,7,13914777,Mavericks,13914721,Outliers,,Tie,Tie,1,13914777,Mavericks,78,5,4,7.0,0,11.14,0,0,0,0,0.0,0,0,0,0,50368899,Naman Mavericks,13914777,Mavericks,13914721,Outliers,21,0,,2,2,,,,,2.0,0,0,8,1,0,10.5,,,,,,,,,,,,,,CricHeroes scorecard v2
712,BOWLING,2,25499868,2092140,JCC Box Cricket League,Box Cricket,2026-06-14,Turf8teen10,Jaipur,7,13914777,Mavericks,13914721,Outliers,,Tie,Tie,1,13914777,Mavericks,78,5,4,7.0,0,11.14,0,0,0,0,0.0,0,0,0,0,50368913,Rudraksh  (c),13914777,Mavericks,13914721,Outliers,24,0,,1,3,,,,,2.0,0,4,6,0,0,12.0,,,,,,,,,,,,,,CricHeroes scorecard v2
713,BOWLING,2,25499868,2092140,JCC Box Cricket League,Box Cricket,2026-06-14,Turf8teen10,Jaipur,7,13914777,Mavericks,13914721,Outliers,,Tie,Tie,2,13914721,Outliers,78,2,9,7.0,0,11.14,0,0,0,0,0.0,0,0,0,0,52038452,Krshna,13914721,Outliers,13914777,Mavericks,8,0,,1,0,,,,,1.0,0,0,5,4,0,8.0,,,,,,,,,,,,,,CricHeroes scorecard v2
714,BOWLING,2,25499868,2092140,JCC Box Cricket League,Box Cricket,2026-06-14,Turf8teen10,Jaipur,7,13914777,Mavericks,13914721,Outliers,,Tie,Tie,2,13914721,Outliers,78,2,9,7.0,0,11.14,0,0,0,0,0.0,0,0,0,0,50368818,Sanjeev Meena Brewvana Owner,13914721,Outliers,13914777,Mavericks,14,0,,1,1,,,,,2.0,0,1,7,1,0,7.0,,,,,,,,,,,,,,CricHeroes scorecard v2
715,BOWLING,2,25499868,2092140,JCC Box Cricket League,Box Cricket,2026-06-14,Turf8teen10,Jaipur,7,13914777,Mavericks,13914721,Outliers,,Tie,Tie,2,13914721,Outliers,78,2,9,7.0,0,11.14,0,0,0,0,0.0,0,0,0,0,52038417,Vikas,13914721,Outliers,13914777,Mavericks,34,0,,1,5,,,,,2.0,0,1,6,0,0,17.0,,,,,,,,,,,,,,CricHeroes scorecard v2
716,BOWLING,2,25499868,2092140,JCC Box Cricket League,Box Cricket,2026-06-14,Turf8teen10,Jaipur,7,13914777,Mavericks,13914721,Outliers,,Tie,Tie,2,13914721,Outliers,78,2,9,7.0,0,11.14,0,0,0,0,0.0,0,0,0,0,15803869,Nitin Setia,13914721,Outliers,13914777,Mavericks,14,0,,0,2,,,,,1.0,0,0,4,2,0,14.0,,,,,,,,,,,,,,CricHeroes scorecard v2
717,BOWLING,2,25499868,2092140,JCC Box Cricket League,Box Cricket,2026-06-14,Turf8teen10,Jaipur,7,13914777,Mavericks,13914721,Outliers,,Tie,Tie,2,13914721,Outliers,78,2,9,7.0,0,11.14,0,0,0,0,0.0,0,0,0,0,5228456,Anil Rawat  (c),13914721,Outliers,13914777,Mavericks,8,0,,1,0,,,,,1.0,0,0,4,2,0,8.0,,,,,,,,,,,,,,CricHeroes scorecard v2
718,BOWLING,2,25499900,2092140,JCC Box Cricket League,Box Cricket,2026-06-14,Turf8teen10,Jaipur,7,13914529,Neuro strikers,13914721,Outliers,Neuro strikers,Resulted,23 runs,1,13914529,Neuro strikers,74,2,3,7.0,0,10.57,0,0,0,0,0.0,0,0,0,0,25304305,Naman Mittal,13914529,Neuro strikers,13914721,Outliers,17,0,,0,2,,,,,2.0,0,0,6,0,0,8.5,,,,,,,,,,,,,,CricHeroes scorecard v2
719,BOWLING,2,25499900,2092140,JCC Box Cricket League,Box Cricket,2026-06-14,Turf8teen10,Jaipur,7,13914529,Neuro strikers,13914721,Outliers,Neuro strikers,Resulted,23 runs,1,13914529,Neuro strikers,74,2,3,7.0,0,10.57,0,0,0,0,0.0,0,0,0,0,50368899,Naman Mavericks,13914529,Neuro strikers,13914721,Outliers,9,0,,1,0,,,,,2.0,0,1,8,2,0,4.5,,,,,,,,,,,,,,CricHeroes scorecard v2
720,BOWLING,2,25499900,2092140,JCC Box Cricket League,Box Cricket,2026-06-14,Turf8teen10,Jaipur,7,13914529,Neuro strikers,13914721,Outliers,Neuro strikers,Resulted,23 runs,1,13914529,Neuro strikers,74,2,3,7.0,0,10.57,0,0,0,0,0.0,0,0,0,0,50368913,Rudraksh  (c),13914529,Neuro strikers,13914721,Outliers,25,0,,3,2,,,,,2.0,0,0,6,0,0,12.5,,,,,,,,,,,,,,CricHeroes scorecard v2
721,BOWLING,2,25499900,2092140,JCC Box Cricket League,Box Cricket,2026-06-14,Turf8teen10,Jaipur,7,13914529,Neuro strikers,13914721,Outliers,Neuro strikers,Resulted,23 runs,1,13914529,Neuro strikers,74,2,3,7.0,0,10.57,0,0,0,0,0.0,0,0,0,0,7989139,Sonu,13914529,Neuro strikers,13914721,Outliers,23,0,,1,3,,,,,1.0,0,0,2,1,0,23.0,,,,,,,,,,,,,,CricHeroes scorecard v2
722,BOWLING,2,25499900,2092140,JCC Box Cricket League,Box Cricket,2026-06-14,Turf8teen10,Jaipur,7,13914529,Neuro strikers,13914721,Outliers,Neuro strikers,Resulted,23 runs,2,13914721,Outliers,51,5,8,7.0,0,7.29,0,0,0,0,0.0,0,0,0,0,49460120,Sagar  (c),13914721,Outliers,13914529,Neuro strikers,16,0,,0,2,,,,,2.0,0,2,7,0,1,8.0,,,,,,,,,,,,,,CricHeroes scorecard v2
723,BOWLING,2,25499900,2092140,JCC Box Cricket League,Box Cricket,2026-06-14,Turf8teen10,Jaipur,7,13914529,Neuro strikers,13914721,Outliers,Neuro strikers,Resulted,23 runs,2,13914721,Outliers,51,5,8,7.0,0,7.29,0,0,0,0,0.0,0,0,0,0,9429841,Opal,13914721,Outliers,13914529,Neuro strikers,17,0,,1,2,,,,,2.0,0,1,8,0,0,8.5,,,,,,,,,,,,,,CricHeroes scorecard v2
724,BOWLING,2,25499900,2092140,JCC Box Cricket League,Box Cricket,2026-06-14,Turf8teen10,Jaipur,7,13914529,Neuro strikers,13914721,Outliers,Neuro strikers,Resulted,23 runs,2,13914721,Outliers,51,5,8,7.0,0,7.29,0,0,0,0,0.0,0,0,0,0,41945456,Saurabh CBI,13914721,Outliers,13914529,Neuro strikers,10,0,,0,0,,,,,2.0,0,0,10,6,1,5.0,,,,,,,,,,,,,,CricHeroes scorecard v2
725,BOWLING,2,25499900,2092140,JCC Box Cricket League,Box Cricket,2026-06-14,Turf8teen10,Jaipur,7,13914529,Neuro strikers,13914721,Outliers,Neuro strikers,Resulted,23 runs,2,13914721,Outliers,51,5,8,7.0,0,7.29,0,0,0,0,0.0,0,0,0,0,52038035,Sarthak Rathore ,13914721,Outliers,13914529,Neuro strikers,8,0,,2,0,,,,,1.0,0,2,4,0,0,8.0,,,,,,,,,,,,,,CricHeroes scorecard v2
726,BOWLING,2,25499848,2092140,JCC Box Cricket League,Box Cricket,2026-06-14,Turf8teen10,Jaipur,7,13914777,Mavericks,13914529,Neuro strikers,Mavericks,Resulted,36 runs,1,13914777,Mavericks,82,0,11,7.0,0,11.71,0,0,0,0,0.0,0,0,0,0,9429841,Opal,13914777,Mavericks,13914529,Neuro strikers,13,0,,0,1,,,,,2.0,1,0,7,1,0,6.5,,,,,,,,,,,,,,CricHeroes scorecard v2
727,BOWLING,2,25499848,2092140,JCC Box Cricket League,Box Cricket,2026-06-14,Turf8teen10,Jaipur,7,13914777,Mavericks,13914529,Neuro strikers,Mavericks,Resulted,36 runs,1,13914777,Mavericks,82,0,11,7.0,0,11.71,0,0,0,0,0.0,0,0,0,0,49460120,Sagar  (c),13914777,Mavericks,13914529,Neuro strikers,27,0,,4,1,,,,,2.0,0,0,4,1,0,13.5,,,,,,,,,,,,,,CricHeroes scorecard v2
728,BOWLING,2,25499848,2092140,JCC Box Cricket League,Box Cricket,2026-06-14,Turf8teen10,Jaipur,7,13914777,Mavericks,13914529,Neuro strikers,Mavericks,Resulted,36 runs,1,13914777,Mavericks,82,0,11,7.0,0,11.71,0,0,0,0,0.0,0,0,0,0,41945456,Saurabh CBI,13914777,Mavericks,13914529,Neuro strikers,16,0,,1,1,,,,,1.0,0,0,3,5,0,16.0,,,,,,,,,,,,,,CricHeroes scorecard v2
729,BOWLING,2,25499848,2092140,JCC Box Cricket League,Box Cricket,2026-06-14,Turf8teen10,Jaipur,7,13914777,Mavericks,13914529,Neuro strikers,Mavericks,Resulted,36 runs,1,13914777,Mavericks,82,0,11,7.0,0,11.71,0,0,0,0,0.0,0,0,0,0,52038035,Sarthak Rathore ,13914777,Mavericks,13914529,Neuro strikers,10,0,,2,0,,,,,1.0,0,0,4,2,0,10.0,,,,,,,,,,,,,,CricHeroes scorecard v2
730,BOWLING,2,25499848,2092140,JCC Box Cricket League,Box Cricket,2026-06-14,Turf8teen10,Jaipur,7,13914777,Mavericks,13914529,Neuro strikers,Mavericks,Resulted,36 runs,1,13914777,Mavericks,82,0,11,7.0,0,11.71,0,0,0,0,0.0,0,0,0,0,7989139,Sonu,13914777,Mavericks,13914529,Neuro strikers,16,0,,0,2,,,,,1.0,0,0,2,2,0,16.0,,,,,,,,,,,,,,CricHeroes scorecard v2
731,BOWLING,2,25499848,2092140,JCC Box Cricket League,Box Cricket,2026-06-14,Turf8teen10,Jaipur,7,13914777,Mavericks,13914529,Neuro strikers,Mavericks,Resulted,36 runs,2,13914529,Neuro strikers,46,3,5,7.0,0,6.57,0,0,0,0,0.0,0,0,0,0,52038417,Vikas,13914529,Neuro strikers,13914777,Mavericks,13,0,,1,1,,,,,2.0,0,0,8,1,0,6.5,,,,,,,,,,,,,,CricHeroes scorecard v2
732,BOWLING,2,25499848,2092140,JCC Box Cricket League,Box Cricket,2026-06-14,Turf8teen10,Jaipur,7,13914777,Mavericks,13914529,Neuro strikers,Mavericks,Resulted,36 runs,2,13914529,Neuro strikers,46,3,5,7.0,0,6.57,0,0,0,0,0.0,0,0,0,0,50368818,Sanjeev Meena Brewvana Owner,13914529,Neuro strikers,13914777,Mavericks,13,0,,1,1,,,,,2.0,0,1,7,0,0,6.5,,,,,,,,,,,,,,CricHeroes scorecard v2
733,BOWLING,2,25499848,2092140,JCC Box Cricket League,Box Cricket,2026-06-14,Turf8teen10,Jaipur,7,13914777,Mavericks,13914529,Neuro strikers,Mavericks,Resulted,36 runs,2,13914529,Neuro strikers,46,3,5,7.0,0,6.57,0,0,0,0,0.0,0,0,0,0,52038452,Krshna,13914529,Neuro strikers,13914777,Mavericks,6,0,,0,0,,,,,2.0,0,0,9,3,0,3.0,,,,,,,,,,,,,,CricHeroes scorecard v2
734,BOWLING,2,25499848,2092140,JCC Box Cricket League,Box Cricket,2026-06-14,Turf8teen10,Jaipur,7,13914777,Mavericks,13914529,Neuro strikers,Mavericks,Resulted,36 runs,2,13914529,Neuro strikers,46,3,5,7.0,0,6.57,0,0,0,0,0.0,0,0,0,0,5228456,Anil Rawat  (c),13914529,Neuro strikers,13914777,Mavericks,14,0,,0,2,,,,,1.0,0,1,3,1,0,14.0,,,,,,,,,,,,,,CricHeroes scorecard v2
735,BOWLING,3,27439735,2141686,JCC Season 3,Box Cricket,2026-10-02,Kodai Box Cricket,Jaipur,7,13914721,Outliers,13914777,Mavericks,Outliers,resulted,7 runs,1,13914721,Outliers,55,2,4,7.0,0,7.86,0,0,0,0,0.0,0,0,0,0,49459939,Abhijeet Singh Shekhawat,13914721,Outliers,13914777,Mavericks,7,0,,0,0,,,,,2.0,0,0,10,2,1,3.5,,,,,,,,,,,,,,CricHeroes scorecard v2
736,BOWLING,3,27439735,2141686,JCC Season 3,Box Cricket,2026-10-02,Kodai Box Cricket,Jaipur,7,13914721,Outliers,13914777,Mavericks,Outliers,resulted,7 runs,1,13914721,Outliers,55,2,4,7.0,0,7.86,0,0,0,0,0.0,0,0,0,0,8131458,Lakshay,13914721,Outliers,13914777,Mavericks,18,0,,0,3,,,,,1.0,0,1,3,0,0,18.0,,,,,,,,,,,,,,CricHeroes scorecard v2
737,BOWLING,3,27439735,2141686,JCC Season 3,Box Cricket,2026-10-02,Kodai Box Cricket,Jaipur,7,13914721,Outliers,13914777,Mavericks,Outliers,resulted,7 runs,1,13914721,Outliers,55,2,4,7.0,0,7.86,0,0,0,0,0.0,0,0,0,0,565841,Harish Jangid,13914721,Outliers,13914777,Mavericks,15,0,,0,2,,,,,2.0,0,0,8,0,0,7.5,,,,,,,,,,,,,,CricHeroes scorecard v2
738,BOWLING,3,27439735,2141686,JCC Season 3,Box Cricket,2026-10-02,Kodai Box Cricket,Jaipur,7,13914721,Outliers,13914777,Mavericks,Outliers,resulted,7 runs,1,13914721,Outliers,55,2,4,7.0,0,7.86,0,0,0,0,0.0,0,0,0,0,1218133,Ankit,13914721,Outliers,13914777,Mavericks,15,0,,0,2,,,,,2.0,0,1,9,1,0,7.5,,,,,,,,,,,,,,CricHeroes scorecard v2
739,BOWLING,3,27439735,2141686,JCC Season 3,Box Cricket,2026-10-02,Kodai Box Cricket,Jaipur,7,13914721,Outliers,13914777,Mavericks,Outliers,resulted,7 runs,2,13914777,Mavericks,48,4,2,7.0,0,6.86,0,0,0,0,0.0,0,0,0,0,52957809,Siddharth Rao Jcc,13914777,Mavericks,13914721,Outliers,16,0,,2,1,,,,,2.0,0,1,8,0,0,8.0,,,,,,,,,,,,,,CricHeroes scorecard v2
740,BOWLING,3,27439735,2141686,JCC Season 3,Box Cricket,2026-10-02,Kodai Box Cricket,Jaipur,7,13914721,Outliers,13914777,Mavericks,Outliers,resulted,7 runs,2,13914777,Mavericks,48,4,2,7.0,0,6.86,0,0,0,0,0.0,0,0,0,0,50368899,Naman Mavericks  (c),13914777,Mavericks,13914721,Outliers,14,0,,0,2,,,,,2.0,0,0,9,0,1,7.0,,,,,,,,,,,,,,CricHeroes scorecard v2
741,BOWLING,3,27439735,2141686,JCC Season 3,Box Cricket,2026-10-02,Kodai Box Cricket,Jaipur,7,13914721,Outliers,13914777,Mavericks,Outliers,resulted,7 runs,2,13914777,Mavericks,48,4,2,7.0,0,6.86,0,0,0,0,0.0,0,0,0,0,50368913,Rudraksh,13914777,Mavericks,13914721,Outliers,10,0,,1,0,,,,,2.0,0,1,7,1,0,5.0,,,,,,,,,,,,,,CricHeroes scorecard v2
742,BOWLING,3,27439735,2141686,JCC Season 3,Box Cricket,2026-10-02,Kodai Box Cricket,Jaipur,7,13914721,Outliers,13914777,Mavericks,Outliers,resulted,7 runs,2,13914777,Mavericks,48,4,2,7.0,0,6.86,0,0,0,0,0.0,0,0,0,0,52038452,Krshna,13914777,Mavericks,13914721,Outliers,8,0,,0,1,,,,,1.0,0,1,4,0,0,8.0,,,,,,,,,,,,,,CricHeroes scorecard v2
743,BOWLING,3,27438765,2141686,JCC Season 3,Box Cricket,2026-10-02,Kodai Box Cricket,Jaipur,7,14263394,VIKINGS,13914529,Neuro strikers,VIKINGS,resulted,10 runs,1,14263394,VIKINGS,69,2,8,7.0,0,9.86,0,0,0,0,0.0,0,0,0,0,53313171,Bhaskar Rathore,14263394,VIKINGS,13914529,Neuro strikers,32,0,,2,2,,,,,2.0,0,0,6,6,1,16.0,,,,,,,,,,,,,,CricHeroes scorecard v2
744,BOWLING,3,27438765,2141686,JCC Season 3,Box Cricket,2026-10-02,Kodai Box Cricket,Jaipur,7,14263394,VIKINGS,13914529,Neuro strikers,VIKINGS,resulted,10 runs,1,14263394,VIKINGS,69,2,8,7.0,0,9.86,0,0,0,0,0.0,0,0,0,0,52038417,Vikas,14263394,VIKINGS,13914529,Neuro strikers,18,0,,2,1,,,,,2.0,0,1,6,0,0,9.0,,,,,,,,,,,,,,CricHeroes scorecard v2
745,BOWLING,3,27438765,2141686,JCC Season 3,Box Cricket,2026-10-02,Kodai Box Cricket,Jaipur,7,14263394,VIKINGS,13914529,Neuro strikers,VIKINGS,resulted,10 runs,1,14263394,VIKINGS,69,2,8,7.0,0,9.86,0,0,0,0,0.0,0,0,0,0,31438284,Dhruv Paliwal,14263394,VIKINGS,13914529,Neuro strikers,5,0,,1,0,,,,,2.0,1,1,10,0,0,2.5,,,,,,,,,,,,,,CricHeroes scorecard v2
746,BOWLING,3,27438765,2141686,JCC Season 3,Box Cricket,2026-10-02,Kodai Box Cricket,Jaipur,7,14263394,VIKINGS,13914529,Neuro strikers,VIKINGS,resulted,10 runs,1,14263394,VIKINGS,69,2,8,7.0,0,9.86,0,0,0,0,0.0,0,0,0,0,5228456,Anil Rawat,14263394,VIKINGS,13914529,Neuro strikers,14,0,,1,1,,,,,1.0,0,0,2,1,0,14.0,,,,,,,,,,,,,,CricHeroes scorecard v2
747,BOWLING,3,27438765,2141686,JCC Season 3,Box Cricket,2026-10-02,Kodai Box Cricket,Jaipur,7,14263394,VIKINGS,13914529,Neuro strikers,VIKINGS,resulted,10 runs,2,13914529,Neuro strikers,59,1,2,7.0,0,8.43,0,0,0,0,0.0,0,0,0,0,33295238,Mahesh kumar,13914529,Neuro strikers,14263394,VIKINGS,23,0,,3,1,,,,,2.0,0,0,5,1,0,11.5,,,,,,,,,,,,,,CricHeroes scorecard v2
748,BOWLING,3,27438765,2141686,JCC Season 3,Box Cricket,2026-10-02,Kodai Box Cricket,Jaipur,7,14263394,VIKINGS,13914529,Neuro strikers,VIKINGS,resulted,10 runs,2,13914529,Neuro strikers,59,1,2,7.0,0,8.43,0,0,0,0,0.0,0,0,0,0,6314755,Navin Gurjar  (c),13914529,Neuro strikers,14263394,VIKINGS,7,0,,0,0,,,,,2.0,0,0,8,0,0,3.5,,,,,,,,,,,,,,CricHeroes scorecard v2
749,BOWLING,3,27438765,2141686,JCC Season 3,Box Cricket,2026-10-02,Kodai Box Cricket,Jaipur,7,14263394,VIKINGS,13914529,Neuro strikers,VIKINGS,resulted,10 runs,2,13914529,Neuro strikers,59,1,2,7.0,0,8.43,0,0,0,0,0.0,0,0,0,0,1748478,Nishant Gupta,13914529,Neuro strikers,14263394,VIKINGS,14,0,,1,1,,,,,2.0,0,1,8,1,0,7.0,,,,,,,,,,,,,,CricHeroes scorecard v2
750,BOWLING,3,27438765,2141686,JCC Season 3,Box Cricket,2026-10-02,Kodai Box Cricket,Jaipur,7,14263394,VIKINGS,13914529,Neuro strikers,VIKINGS,resulted,10 runs,2,13914529,Neuro strikers,59,1,2,7.0,0,8.43,0,0,0,0,0.0,0,0,0,0,5520330,MITLESH CHOUDHARY,13914529,Neuro strikers,14263394,VIKINGS,15,0,,0,2,,,,,1.0,0,0,2,0,0,15.0,,,,,,,,,,,,,,CricHeroes scorecard v2
751,BOWLING,3,27437864,2141686,JCC Season 3,Box Cricket,2026-10-02,Kodai Box Cricket,Jaipur,7,13914777,Mavericks,14263394,VIKINGS,VIKINGS,resulted,7 wickets,1,13914777,Mavericks,48,3,5,7.0,0,6.86,0,0,0,0,0.0,0,0,0,0,33295238,Mahesh kumar,13914777,Mavericks,14263394,VIKINGS,10,0,,1,1,,,,,2.0,0,0,10,0,0,5.0,,,,,,,,,,,,,,CricHeroes scorecard v2
752,BOWLING,3,27437864,2141686,JCC Season 3,Box Cricket,2026-10-02,Kodai Box Cricket,Jaipur,7,13914777,Mavericks,14263394,VIKINGS,VIKINGS,resulted,7 wickets,1,13914777,Mavericks,48,3,5,7.0,0,6.86,0,0,0,0,0.0,0,0,0,0,53313171,Bhaskar Rathore,13914777,Mavericks,14263394,VIKINGS,22,0,,0,3,,,,,1.0,0,0,3,2,1,22.0,,,,,,,,,,,,,,CricHeroes scorecard v2
753,BOWLING,3,27437864,2141686,JCC Season 3,Box Cricket,2026-10-02,Kodai Box Cricket,Jaipur,7,13914777,Mavericks,14263394,VIKINGS,VIKINGS,resulted,7 wickets,1,13914777,Mavericks,48,3,5,7.0,0,6.86,0,0,0,0,0.0,0,0,0,0,1748478,Nishant Gupta,13914777,Mavericks,14263394,VIKINGS,6,0,,0,0,,,,,2.0,0,2,10,0,2,3.0,,,,,,,,,,,,,,CricHeroes scorecard v2
754,BOWLING,3,27437864,2141686,JCC Season 3,Box Cricket,2026-10-02,Kodai Box Cricket,Jaipur,7,13914777,Mavericks,14263394,VIKINGS,VIKINGS,resulted,7 wickets,1,13914777,Mavericks,48,3,5,7.0,0,6.86,0,0,0,0,0.0,0,0,0,0,6314755,Navin Gurjar,13914777,Mavericks,14263394,VIKINGS,10,0,,0,0,,,,,2.0,0,0,5,0,0,5.0,,,,,,,,,,,,,,CricHeroes scorecard v2
755,BOWLING,3,27437864,2141686,JCC Season 3,Box Cricket,2026-10-02,Kodai Box Cricket,Jaipur,7,13914777,Mavericks,14263394,VIKINGS,VIKINGS,resulted,7 wickets,2,14263394,VIKINGS,49,1,5,4.1,0,11.76,0,0,0,0,0.0,0,0,0,0,1218133,Ankit,14263394,VIKINGS,13914777,Mavericks,15,0,,0,2,,,,,1.0,0,0,4,3,0,15.0,,,,,,,,,,,,,,CricHeroes scorecard v2
756,BOWLING,3,27437864,2141686,JCC Season 3,Box Cricket,2026-10-02,Kodai Box Cricket,Jaipur,7,13914777,Mavericks,14263394,VIKINGS,VIKINGS,resulted,7 wickets,2,14263394,VIKINGS,49,1,5,4.1,0,11.76,0,0,0,0,0.0,0,0,0,0,17886857,Divyanshu,14263394,VIKINGS,13914777,Mavericks,14,0,,1,1,,,,,1.0,0,0,2,0,0,14.0,,,,,,,,,,,,,,CricHeroes scorecard v2
757,BOWLING,3,27437864,2141686,JCC Season 3,Box Cricket,2026-10-02,Kodai Box Cricket,Jaipur,7,13914777,Mavericks,14263394,VIKINGS,VIKINGS,resulted,7 wickets,2,14263394,VIKINGS,49,1,5,4.1,0,11.76,0,0,0,0,0.0,0,0,0,0,565841,Harish Jangid,14263394,VIKINGS,13914777,Mavericks,12,0,,1,1,,,,,1.1,0,0,4,0,0,10.29,,,,,,,,,,,,,,CricHeroes scorecard v2
758,BOWLING,3,27437864,2141686,JCC Season 3,Box Cricket,2026-10-02,Kodai Box Cricket,Jaipur,7,13914777,Mavericks,14263394,VIKINGS,VIKINGS,resulted,7 wickets,2,14263394,VIKINGS,49,1,5,4.1,0,11.76,0,0,0,0,0.0,0,0,0,0,52760329,Jaivardhan Pathak,14263394,VIKINGS,13914777,Mavericks,8,0,,1,0,,,,,1.0,0,1,4,2,0,8.0,,,,,,,,,,,,,,CricHeroes scorecard v2
759,BOWLING,3,27436899,2141686,JCC Season 3,Box Cricket,2026-10-02,Kodai Box Cricket,Jaipur,7,13914721,Outliers,13914529,Neuro strikers,Neuro strikers,resulted,5 wickets,1,13914721,Outliers,53,3,4,7.0,0,7.57,0,0,0,0,0.0,0,0,0,0,31438284,Dhruv Paliwal,13914721,Outliers,13914529,Neuro strikers,19,0,,1,2,,,,,2.0,0,2,8,2,0,9.5,,,,,,,,,,,,,,CricHeroes scorecard v2
760,BOWLING,3,27436899,2141686,JCC Season 3,Box Cricket,2026-10-02,Kodai Box Cricket,Jaipur,7,13914721,Outliers,13914529,Neuro strikers,Neuro strikers,resulted,5 wickets,1,13914721,Outliers,53,3,4,7.0,0,7.57,0,0,0,0,0.0,0,0,0,0,52038417,Vikas,13914721,Outliers,13914529,Neuro strikers,6,0,,0,0,,,,,2.0,0,1,6,0,0,3.0,,,,,,,,,,,,,,CricHeroes scorecard v2
761,BOWLING,3,27436899,2141686,JCC Season 3,Box Cricket,2026-10-02,Kodai Box Cricket,Jaipur,7,13914721,Outliers,13914529,Neuro strikers,Neuro strikers,resulted,5 wickets,1,13914721,Outliers,53,3,4,7.0,0,7.57,0,0,0,0,0.0,0,0,0,0,5228456,Anil Rawat,13914721,Outliers,13914529,Neuro strikers,25,0,,1,2,,,,,2.0,0,0,4,2,0,12.5,,,,,,,,,,,,,,CricHeroes scorecard v2
762,BOWLING,3,27436899,2141686,JCC Season 3,Box Cricket,2026-10-02,Kodai Box Cricket,Jaipur,7,13914721,Outliers,13914529,Neuro strikers,Neuro strikers,resulted,5 wickets,1,13914721,Outliers,53,3,4,7.0,0,7.57,0,0,0,0,0.0,0,0,0,0,41945456,Saurabh CBI  (c),13914721,Outliers,13914529,Neuro strikers,3,0,,0,0,,,,,1.0,0,0,3,0,0,3.0,,,,,,,,,,,,,,CricHeroes scorecard v2
763,BOWLING,3,27436899,2141686,JCC Season 3,Box Cricket,2026-10-02,Kodai Box Cricket,Jaipur,7,13914721,Outliers,13914529,Neuro strikers,Neuro strikers,resulted,5 wickets,2,13914529,Neuro strikers,56,0,4,5.3,0,10.18,0,0,0,0,0.0,0,0,0,0,52957809,Siddharth Rao Jcc,13914529,Neuro strikers,13914721,Outliers,12,0,,0,1,,,,,2.0,0,0,9,3,0,6.0,,,,,,,,,,,,,,CricHeroes scorecard v2
764,BOWLING,3,27436899,2141686,JCC Season 3,Box Cricket,2026-10-02,Kodai Box Cricket,Jaipur,7,13914721,Outliers,13914529,Neuro strikers,Neuro strikers,resulted,5 wickets,2,13914529,Neuro strikers,56,0,4,5.3,0,10.18,0,0,0,0,0.0,0,0,0,0,50368899,Naman Mavericks  (c),13914529,Neuro strikers,13914721,Outliers,21,0,,1,2,,,,,2.0,0,0,7,1,0,10.5,,,,,,,,,,,,,,CricHeroes scorecard v2
765,BOWLING,3,27436899,2141686,JCC Season 3,Box Cricket,2026-10-02,Kodai Box Cricket,Jaipur,7,13914721,Outliers,13914529,Neuro strikers,Neuro strikers,resulted,5 wickets,2,13914529,Neuro strikers,56,0,4,5.3,0,10.18,0,0,0,0,0.0,0,0,0,0,50368913,Rudraksh,13914529,Neuro strikers,13914721,Outliers,15,0,,0,2,,,,,1.0,0,0,2,0,0,15.0,,,,,,,,,,,,,,CricHeroes scorecard v2
766,BOWLING,3,27436899,2141686,JCC Season 3,Box Cricket,2026-10-02,Kodai Box Cricket,Jaipur,7,13914721,Outliers,13914529,Neuro strikers,Neuro strikers,resulted,5 wickets,2,13914529,Neuro strikers,56,0,4,5.3,0,10.18,0,0,0,0,0.0,0,0,0,0,21015521,Satvik Todwal,13914529,Neuro strikers,13914721,Outliers,8,0,,0,1,,,,,0.3,0,0,1,0,0,16.0,,,,,,,,,,,,,,CricHeroes scorecard v2
767,BOWLING,3,27302684,2141686,JCC Season 3,Limited Overs,2026-09-25,Box Cricket Kodai,Jaipur,7,13914777,Mavericks,13914529,Neuro strikers,Neuro strikers,resulted,3 wickets,1,13914777,Mavericks,29,4,0,7.0,0,4.14,0,0,0,0,0.0,0,0,0,0,7977983,Rahul  Kasliwal,13914777,Mavericks,13914529,Neuro strikers,8,0,,1,0,,,,,2.0,0,1,8,0,0,4.0,,,,,,,,,,,,,,CricHeroes scorecard v2
768,BOWLING,3,27302684,2141686,JCC Season 3,Limited Overs,2026-09-25,Box Cricket Kodai,Jaipur,7,13914777,Mavericks,13914529,Neuro strikers,Neuro strikers,resulted,3 wickets,1,13914777,Mavericks,29,4,0,7.0,0,4.14,0,0,0,0,0.0,0,0,0,0,41945456,Saurabh CBI  (c),13914777,Mavericks,13914529,Neuro strikers,8,0,,0,1,,,,,1.0,0,0,4,0,0,8.0,,,,,,,,,,,,,,CricHeroes scorecard v2
769,BOWLING,3,27302684,2141686,JCC Season 3,Limited Overs,2026-09-25,Box Cricket Kodai,Jaipur,7,13914777,Mavericks,13914529,Neuro strikers,Neuro strikers,resulted,3 wickets,1,13914777,Mavericks,29,4,0,7.0,0,4.14,0,0,0,0,0.0,0,0,0,0,5228456,Anil Rawat,13914777,Mavericks,13914529,Neuro strikers,7,0,,0,0,,,,,2.0,0,1,7,0,0,3.5,,,,,,,,,,,,,,CricHeroes scorecard v2
770,BOWLING,3,27302684,2141686,JCC Season 3,Limited Overs,2026-09-25,Box Cricket Kodai,Jaipur,7,13914777,Mavericks,13914529,Neuro strikers,Neuro strikers,resulted,3 wickets,1,13914777,Mavericks,29,4,0,7.0,0,4.14,0,0,0,0,0.0,0,0,0,0,49460120,Sagar,13914777,Mavericks,13914529,Neuro strikers,6,0,,0,0,,,,,2.0,0,0,7,0,0,3.0,,,,,,,,,,,,,,CricHeroes scorecard v2
771,BOWLING,3,27302684,2141686,JCC Season 3,Limited Overs,2026-09-25,Box Cricket Kodai,Jaipur,7,13914777,Mavericks,13914529,Neuro strikers,Neuro strikers,resulted,3 wickets,2,13914529,Neuro strikers,30,1,4,3.0,0,10.0,0,0,0,0,0.0,0,0,0,0,565841,Harish Jangid,13914529,Neuro strikers,13914777,Mavericks,0,0,,0,0,,,,,1.0,1,1,6,0,0,0.0,,,,,,,,,,,,,,CricHeroes scorecard v2
772,BOWLING,3,27302684,2141686,JCC Season 3,Limited Overs,2026-09-25,Box Cricket Kodai,Jaipur,7,13914777,Mavericks,13914529,Neuro strikers,Neuro strikers,resulted,3 wickets,2,13914529,Neuro strikers,30,1,4,3.0,0,10.0,0,0,0,0,0.0,0,0,0,0,1218133,Ankit,13914529,Neuro strikers,13914777,Mavericks,13,0,,2,0,,,,,1.0,0,0,3,3,0,13.0,,,,,,,,,,,,,,CricHeroes scorecard v2
773,BOWLING,3,27302684,2141686,JCC Season 3,Limited Overs,2026-09-25,Box Cricket Kodai,Jaipur,7,13914777,Mavericks,13914529,Neuro strikers,Neuro strikers,resulted,3 wickets,2,13914529,Neuro strikers,30,1,4,3.0,0,10.0,0,0,0,0,0.0,0,0,0,0,52760329,Jaivardhan Pathak,13914529,Neuro strikers,13914777,Mavericks,17,0,,0,2,,,,,1.0,0,0,2,1,0,17.0,,,,,,,,,,,,,,CricHeroes scorecard v2
774,BOWLING,3,27301928,2141686,JCC Season 3,Limited Overs,2026-09-25,Kodai Box Cricket,Jaipur,7,13914721,Outliers,14263394,VIKINGS,VIKINGS,resulted,3 wickets,1,13914721,Outliers,39,5,6,7.0,0,5.57,0,0,0,0,0.0,0,0,0,0,38946978,Yash Pareek,13914721,Outliers,14263394,VIKINGS,8,0,,0,0,,,,,2.0,0,1,9,4,0,4.0,,,,,,,,,,,,,,CricHeroes scorecard v2
775,BOWLING,3,27301928,2141686,JCC Season 3,Limited Overs,2026-09-25,Kodai Box Cricket,Jaipur,7,13914721,Outliers,14263394,VIKINGS,VIKINGS,resulted,3 wickets,1,13914721,Outliers,39,5,6,7.0,0,5.57,0,0,0,0,0.0,0,0,0,0,6314755,Navin Gurjar  (c),13914721,Outliers,14263394,VIKINGS,22,0,,1,2,,,,,2.0,0,2,6,1,1,11.0,,,,,,,,,,,,,,CricHeroes scorecard v2
776,BOWLING,3,27301928,2141686,JCC Season 3,Limited Overs,2026-09-25,Kodai Box Cricket,Jaipur,7,13914721,Outliers,14263394,VIKINGS,VIKINGS,resulted,3 wickets,1,13914721,Outliers,39,5,6,7.0,0,5.57,0,0,0,0,0.0,0,0,0,0,33295238,Mahesh kumar,13914721,Outliers,14263394,VIKINGS,5,0,,0,0,,,,,2.0,0,2,8,0,0,2.5,,,,,,,,,,,,,,CricHeroes scorecard v2
777,BOWLING,3,27301928,2141686,JCC Season 3,Limited Overs,2026-09-25,Kodai Box Cricket,Jaipur,7,13914721,Outliers,14263394,VIKINGS,VIKINGS,resulted,3 wickets,1,13914721,Outliers,39,5,6,7.0,0,5.57,0,0,0,0,0.0,0,0,0,0,1748478,Nishant Gupta,13914721,Outliers,14263394,VIKINGS,4,0,,0,0,,,,,1.0,0,0,3,0,0,4.0,,,,,,,,,,,,,,CricHeroes scorecard v2
778,BOWLING,3,27301928,2141686,JCC Season 3,Limited Overs,2026-09-25,Kodai Box Cricket,Jaipur,7,13914721,Outliers,14263394,VIKINGS,VIKINGS,resulted,3 wickets,2,14263394,VIKINGS,40,2,6,4.4,0,8.57,0,0,0,0,0.0,0,0,0,0,52957941,Madhav Sharma,14263394,VIKINGS,13914721,Outliers,11,0,,0,0,,,,,2.0,0,1,6,3,0,5.5,,,,,,,,,,,,,,CricHeroes scorecard v2
779,BOWLING,3,27301928,2141686,JCC Season 3,Limited Overs,2026-09-25,Kodai Box Cricket,Jaipur,7,13914721,Outliers,14263394,VIKINGS,VIKINGS,resulted,3 wickets,2,14263394,VIKINGS,40,2,6,4.4,0,8.57,0,0,0,0,0.0,0,0,0,0,50368913,Rudraksh  (c),14263394,VIKINGS,13914721,Outliers,15,0,,2,0,,,,,1.0,0,0,1,2,1,15.0,,,,,,,,,,,,,,CricHeroes scorecard v2
780,BOWLING,3,27301928,2141686,JCC Season 3,Limited Overs,2026-09-25,Kodai Box Cricket,Jaipur,7,13914721,Outliers,14263394,VIKINGS,VIKINGS,resulted,3 wickets,2,14263394,VIKINGS,40,2,6,4.4,0,8.57,0,0,0,0,0.0,0,0,0,0,52957809,Siddharth Rao Jcc,14263394,VIKINGS,13914721,Outliers,14,0,,1,1,,,,,1.4,0,0,5,0,0,8.4,,,,,,,,,,,,,,CricHeroes scorecard v2
781,BOWLING,3,27301235,2141686,JCC Season 3,Limited Overs,2026-09-25,Kodai Box Cricket,Jaipur,7,13914529,Neuro strikers,13914721,Outliers,Outliers,resulted,5 wickets,1,13914529,Neuro strikers,23,5,7,7.0,0,3.29,0,0,0,0,0.0,0,0,0,0,52957809,Siddharth Rao Jcc,13914529,Neuro strikers,13914721,Outliers,8,0,,0,0,,,,,2.0,0,2,8,1,1,4.0,,,,,,,,,,,,,,CricHeroes scorecard v2
782,BOWLING,3,27301235,2141686,JCC Season 3,Limited Overs,2026-09-25,Kodai Box Cricket,Jaipur,7,13914529,Neuro strikers,13914721,Outliers,Outliers,resulted,5 wickets,1,13914529,Neuro strikers,23,5,7,7.0,0,3.29,0,0,0,0,0.0,0,0,0,0,52038452,Krshna  (c),13914529,Neuro strikers,13914721,Outliers,2,0,,0,0,,,,,1.0,0,0,5,0,0,2.0,,,,,,,,,,,,,,CricHeroes scorecard v2
783,BOWLING,3,27301235,2141686,JCC Season 3,Limited Overs,2026-09-25,Kodai Box Cricket,Jaipur,7,13914529,Neuro strikers,13914721,Outliers,Outliers,resulted,5 wickets,1,13914529,Neuro strikers,23,5,7,7.0,0,3.29,0,0,0,0,0.0,0,0,0,0,52957941,Madhav Sharma,13914529,Neuro strikers,13914721,Outliers,3,0,,0,0,,,,,2.0,0,1,11,1,0,1.5,,,,,,,,,,,,,,CricHeroes scorecard v2
784,BOWLING,3,27301235,2141686,JCC Season 3,Limited Overs,2026-09-25,Kodai Box Cricket,Jaipur,7,13914529,Neuro strikers,13914721,Outliers,Outliers,resulted,5 wickets,1,13914529,Neuro strikers,23,5,7,7.0,0,3.29,0,0,0,0,0.0,0,0,0,0,50368913,Rudraksh,13914529,Neuro strikers,13914721,Outliers,10,0,,0,0,,,,,2.0,0,1,9,3,1,5.0,,,,,,,,,,,,,,CricHeroes scorecard v2
785,BOWLING,3,27301235,2141686,JCC Season 3,Limited Overs,2026-09-25,Kodai Box Cricket,Jaipur,7,13914529,Neuro strikers,13914721,Outliers,Outliers,resulted,5 wickets,2,13914721,Outliers,24,0,3,2.4,0,9.0,0,0,0,0,0.0,0,0,0,0,5228456,Anil Rawat,13914721,Outliers,13914529,Neuro strikers,7,0,,1,0,,,,,1.0,0,0,3,0,0,7.0,,,,,,,,,,,,,,CricHeroes scorecard v2
786,BOWLING,3,27301235,2141686,JCC Season 3,Limited Overs,2026-09-25,Kodai Box Cricket,Jaipur,7,13914529,Neuro strikers,13914721,Outliers,Outliers,resulted,5 wickets,2,13914721,Outliers,24,0,3,2.4,0,9.0,0,0,0,0,0.0,0,0,0,0,49460120,Sagar,13914721,Outliers,13914529,Neuro strikers,9,0,,1,0,,,,,1.0,0,0,3,3,0,9.0,,,,,,,,,,,,,,CricHeroes scorecard v2
787,BOWLING,3,27301235,2141686,JCC Season 3,Limited Overs,2026-09-25,Kodai Box Cricket,Jaipur,7,13914529,Neuro strikers,13914721,Outliers,Outliers,resulted,5 wickets,2,13914721,Outliers,24,0,3,2.4,0,9.0,0,0,0,0,0.0,0,0,0,0,41945456,Saurabh CBI  (c),13914721,Outliers,13914529,Neuro strikers,8,0,,2,0,,,,,0.4,0,0,2,0,0,12.0,,,,,,,,,,,,,,CricHeroes scorecard v2
788,BOWLING,3,27300331,2141686,JCC Season 3,Limited Overs,2026-09-25,Box Cricket Kodai,Jaipur,7,13914777,Mavericks,14263394,VIKINGS,Mavericks,resulted,8 runs,1,13914777,Mavericks,38,3,3,7.0,0,5.43,0,0,0,0,0.0,0,0,0,0,38946978,Yash Pareek,13914777,Mavericks,14263394,VIKINGS,8,0,,0,0,,,,,1.0,0,1,1,0,0,8.0,,,,,,,,,,,,,,CricHeroes scorecard v2
789,BOWLING,3,27300331,2141686,JCC Season 3,Limited Overs,2026-09-25,Box Cricket Kodai,Jaipur,7,13914777,Mavericks,14263394,VIKINGS,Mavericks,resulted,8 runs,1,13914777,Mavericks,38,3,3,7.0,0,5.43,0,0,0,0,0.0,0,0,0,0,33295238,Mahesh kumar,13914777,Mavericks,14263394,VIKINGS,9,0,,1,0,,,,,2.0,0,1,7,0,0,4.5,,,,,,,,,,,,,,CricHeroes scorecard v2
790,BOWLING,3,27300331,2141686,JCC Season 3,Limited Overs,2026-09-25,Box Cricket Kodai,Jaipur,7,13914777,Mavericks,14263394,VIKINGS,Mavericks,resulted,8 runs,1,13914777,Mavericks,38,3,3,7.0,0,5.43,0,0,0,0,0.0,0,0,0,0,6314755,Navin Gurjar  (c),13914777,Mavericks,14263394,VIKINGS,12,0,,1,1,,,,,2.0,0,0,9,0,0,6.0,,,,,,,,,,,,,,CricHeroes scorecard v2
791,BOWLING,3,27300331,2141686,JCC Season 3,Limited Overs,2026-09-25,Box Cricket Kodai,Jaipur,7,13914777,Mavericks,14263394,VIKINGS,Mavericks,resulted,8 runs,1,13914777,Mavericks,38,3,3,7.0,0,5.43,0,0,0,0,0.0,0,0,0,0,1748478,Nishant Gupta,13914777,Mavericks,14263394,VIKINGS,9,0,,0,0,,,,,2.0,0,1,7,3,0,4.5,,,,,,,,,,,,,,CricHeroes scorecard v2
792,BOWLING,3,27300331,2141686,JCC Season 3,Limited Overs,2026-09-25,Box Cricket Kodai,Jaipur,7,13914777,Mavericks,14263394,VIKINGS,Mavericks,resulted,8 runs,2,14263394,VIKINGS,30,4,5,7.0,0,4.29,0,0,0,0,0.0,0,0,0,0,1218133,Ankit,14263394,VIKINGS,13914777,Mavericks,9,0,,0,1,,,,,2.0,1,1,11,2,1,4.5,,,,,,,,,,,,,,CricHeroes scorecard v2
793,BOWLING,3,27300331,2141686,JCC Season 3,Limited Overs,2026-09-25,Box Cricket Kodai,Jaipur,7,13914777,Mavericks,14263394,VIKINGS,Mavericks,resulted,8 runs,2,14263394,VIKINGS,30,4,5,7.0,0,4.29,0,0,0,0,0.0,0,0,0,0,52760329,Jaivardhan Pathak,14263394,VIKINGS,13914777,Mavericks,5,0,,0,0,,,,,2.0,0,1,9,1,0,2.5,,,,,,,,,,,,,,CricHeroes scorecard v2
794,BOWLING,3,27300331,2141686,JCC Season 3,Limited Overs,2026-09-25,Box Cricket Kodai,Jaipur,7,13914777,Mavericks,14263394,VIKINGS,Mavericks,resulted,8 runs,2,14263394,VIKINGS,30,4,5,7.0,0,4.29,0,0,0,0,0.0,0,0,0,0,565841,Harish Jangid,14263394,VIKINGS,13914777,Mavericks,14,0,,1,1,,,,,2.0,0,1,7,1,0,7.0,,,,,,,,,,,,,,CricHeroes scorecard v2
795,BOWLING,3,27300331,2141686,JCC Season 3,Limited Overs,2026-09-25,Box Cricket Kodai,Jaipur,7,13914777,Mavericks,14263394,VIKINGS,Mavericks,resulted,8 runs,2,14263394,VIKINGS,30,4,5,7.0,0,4.29,0,0,0,0,0.0,0,0,0,0,49459939,Abhijeet Singh Shekhawat,14263394,VIKINGS,13914777,Mavericks,2,0,,0,0,,,,,1.0,0,1,4,0,0,2.0,,,,,,,,,,,,,,CricHeroes scorecard v2
796,BOWLING,3,27186480,2141686,JCC Season 3,Box Cricket,2026-09-18,Kodai Box Cricket,Jaipur,7,13914529,Neuro strikers,14263394,VIKINGS,Neuro strikers,resulted,40 runs,1,13914529,Neuro strikers,87,1,10,7.0,0,12.43,0,0,0,0,0.0,0,0,0,0,53313171,Bhaskar Rathore,13914529,Neuro strikers,14263394,VIKINGS,34,0,,1,3,,,,,2.0,0,0,4,6,0,17.0,,,,,,,,,,,,,,CricHeroes scorecard v2
797,BOWLING,3,27186480,2141686,JCC Season 3,Box Cricket,2026-09-18,Kodai Box Cricket,Jaipur,7,13914529,Neuro strikers,14263394,VIKINGS,Neuro strikers,resulted,40 runs,1,13914529,Neuro strikers,87,1,10,7.0,0,12.43,0,0,0,0,0.0,0,0,0,0,1748478,Nishant Gupta,13914529,Neuro strikers,14263394,VIKINGS,19,0,,1,1,,,,,2.0,0,0,4,1,0,9.5,,,,,,,,,,,,,,CricHeroes scorecard v2
798,BOWLING,3,27186480,2141686,JCC Season 3,Box Cricket,2026-09-18,Kodai Box Cricket,Jaipur,7,13914529,Neuro strikers,14263394,VIKINGS,Neuro strikers,resulted,40 runs,1,13914529,Neuro strikers,87,1,10,7.0,0,12.43,0,0,0,0,0.0,0,0,0,0,33295238,Mahesh kumar,13914529,Neuro strikers,14263394,VIKINGS,23,0,,2,1,,,,,2.0,0,0,3,0,0,11.5,,,,,,,,,,,,,,CricHeroes scorecard v2
799,BOWLING,3,27186480,2141686,JCC Season 3,Box Cricket,2026-09-18,Kodai Box Cricket,Jaipur,7,13914529,Neuro strikers,14263394,VIKINGS,Neuro strikers,resulted,40 runs,1,13914529,Neuro strikers,87,1,10,7.0,0,12.43,0,0,0,0,0.0,0,0,0,0,50368825,Bhairav Deep  (c),13914529,Neuro strikers,14263394,VIKINGS,11,0,,0,1,,,,,1.0,0,1,3,3,0,11.0,,,,,,,,,,,,,,CricHeroes scorecard v2
800,BOWLING,3,27186480,2141686,JCC Season 3,Box Cricket,2026-09-18,Kodai Box Cricket,Jaipur,7,13914529,Neuro strikers,14263394,VIKINGS,Neuro strikers,resulted,40 runs,2,14263394,VIKINGS,47,5,7,7.0,0,6.71,0,0,0,0,0.0,0,0,0,0,52038417,Vikas,14263394,VIKINGS,13914529,Neuro strikers,7,0,,0,0,,,,,2.0,0,0,8,0,0,3.5,,,,,,,,,,,,,,CricHeroes scorecard v2
801,BOWLING,3,27186480,2141686,JCC Season 3,Box Cricket,2026-09-18,Kodai Box Cricket,Jaipur,7,13914529,Neuro strikers,14263394,VIKINGS,Neuro strikers,resulted,40 runs,2,14263394,VIKINGS,47,5,7,7.0,0,6.71,0,0,0,0,0.0,0,0,0,0,41945456,Saurabh CBI  (c),14263394,VIKINGS,13914529,Neuro strikers,12,0,,1,0,,,,,2.0,0,0,8,3,1,6.0,,,,,,,,,,,,,,CricHeroes scorecard v2
802,BOWLING,3,27186480,2141686,JCC Season 3,Box Cricket,2026-09-18,Kodai Box Cricket,Jaipur,7,13914529,Neuro strikers,14263394,VIKINGS,Neuro strikers,resulted,40 runs,2,14263394,VIKINGS,47,5,7,7.0,0,6.71,0,0,0,0,0.0,0,0,0,0,49460120,Sagar,14263394,VIKINGS,13914529,Neuro strikers,26,0,,2,2,,,,,2.0,0,2,6,3,0,13.0,,,,,,,,,,,,,,CricHeroes scorecard v2
803,BOWLING,3,27186480,2141686,JCC Season 3,Box Cricket,2026-09-18,Kodai Box Cricket,Jaipur,7,13914529,Neuro strikers,14263394,VIKINGS,Neuro strikers,resulted,40 runs,2,14263394,VIKINGS,47,5,7,7.0,0,6.71,0,0,0,0,0.0,0,0,0,0,5228456,Anil Rawat,14263394,VIKINGS,13914529,Neuro strikers,2,0,,0,0,,,,,1.0,0,2,5,0,0,2.0,,,,,,,,,,,,,,CricHeroes scorecard v2
804,BOWLING,3,27185697,2141686,JCC Season 3,Box Cricket,2026-09-18,Kodai Box Cricket,Jaipur,7,13914721,Outliers,13914777,Mavericks,Mavericks,resulted,7 wickets,1,13914721,Outliers,47,4,5,7.0,0,6.71,0,0,0,0,0.0,0,0,0,0,1218133,Ankit,13914721,Outliers,13914777,Mavericks,4,0,,0,0,,,,,2.0,0,0,10,1,0,2.0,,,,,,,,,,,,,,CricHeroes scorecard v2
805,BOWLING,3,27185697,2141686,JCC Season 3,Box Cricket,2026-09-18,Kodai Box Cricket,Jaipur,7,13914721,Outliers,13914777,Mavericks,Mavericks,resulted,7 wickets,1,13914721,Outliers,47,4,5,7.0,0,6.71,0,0,0,0,0.0,0,0,0,0,565841,Harish Jangid,13914721,Outliers,13914777,Mavericks,29,0,,1,4,,,,,2.0,0,0,6,0,0,14.5,,,,,,,,,,,,,,CricHeroes scorecard v2
806,BOWLING,3,27185697,2141686,JCC Season 3,Box Cricket,2026-09-18,Kodai Box Cricket,Jaipur,7,13914721,Outliers,13914777,Mavericks,Mavericks,resulted,7 wickets,1,13914721,Outliers,47,4,5,7.0,0,6.71,0,0,0,0,0.0,0,0,0,0,52760329,Jaivardhan Pathak,13914721,Outliers,13914777,Mavericks,11,0,,0,1,,,,,2.0,0,2,10,3,0,5.5,,,,,,,,,,,,,,CricHeroes scorecard v2
807,BOWLING,3,27185697,2141686,JCC Season 3,Box Cricket,2026-09-18,Kodai Box Cricket,Jaipur,7,13914721,Outliers,13914777,Mavericks,Mavericks,resulted,7 wickets,1,13914721,Outliers,47,4,5,7.0,0,6.71,0,0,0,0,0.0,0,0,0,0,49459939,Abhijeet Singh Shekhawat,13914721,Outliers,13914777,Mavericks,3,0,,0,0,,,,,1.0,0,1,5,1,0,3.0,,,,,,,,,,,,,,CricHeroes scorecard v2
808,BOWLING,3,27185697,2141686,JCC Season 3,Box Cricket,2026-09-18,Kodai Box Cricket,Jaipur,7,13914721,Outliers,13914777,Mavericks,Mavericks,resulted,7 wickets,2,13914777,Mavericks,48,0,1,6.3,0,7.38,0,0,0,0,0.0,0,0,0,0,52957809,Siddharth Rao Jcc,13914777,Mavericks,13914721,Outliers,7,0,,0,0,,,,,2.0,0,0,5,0,0,3.5,,,,,,,,,,,,,,CricHeroes scorecard v2
809,BOWLING,3,27185697,2141686,JCC Season 3,Box Cricket,2026-09-18,Kodai Box Cricket,Jaipur,7,13914721,Outliers,13914777,Mavericks,Mavericks,resulted,7 wickets,2,13914777,Mavericks,48,0,1,6.3,0,7.38,0,0,0,0,0.0,0,0,0,0,52957941,Madhav Sharma,13914777,Mavericks,13914721,Outliers,19,0,,0,3,,,,,2.0,0,0,8,0,0,9.5,,,,,,,,,,,,,,CricHeroes scorecard v2
810,BOWLING,3,27185697,2141686,JCC Season 3,Box Cricket,2026-09-18,Kodai Box Cricket,Jaipur,7,13914721,Outliers,13914777,Mavericks,Mavericks,resulted,7 wickets,2,13914777,Mavericks,48,0,1,6.3,0,7.38,0,0,0,0,0.0,0,0,0,0,50368899,Naman Mavericks  (c),13914777,Mavericks,13914721,Outliers,13,0,,1,1,,,,,2.0,1,0,8,0,0,6.5,,,,,,,,,,,,,,CricHeroes scorecard v2
811,BOWLING,3,27185697,2141686,JCC Season 3,Box Cricket,2026-09-18,Kodai Box Cricket,Jaipur,7,13914721,Outliers,13914777,Mavericks,Mavericks,resulted,7 wickets,2,13914777,Mavericks,48,0,1,6.3,0,7.38,0,0,0,0,0.0,0,0,0,0,52038452,Krshna,13914777,Mavericks,13914721,Outliers,9,0,,1,0,,,,,0.3,0,0,0,0,1,18.0,,,,,,,,,,,,,,CricHeroes scorecard v2
812,BOWLING,3,27184789,2141686,JCC Season 3,Box Cricket,2026-09-18,Kodai Box Cricket,Jaipur,7,13914721,Outliers,14263394,VIKINGS,Outliers,resulted,5 runs,1,13914721,Outliers,35,3,7,7.0,0,5.0,0,0,0,0,0.0,0,0,0,0,53313171,Bhaskar Rathore,13914721,Outliers,14263394,VIKINGS,20,0,,0,1,,,,,2.0,0,0,6,6,1,10.0,,,,,,,,,,,,,,CricHeroes scorecard v2
813,BOWLING,3,27184789,2141686,JCC Season 3,Box Cricket,2026-09-18,Kodai Box Cricket,Jaipur,7,13914721,Outliers,14263394,VIKINGS,Outliers,resulted,5 runs,1,13914721,Outliers,35,3,7,7.0,0,5.0,0,0,0,0,0.0,0,0,0,0,1748478,Nishant Gupta,13914721,Outliers,14263394,VIKINGS,3,0,,0,0,,,,,2.0,0,3,9,0,0,1.5,,,,,,,,,,,,,,CricHeroes scorecard v2
814,BOWLING,3,27184789,2141686,JCC Season 3,Box Cricket,2026-09-18,Kodai Box Cricket,Jaipur,7,13914721,Outliers,14263394,VIKINGS,Outliers,resulted,5 runs,1,13914721,Outliers,35,3,7,7.0,0,5.0,0,0,0,0,0.0,0,0,0,0,33295238,Mahesh kumar,13914721,Outliers,14263394,VIKINGS,4,0,,0,0,,,,,2.0,0,0,9,0,0,2.0,,,,,,,,,,,,,,CricHeroes scorecard v2
815,BOWLING,3,27184789,2141686,JCC Season 3,Box Cricket,2026-09-18,Kodai Box Cricket,Jaipur,7,13914721,Outliers,14263394,VIKINGS,Outliers,resulted,5 runs,1,13914721,Outliers,35,3,7,7.0,0,5.0,0,0,0,0,0.0,0,0,0,0,9429841,Opal,13914721,Outliers,14263394,VIKINGS,8,0,,0,1,,,,,1.0,0,0,3,0,0,8.0,,,,,,,,,,,,,,CricHeroes scorecard v2
816,BOWLING,3,27184789,2141686,JCC Season 3,Box Cricket,2026-09-18,Kodai Box Cricket,Jaipur,7,13914721,Outliers,14263394,VIKINGS,Outliers,resulted,5 runs,2,14263394,VIKINGS,30,4,3,7.0,0,4.29,0,0,0,0,0.0,0,0,0,0,52957809,Siddharth Rao Jcc,14263394,VIKINGS,13914721,Outliers,12,0,,0,0,,,,,2.0,0,1,6,2,0,6.0,,,,,,,,,,,,,,CricHeroes scorecard v2
817,BOWLING,3,27184789,2141686,JCC Season 3,Box Cricket,2026-09-18,Kodai Box Cricket,Jaipur,7,13914721,Outliers,14263394,VIKINGS,Outliers,resulted,5 runs,2,14263394,VIKINGS,30,4,3,7.0,0,4.29,0,0,0,0,0.0,0,0,0,0,52957941,Madhav Sharma,14263394,VIKINGS,13914721,Outliers,9,0,,0,0,,,,,2.0,0,1,6,1,0,4.5,,,,,,,,,,,,,,CricHeroes scorecard v2
818,BOWLING,3,27184789,2141686,JCC Season 3,Box Cricket,2026-09-18,Kodai Box Cricket,Jaipur,7,13914721,Outliers,14263394,VIKINGS,Outliers,resulted,5 runs,2,14263394,VIKINGS,30,4,3,7.0,0,4.29,0,0,0,0,0.0,0,0,0,0,50368899,Naman Mavericks  (c),14263394,VIKINGS,13914721,Outliers,4,0,,0,0,,,,,2.0,0,1,9,0,0,2.0,,,,,,,,,,,,,,CricHeroes scorecard v2
819,BOWLING,3,27184789,2141686,JCC Season 3,Box Cricket,2026-09-18,Kodai Box Cricket,Jaipur,7,13914721,Outliers,14263394,VIKINGS,Outliers,resulted,5 runs,2,14263394,VIKINGS,30,4,3,7.0,0,4.29,0,0,0,0,0.0,0,0,0,0,50368913,Rudraksh,14263394,VIKINGS,13914721,Outliers,5,0,,0,0,,,,,1.0,0,0,2,0,0,5.0,,,,,,,,,,,,,,CricHeroes scorecard v2
820,BOWLING,3,27184046,2141686,JCC Season 3,Box Cricket,2026-09-18,Kodai Box Cricket,Jaipur,7,13914529,Neuro strikers,13914777,Mavericks,Neuro strikers,resulted,6 runs,1,13914529,Neuro strikers,34,5,6,7.0,0,4.86,0,0,0,0,0.0,0,0,0,0,1218133,Ankit,13914529,Neuro strikers,13914777,Mavericks,11,0,,2,0,,,,,2.0,0,0,9,1,0,5.5,,,,,,,,,,,,,,CricHeroes scorecard v2
821,BOWLING,3,27184046,2141686,JCC Season 3,Box Cricket,2026-09-18,Kodai Box Cricket,Jaipur,7,13914529,Neuro strikers,13914777,Mavericks,Neuro strikers,resulted,6 runs,1,13914529,Neuro strikers,34,5,6,7.0,0,4.86,0,0,0,0,0.0,0,0,0,0,565841,Harish Jangid  (c),13914529,Neuro strikers,13914777,Mavericks,6,0,,1,0,,,,,2.0,0,1,10,0,0,3.0,,,,,,,,,,,,,,CricHeroes scorecard v2
822,BOWLING,3,27184046,2141686,JCC Season 3,Box Cricket,2026-09-18,Kodai Box Cricket,Jaipur,7,13914529,Neuro strikers,13914777,Mavericks,Neuro strikers,resulted,6 runs,1,13914529,Neuro strikers,34,5,6,7.0,0,4.86,0,0,0,0,0.0,0,0,0,0,52760329,Jaivardhan Pathak,13914529,Neuro strikers,13914777,Mavericks,10,0,,1,0,,,,,2.0,0,3,10,5,0,5.0,,,,,,,,,,,,,,CricHeroes scorecard v2
823,BOWLING,3,27184046,2141686,JCC Season 3,Box Cricket,2026-09-18,Kodai Box Cricket,Jaipur,7,13914529,Neuro strikers,13914777,Mavericks,Neuro strikers,resulted,6 runs,1,13914529,Neuro strikers,34,5,6,7.0,0,4.86,0,0,0,0,0.0,0,0,0,0,49459939,Abhijeet Singh Shekhawat,13914529,Neuro strikers,13914777,Mavericks,7,0,,1,0,,,,,1.0,0,0,3,0,0,7.0,,,,,,,,,,,,,,CricHeroes scorecard v2
824,BOWLING,3,27184046,2141686,JCC Season 3,Box Cricket,2026-09-18,Kodai Box Cricket,Jaipur,7,13914529,Neuro strikers,13914777,Mavericks,Neuro strikers,resulted,6 runs,1,13914529,Neuro strikers,34,5,6,7.0,0,4.86,0,0,0,0,0.0,0,0,0,0,8131458,Lakshay,13914529,Neuro strikers,13914777,Mavericks,0,0,,0,0,,,,,0.0,0,0,0,0,0,0.0,,,,,,,,,,,,,,CricHeroes scorecard v2
825,BOWLING,3,27184046,2141686,JCC Season 3,Box Cricket,2026-09-18,Kodai Box Cricket,Jaipur,7,13914529,Neuro strikers,13914777,Mavericks,Neuro strikers,resulted,6 runs,2,13914777,Mavericks,28,3,0,7.0,0,4.0,0,0,0,0,0.0,0,0,0,0,52038417,Vikas,13914777,Mavericks,13914529,Neuro strikers,9,0,,1,0,,,,,2.0,0,0,7,0,0,4.5,,,,,,,,,,,,,,CricHeroes scorecard v2
826,BOWLING,3,27184046,2141686,JCC Season 3,Box Cricket,2026-09-18,Kodai Box Cricket,Jaipur,7,13914529,Neuro strikers,13914777,Mavericks,Neuro strikers,resulted,6 runs,2,13914777,Mavericks,28,3,0,7.0,0,4.0,0,0,0,0,0.0,0,0,0,0,41945456,Saurabh CBI  (c),13914777,Mavericks,13914529,Neuro strikers,7,0,,1,0,,,,,2.0,0,0,8,0,0,3.5,,,,,,,,,,,,,,CricHeroes scorecard v2
827,BOWLING,3,27184046,2141686,JCC Season 3,Box Cricket,2026-09-18,Kodai Box Cricket,Jaipur,7,13914529,Neuro strikers,13914777,Mavericks,Neuro strikers,resulted,6 runs,2,13914777,Mavericks,28,3,0,7.0,0,4.0,0,0,0,0,0.0,0,0,0,0,49460120,Sagar,13914777,Mavericks,13914529,Neuro strikers,9,0,,1,0,,,,,2.0,0,1,7,0,0,4.5,,,,,,,,,,,,,,CricHeroes scorecard v2
828,BOWLING,3,27184046,2141686,JCC Season 3,Box Cricket,2026-09-18,Kodai Box Cricket,Jaipur,7,13914529,Neuro strikers,13914777,Mavericks,Neuro strikers,resulted,6 runs,2,13914777,Mavericks,28,3,0,7.0,0,4.0,0,0,0,0,0.0,0,0,0,0,5228456,Anil Rawat,13914777,Mavericks,13914529,Neuro strikers,3,0,,0,0,,,,,1.0,0,2,4,0,0,3.0,,,,,,,,,,,,,,CricHeroes scorecard v2
829,BOWLING,3,27075175,2141686,JCC Season 3,Limited Overs,2026-09-11,Kodai Box Cricket 2,Jaipur,7,13914529,Neuro strikers,13914721,Outliers,Outliers,resulted,5 wickets,1,13914529,Neuro strikers,42,2,9,7.0,0,6.0,0,0,0,0,0.0,0,0,0,0,52957809,Siddharth Rao Jcc,13914529,Neuro strikers,13914721,Outliers,6,0,,1,0,,,,,2.0,0,1,11,2,0,3.0,,,,,,,,,,,,,,CricHeroes scorecard v2
830,BOWLING,3,27075175,2141686,JCC Season 3,Limited Overs,2026-09-11,Kodai Box Cricket 2,Jaipur,7,13914529,Neuro strikers,13914721,Outliers,Outliers,resulted,5 wickets,1,13914529,Neuro strikers,42,2,9,7.0,0,6.0,0,0,0,0,0.0,0,0,0,0,52957941,Madhav Sharma,13914529,Neuro strikers,13914721,Outliers,6,0,,1,0,,,,,2.0,1,1,10,0,0,3.0,,,,,,,,,,,,,,CricHeroes scorecard v2
831,BOWLING,3,27075175,2141686,JCC Season 3,Limited Overs,2026-09-11,Kodai Box Cricket 2,Jaipur,7,13914529,Neuro strikers,13914721,Outliers,Outliers,resulted,5 wickets,1,13914529,Neuro strikers,42,2,9,7.0,0,6.0,0,0,0,0,0.0,0,0,0,0,50368913,Rudraksh,13914529,Neuro strikers,13914721,Outliers,10,0,,1,0,,,,,1.0,0,0,3,3,0,10.0,,,,,,,,,,,,,,CricHeroes scorecard v2
832,BOWLING,3,27075175,2141686,JCC Season 3,Limited Overs,2026-09-11,Kodai Box Cricket 2,Jaipur,7,13914529,Neuro strikers,13914721,Outliers,Outliers,resulted,5 wickets,1,13914529,Neuro strikers,42,2,9,7.0,0,6.0,0,0,0,0,0.0,0,0,0,0,53744640,Omi,13914529,Neuro strikers,13914721,Outliers,8,0,,0,0,,,,,1.0,0,0,3,3,0,8.0,,,,,,,,,,,,,,CricHeroes scorecard v2
833,BOWLING,3,27075175,2141686,JCC Season 3,Limited Overs,2026-09-11,Kodai Box Cricket 2,Jaipur,7,13914529,Neuro strikers,13914721,Outliers,Outliers,resulted,5 wickets,1,13914529,Neuro strikers,42,2,9,7.0,0,6.0,0,0,0,0,0.0,0,0,0,0,49459939,Abhijeet Singh Shekhawat,13914529,Neuro strikers,13914721,Outliers,12,0,,0,1,,,,,1.0,0,0,2,1,0,12.0,,,,,,,,,,,,,,CricHeroes scorecard v2
834,BOWLING,3,27075175,2141686,JCC Season 3,Limited Overs,2026-09-11,Kodai Box Cricket 2,Jaipur,7,13914529,Neuro strikers,13914721,Outliers,Outliers,resulted,5 wickets,2,13914721,Outliers,43,2,3,6.0,0,7.17,0,0,0,0,0.0,0,0,0,0,52038417,Vikas,13914721,Outliers,13914529,Neuro strikers,6,0,,0,0,,,,,2.0,0,0,9,0,0,3.0,,,,,,,,,,,,,,CricHeroes scorecard v2
835,BOWLING,3,27075175,2141686,JCC Season 3,Limited Overs,2026-09-11,Kodai Box Cricket 2,Jaipur,7,13914529,Neuro strikers,13914721,Outliers,Outliers,resulted,5 wickets,2,13914721,Outliers,43,2,3,6.0,0,7.17,0,0,0,0,0.0,0,0,0,0,41945456,Saurabh CBI  (c),13914721,Outliers,13914529,Neuro strikers,13,0,,0,2,,,,,1.0,0,1,4,1,0,13.0,,,,,,,,,,,,,,CricHeroes scorecard v2
836,BOWLING,3,27075175,2141686,JCC Season 3,Limited Overs,2026-09-11,Kodai Box Cricket 2,Jaipur,7,13914529,Neuro strikers,13914721,Outliers,Outliers,resulted,5 wickets,2,13914721,Outliers,43,2,3,6.0,0,7.17,0,0,0,0,0.0,0,0,0,0,5228456,Anil Rawat,13914721,Outliers,13914529,Neuro strikers,7,0,,0,0,,,,,2.0,0,1,9,1,0,3.5,,,,,,,,,,,,,,CricHeroes scorecard v2
837,BOWLING,3,27075175,2141686,JCC Season 3,Limited Overs,2026-09-11,Kodai Box Cricket 2,Jaipur,7,13914529,Neuro strikers,13914721,Outliers,Outliers,resulted,5 wickets,2,13914721,Outliers,43,2,3,6.0,0,7.17,0,0,0,0,0.0,0,0,0,0,49460120,Sagar,13914721,Outliers,13914529,Neuro strikers,17,0,,1,2,,,,,1.0,0,0,3,1,0,17.0,,,,,,,,,,,,,,CricHeroes scorecard v2
838,BOWLING,3,27074232,2141686,JCC Season 3,Limited Overs,2026-09-11,Box Cricket Kodai,Jaipur,7,13914529,Neuro strikers,14263394,VIKINGS,VIKINGS,resulted,4 wickets,1,13914529,Neuro strikers,65,4,10,7.0,0,9.29,0,0,0,0,0.0,0,0,0,0,53313171,Bhaskar Rathore,13914529,Neuro strikers,14263394,VIKINGS,24,0,,0,3,,,,,2.0,0,2,9,6,0,12.0,,,,,,,,,,,,,,CricHeroes scorecard v2
839,BOWLING,3,27074232,2141686,JCC Season 3,Limited Overs,2026-09-11,Box Cricket Kodai,Jaipur,7,13914529,Neuro strikers,14263394,VIKINGS,VIKINGS,resulted,4 wickets,1,13914529,Neuro strikers,65,4,10,7.0,0,9.29,0,0,0,0,0.0,0,0,0,0,33295238,Mahesh kumar,13914529,Neuro strikers,14263394,VIKINGS,18,0,,1,2,,,,,2.0,0,0,8,0,0,9.0,,,,,,,,,,,,,,CricHeroes scorecard v2
840,BOWLING,3,27074232,2141686,JCC Season 3,Limited Overs,2026-09-11,Box Cricket Kodai,Jaipur,7,13914529,Neuro strikers,14263394,VIKINGS,VIKINGS,resulted,4 wickets,1,13914529,Neuro strikers,65,4,10,7.0,0,9.29,0,0,0,0,0.0,0,0,0,0,1748478,Nishant Gupta,13914529,Neuro strikers,14263394,VIKINGS,18,0,,0,2,,,,,2.0,0,1,7,0,0,9.0,,,,,,,,,,,,,,CricHeroes scorecard v2
841,BOWLING,3,27074232,2141686,JCC Season 3,Limited Overs,2026-09-11,Box Cricket Kodai,Jaipur,7,13914529,Neuro strikers,14263394,VIKINGS,VIKINGS,resulted,4 wickets,1,13914529,Neuro strikers,65,4,10,7.0,0,9.29,0,0,0,0,0.0,0,0,0,0,50979647,Chaitanya Saran,13914529,Neuro strikers,14263394,VIKINGS,5,0,,0,0,,,,,1.0,0,1,5,3,1,5.0,,,,,,,,,,,,,,CricHeroes scorecard v2
842,BOWLING,3,27074232,2141686,JCC Season 3,Limited Overs,2026-09-11,Box Cricket Kodai,Jaipur,7,13914529,Neuro strikers,14263394,VIKINGS,VIKINGS,resulted,4 wickets,2,14263394,VIKINGS,66,1,8,5.3,0,12.0,0,0,0,0,0.0,0,0,0,0,41945456,Saurabh CBI  (c),14263394,VIKINGS,13914529,Neuro strikers,14,0,,2,0,,,,,2.0,0,0,9,2,1,7.0,,,,,,,,,,,,,,CricHeroes scorecard v2
843,BOWLING,3,27074232,2141686,JCC Season 3,Limited Overs,2026-09-11,Box Cricket Kodai,Jaipur,7,13914529,Neuro strikers,14263394,VIKINGS,VIKINGS,resulted,4 wickets,2,14263394,VIKINGS,66,1,8,5.3,0,12.0,0,0,0,0,0.0,0,0,0,0,5228456,Anil Rawat,14263394,VIKINGS,13914529,Neuro strikers,22,0,,1,2,,,,,1.0,0,0,1,2,0,22.0,,,,,,,,,,,,,,CricHeroes scorecard v2
844,BOWLING,3,27074232,2141686,JCC Season 3,Limited Overs,2026-09-11,Box Cricket Kodai,Jaipur,7,13914529,Neuro strikers,14263394,VIKINGS,VIKINGS,resulted,4 wickets,2,14263394,VIKINGS,66,1,8,5.3,0,12.0,0,0,0,0,0.0,0,0,0,0,52038417,Vikas,14263394,VIKINGS,13914529,Neuro strikers,13,0,,0,2,,,,,1.0,0,0,4,1,0,13.0,,,,,,,,,,,,,,CricHeroes scorecard v2
845,BOWLING,3,27074232,2141686,JCC Season 3,Limited Overs,2026-09-11,Box Cricket Kodai,Jaipur,7,13914529,Neuro strikers,14263394,VIKINGS,VIKINGS,resulted,4 wickets,2,14263394,VIKINGS,66,1,8,5.3,0,12.0,0,0,0,0,0.0,0,0,0,0,49460120,Sagar,14263394,VIKINGS,13914529,Neuro strikers,17,0,,0,2,,,,,1.3,0,1,5,2,0,11.33,,,,,,,,,,,,,,CricHeroes scorecard v2
846,BOWLING,3,27051912,2141686,JCC Season 3,Box Cricket,2026-09-09,Kodai Box Cricket,Jaipur,7,14263394,VIKINGS,13914721,Outliers,Outliers,resulted,5 wickets,1,14263394,VIKINGS,48,2,2,7.0,0,6.86,0,0,0,0,0.0,0,0,0,0,52957809,Siddharth Rao Jcc,14263394,VIKINGS,13914721,Outliers,8,0,,0,0,,,,,2.0,0,0,5,0,0,4.0,,,,,,,,,,,,,,CricHeroes scorecard v2
847,BOWLING,3,27051912,2141686,JCC Season 3,Box Cricket,2026-09-09,Kodai Box Cricket,Jaipur,7,14263394,VIKINGS,13914721,Outliers,Outliers,resulted,5 wickets,1,14263394,VIKINGS,48,2,2,7.0,0,6.86,0,0,0,0,0.0,0,0,0,0,52957941,Madhav Sharma,14263394,VIKINGS,13914721,Outliers,14,0,,2,0,,,,,2.0,0,0,4,0,0,7.0,,,,,,,,,,,,,,CricHeroes scorecard v2
848,BOWLING,3,27051912,2141686,JCC Season 3,Box Cricket,2026-09-09,Kodai Box Cricket,Jaipur,7,14263394,VIKINGS,13914721,Outliers,Outliers,resulted,5 wickets,1,14263394,VIKINGS,48,2,2,7.0,0,6.86,0,0,0,0,0.0,0,0,0,0,53744640,Omi,14263394,VIKINGS,13914721,Outliers,13,0,,1,1,,,,,1.0,0,0,2,0,0,13.0,,,,,,,,,,,,,,CricHeroes scorecard v2
849,BOWLING,3,27051912,2141686,JCC Season 3,Box Cricket,2026-09-09,Kodai Box Cricket,Jaipur,7,14263394,VIKINGS,13914721,Outliers,Outliers,resulted,5 wickets,1,14263394,VIKINGS,48,2,2,7.0,0,6.86,0,0,0,0,0.0,0,0,0,0,52038452,Krshna,14263394,VIKINGS,13914721,Outliers,3,0,,0,0,,,,,1.0,0,1,5,2,0,3.0,,,,,,,,,,,,,,CricHeroes scorecard v2
850,BOWLING,3,27051912,2141686,JCC Season 3,Box Cricket,2026-09-09,Kodai Box Cricket,Jaipur,7,14263394,VIKINGS,13914721,Outliers,Outliers,resulted,5 wickets,1,14263394,VIKINGS,48,2,2,7.0,0,6.86,0,0,0,0,0.0,0,0,0,0,50368899,Naman Mavericks  (c),14263394,VIKINGS,13914721,Outliers,10,0,,1,1,,,,,1.0,0,0,4,0,0,10.0,,,,,,,,,,,,,,CricHeroes scorecard v2
851,BOWLING,3,27051912,2141686,JCC Season 3,Box Cricket,2026-09-09,Kodai Box Cricket,Jaipur,7,14263394,VIKINGS,13914721,Outliers,Outliers,resulted,5 wickets,2,13914721,Outliers,54,1,1,3.1,0,17.05,0,0,0,0,0.0,0,0,0,0,33295238,Mahesh kumar,13914721,Outliers,14263394,VIKINGS,7,0,,1,0,,,,,1.0,0,0,3,0,0,7.0,,,,,,,,,,,,,,CricHeroes scorecard v2
852,BOWLING,3,27051912,2141686,JCC Season 3,Box Cricket,2026-09-09,Kodai Box Cricket,Jaipur,7,14263394,VIKINGS,13914721,Outliers,Outliers,resulted,5 wickets,2,13914721,Outliers,54,1,1,3.1,0,17.05,0,0,0,0,0.0,0,0,0,0,6314755,Navin Gurjar,13914721,Outliers,14263394,VIKINGS,17,0,,1,2,,,,,1.0,0,1,3,1,0,17.0,,,,,,,,,,,,,,CricHeroes scorecard v2
853,BOWLING,3,27051912,2141686,JCC Season 3,Box Cricket,2026-09-09,Kodai Box Cricket,Jaipur,7,14263394,VIKINGS,13914721,Outliers,Outliers,resulted,5 wickets,2,13914721,Outliers,54,1,1,3.1,0,17.05,0,0,0,0,0.0,0,0,0,0,1748478,Nishant Gupta,13914721,Outliers,14263394,VIKINGS,24,0,,0,4,,,,,1.0,0,0,2,0,0,24.0,,,,,,,,,,,,,,CricHeroes scorecard v2
854,BOWLING,3,27051912,2141686,JCC Season 3,Box Cricket,2026-09-09,Kodai Box Cricket,Jaipur,7,14263394,VIKINGS,13914721,Outliers,Outliers,resulted,5 wickets,2,13914721,Outliers,54,1,1,3.1,0,17.05,0,0,0,0,0.0,0,0,0,0,50368825,Bhairav Deep  (c),13914721,Outliers,14263394,VIKINGS,6,0,,0,1,,,,,0.1,0,0,0,0,0,36.0,,,,,,,,,,,,,,CricHeroes scorecard v2
855,BOWLING,3,27051371,2141686,JCC Season 3,Box Cricket,2026-09-09,Kodai Box Cricket,Jaipur,7,13914777,Mavericks,13914529,Neuro strikers,Mavericks,resulted,21 runs,1,13914777,Mavericks,64,2,4,7.0,0,9.14,0,0,0,0,0.0,0,0,0,0,5228456,Anil Rawat,13914777,Mavericks,13914529,Neuro strikers,4,0,,0,0,,,,,1.0,0,1,4,0,0,4.0,,,,,,,,,,,,,,CricHeroes scorecard v2
856,BOWLING,3,27051371,2141686,JCC Season 3,Box Cricket,2026-09-09,Kodai Box Cricket,Jaipur,7,13914777,Mavericks,13914529,Neuro strikers,Mavericks,resulted,21 runs,1,13914777,Mavericks,64,2,4,7.0,0,9.14,0,0,0,0,0.0,0,0,0,0,49460120,Sagar,13914777,Mavericks,13914529,Neuro strikers,26,0,,3,2,,,,,2.0,0,0,6,1,0,13.0,,,,,,,,,,,,,,CricHeroes scorecard v2
857,BOWLING,3,27051371,2141686,JCC Season 3,Box Cricket,2026-09-09,Kodai Box Cricket,Jaipur,7,13914777,Mavericks,13914529,Neuro strikers,Mavericks,resulted,21 runs,1,13914777,Mavericks,64,2,4,7.0,0,9.14,0,0,0,0,0.0,0,0,0,0,52038417,Vikas,13914777,Mavericks,13914529,Neuro strikers,11,0,,2,0,,,,,2.0,0,0,8,0,1,5.5,,,,,,,,,,,,,,CricHeroes scorecard v2
858,BOWLING,3,27051371,2141686,JCC Season 3,Box Cricket,2026-09-09,Kodai Box Cricket,Jaipur,7,13914777,Mavericks,13914529,Neuro strikers,Mavericks,resulted,21 runs,1,13914777,Mavericks,64,2,4,7.0,0,9.14,0,0,0,0,0.0,0,0,0,0,41945456,Saurabh CBI  (c),13914777,Mavericks,13914529,Neuro strikers,23,0,,0,3,,,,,2.0,0,1,7,2,0,11.5,,,,,,,,,,,,,,CricHeroes scorecard v2
859,BOWLING,3,27051371,2141686,JCC Season 3,Box Cricket,2026-09-09,Kodai Box Cricket,Jaipur,7,13914777,Mavericks,13914529,Neuro strikers,Mavericks,resulted,21 runs,2,13914529,Neuro strikers,43,3,1,7.0,0,6.14,0,0,0,0,0.0,0,0,0,0,1218133,Ankit,13914529,Neuro strikers,13914777,Mavericks,1,0,,0,0,,,,,2.0,1,1,11,0,0,0.5,,,,,,,,,,,,,,CricHeroes scorecard v2
860,BOWLING,3,27051371,2141686,JCC Season 3,Box Cricket,2026-09-09,Kodai Box Cricket,Jaipur,7,13914777,Mavericks,13914529,Neuro strikers,Mavericks,resulted,21 runs,2,13914529,Neuro strikers,43,3,1,7.0,0,6.14,0,0,0,0,0.0,0,0,0,0,2238721,Adhip Choudhary,13914529,Neuro strikers,13914777,Mavericks,12,0,,1,1,,,,,2.0,0,2,9,1,0,6.0,,,,,,,,,,,,,,CricHeroes scorecard v2
861,BOWLING,3,27051371,2141686,JCC Season 3,Box Cricket,2026-09-09,Kodai Box Cricket,Jaipur,7,13914777,Mavericks,13914529,Neuro strikers,Mavericks,resulted,21 runs,2,13914529,Neuro strikers,43,3,1,7.0,0,6.14,0,0,0,0,0.0,0,0,0,0,565841,Harish Jangid,13914529,Neuro strikers,13914777,Mavericks,18,0,,2,1,,,,,2.0,0,0,7,0,0,9.0,,,,,,,,,,,,,,CricHeroes scorecard v2
862,BOWLING,3,27051371,2141686,JCC Season 3,Box Cricket,2026-09-09,Kodai Box Cricket,Jaipur,7,13914777,Mavericks,13914529,Neuro strikers,Mavericks,resulted,21 runs,2,13914529,Neuro strikers,43,3,1,7.0,0,6.14,0,0,0,0,0.0,0,0,0,0,3217470,Rahul Rathore,13914529,Neuro strikers,13914777,Mavericks,12,0,,2,0,,,,,1.0,0,0,2,0,0,12.0,,,,,,,,,,,,,,CricHeroes scorecard v2
863,BOWLING,3,27050716,2141686,JCC Season 3,Box Cricket,2026-09-09,Kodai Box Cricket,Jaipur,7,13914777,Mavericks,14263394,VIKINGS,Mavericks,resulted,3 runs,1,13914777,Mavericks,40,5,11,7.0,0,5.71,0,0,0,0,0.0,0,0,0,0,53313171,Bhaskar Rathore,13914777,Mavericks,14263394,VIKINGS,15,0,,0,0,,,,,1.0,0,1,4,2,8,15.0,,,,,,,,,,,,,,CricHeroes scorecard v2
864,BOWLING,3,27050716,2141686,JCC Season 3,Box Cricket,2026-09-09,Kodai Box Cricket,Jaipur,7,13914777,Mavericks,14263394,VIKINGS,Mavericks,resulted,3 runs,1,13914777,Mavericks,40,5,11,7.0,0,5.71,0,0,0,0,0.0,0,0,0,0,6314755,Navin Gurjar,13914777,Mavericks,14263394,VIKINGS,15,0,,2,1,,,,,2.0,0,0,8,0,0,7.5,,,,,,,,,,,,,,CricHeroes scorecard v2
865,BOWLING,3,27050716,2141686,JCC Season 3,Box Cricket,2026-09-09,Kodai Box Cricket,Jaipur,7,13914777,Mavericks,14263394,VIKINGS,Mavericks,resulted,3 runs,1,13914777,Mavericks,40,5,11,7.0,0,5.71,0,0,0,0,0.0,0,0,0,0,33295238,Mahesh kumar,13914777,Mavericks,14263394,VIKINGS,4,0,,0,0,,,,,2.0,0,4,10,1,0,2.0,,,,,,,,,,,,,,CricHeroes scorecard v2
866,BOWLING,3,27050716,2141686,JCC Season 3,Box Cricket,2026-09-09,Kodai Box Cricket,Jaipur,7,13914777,Mavericks,14263394,VIKINGS,Mavericks,resulted,3 runs,1,13914777,Mavericks,40,5,11,7.0,0,5.71,0,0,0,0,0.0,0,0,0,0,1748478,Nishant Gupta,13914777,Mavericks,14263394,VIKINGS,6,0,,0,0,,,,,2.0,0,0,7,0,0,3.0,,,,,,,,,,,,,,CricHeroes scorecard v2
867,BOWLING,3,27050716,2141686,JCC Season 3,Box Cricket,2026-09-09,Kodai Box Cricket,Jaipur,7,13914777,Mavericks,14263394,VIKINGS,Mavericks,resulted,3 runs,2,14263394,VIKINGS,37,2,1,7.0,0,5.29,0,0,0,0,0.0,0,0,0,0,1218133,Ankit,14263394,VIKINGS,13914777,Mavericks,5,0,,0,0,,,,,2.0,0,1,9,0,0,2.5,,,,,,,,,,,,,,CricHeroes scorecard v2
868,BOWLING,3,27050716,2141686,JCC Season 3,Box Cricket,2026-09-09,Kodai Box Cricket,Jaipur,7,13914777,Mavericks,14263394,VIKINGS,Mavericks,resulted,3 runs,2,14263394,VIKINGS,37,2,1,7.0,0,5.29,0,0,0,0,0.0,0,0,0,0,565841,Harish Jangid,14263394,VIKINGS,13914777,Mavericks,4,0,,0,0,,,,,2.0,0,0,9,1,0,2.0,,,,,,,,,,,,,,CricHeroes scorecard v2
869,BOWLING,3,27050716,2141686,JCC Season 3,Box Cricket,2026-09-09,Kodai Box Cricket,Jaipur,7,13914777,Mavericks,14263394,VIKINGS,Mavericks,resulted,3 runs,2,14263394,VIKINGS,37,2,1,7.0,0,5.29,0,0,0,0,0.0,0,0,0,0,2238721,Adhip Choudhary,14263394,VIKINGS,13914777,Mavericks,19,0,,0,2,,,,,2.0,0,0,5,0,0,9.5,,,,,,,,,,,,,,CricHeroes scorecard v2
870,BOWLING,3,27050716,2141686,JCC Season 3,Box Cricket,2026-09-09,Kodai Box Cricket,Jaipur,7,13914777,Mavericks,14263394,VIKINGS,Mavericks,resulted,3 runs,2,14263394,VIKINGS,37,2,1,7.0,0,5.29,0,0,0,0,0.0,0,0,0,0,49459939,Abhijeet Singh Shekhawat,14263394,VIKINGS,13914777,Mavericks,9,0,,0,1,,,,,1.0,0,1,2,0,0,9.0,,,,,,,,,,,,,,CricHeroes scorecard v2
871,BOWLING,3,27049931,2141686,JCC Season 3,Box Cricket,2026-09-09,Kodai Box Cricket,Jaipur,7,13914529,Neuro strikers,13914721,Outliers,Neuro strikers,resulted,11 runs,1,13914529,Neuro strikers,62,2,9,7.0,0,8.86,0,0,0,0,0.0,0,0,0,0,52957809,Siddharth Rao Jcc,13914529,Neuro strikers,13914721,Outliers,10,0,,1,0,,,,,2.0,0,0,7,2,0,5.0,,,,,,,,,,,,,,CricHeroes scorecard v2
872,BOWLING,3,27049931,2141686,JCC Season 3,Box Cricket,2026-09-09,Kodai Box Cricket,Jaipur,7,13914529,Neuro strikers,13914721,Outliers,Neuro strikers,resulted,11 runs,1,13914529,Neuro strikers,62,2,9,7.0,0,8.86,0,0,0,0,0.0,0,0,0,0,52957941,Madhav Sharma,13914529,Neuro strikers,13914721,Outliers,15,0,,0,1,,,,,2.0,0,0,6,3,0,7.5,,,,,,,,,,,,,,CricHeroes scorecard v2
873,BOWLING,3,27049931,2141686,JCC Season 3,Box Cricket,2026-09-09,Kodai Box Cricket,Jaipur,7,13914529,Neuro strikers,13914721,Outliers,Neuro strikers,resulted,11 runs,1,13914529,Neuro strikers,62,2,9,7.0,0,8.86,0,0,0,0,0.0,0,0,0,0,50368899,Naman Mavericks  (c),13914529,Neuro strikers,13914721,Outliers,17,0,,1,2,,,,,1.0,0,0,2,0,0,17.0,,,,,,,,,,,,,,CricHeroes scorecard v2
874,BOWLING,3,27049931,2141686,JCC Season 3,Box Cricket,2026-09-09,Kodai Box Cricket,Jaipur,7,13914529,Neuro strikers,13914721,Outliers,Neuro strikers,resulted,11 runs,1,13914529,Neuro strikers,62,2,9,7.0,0,8.86,0,0,0,0,0.0,0,0,0,0,50368913,Rudraksh,13914529,Neuro strikers,13914721,Outliers,6,0,,0,0,,,,,1.0,0,1,4,3,0,6.0,,,,,,,,,,,,,,CricHeroes scorecard v2
875,BOWLING,3,27049931,2141686,JCC Season 3,Box Cricket,2026-09-09,Kodai Box Cricket,Jaipur,7,13914529,Neuro strikers,13914721,Outliers,Neuro strikers,resulted,11 runs,1,13914529,Neuro strikers,62,2,9,7.0,0,8.86,0,0,0,0,0.0,0,0,0,0,52038452,Krshna,13914529,Neuro strikers,13914721,Outliers,14,0,,1,1,,,,,1.0,0,0,2,1,0,14.0,,,,,,,,,,,,,,CricHeroes scorecard v2
876,BOWLING,3,27049931,2141686,JCC Season 3,Box Cricket,2026-09-09,Kodai Box Cricket,Jaipur,7,13914529,Neuro strikers,13914721,Outliers,Neuro strikers,resulted,11 runs,2,13914721,Outliers,51,4,6,7.0,0,7.29,0,0,0,0,0.0,0,0,0,0,49460120,Sagar,13914721,Outliers,13914529,Neuro strikers,16,0,,3,0,,,,,2.0,0,2,8,1,1,8.0,,,,,,,,,,,,,,CricHeroes scorecard v2
877,BOWLING,3,27049931,2141686,JCC Season 3,Box Cricket,2026-09-09,Kodai Box Cricket,Jaipur,7,13914529,Neuro strikers,13914721,Outliers,Neuro strikers,resulted,11 runs,2,13914721,Outliers,51,4,6,7.0,0,7.29,0,0,0,0,0.0,0,0,0,0,52038417,Vikas,13914721,Outliers,13914529,Neuro strikers,10,0,,0,1,,,,,2.0,0,0,8,0,0,5.0,,,,,,,,,,,,,,CricHeroes scorecard v2
878,BOWLING,3,27049931,2141686,JCC Season 3,Box Cricket,2026-09-09,Kodai Box Cricket,Jaipur,7,13914529,Neuro strikers,13914721,Outliers,Neuro strikers,resulted,11 runs,2,13914721,Outliers,51,4,6,7.0,0,7.29,0,0,0,0,0.0,0,0,0,0,41945456,Saurabh CBI  (c),13914721,Outliers,13914529,Neuro strikers,9,0,,0,0,,,,,2.0,0,1,5,2,0,4.5,,,,,,,,,,,,,,CricHeroes scorecard v2
879,BOWLING,3,27049931,2141686,JCC Season 3,Box Cricket,2026-09-09,Kodai Box Cricket,Jaipur,7,13914529,Neuro strikers,13914721,Outliers,Neuro strikers,resulted,11 runs,2,13914721,Outliers,51,4,6,7.0,0,7.29,0,0,0,0,0.0,0,0,0,0,5228456,Anil Rawat,13914721,Outliers,13914529,Neuro strikers,16,0,,2,1,,,,,1.0,0,0,3,2,0,16.0,,,,,,,,,,,,,,CricHeroes scorecard v2
880,BOWLING,3,26739667,2141686,JCC Season 3,Box Cricket,2026-08-21,Kodai Box Cricket,Jaipur,7,14263394,VIKINGS,13914529,Neuro strikers,VIKINGS,resulted,16 runs,1,14263394,VIKINGS,66,3,9,7.0,0,9.43,0,0,0,0,0.0,0,0,0,0,31438284,Dhruv Paliwal,14263394,VIKINGS,13914529,Neuro strikers,14,0,,1,0,,,,,1.0,0,0,2,3,3,14.0,,,,,,,,,,,,,,CricHeroes scorecard v2
881,BOWLING,3,26739667,2141686,JCC Season 3,Box Cricket,2026-08-21,Kodai Box Cricket,Jaipur,7,14263394,VIKINGS,13914529,Neuro strikers,VIKINGS,resulted,16 runs,1,14263394,VIKINGS,66,3,9,7.0,0,9.43,0,0,0,0,0.0,0,0,0,0,52038417,Vikas,14263394,VIKINGS,13914529,Neuro strikers,10,0,,0,0,,,,,2.0,0,0,5,1,0,5.0,,,,,,,,,,,,,,CricHeroes scorecard v2
882,BOWLING,3,26739667,2141686,JCC Season 3,Box Cricket,2026-08-21,Kodai Box Cricket,Jaipur,7,14263394,VIKINGS,13914529,Neuro strikers,VIKINGS,resulted,16 runs,1,14263394,VIKINGS,66,3,9,7.0,0,9.43,0,0,0,0,0.0,0,0,0,0,49460120,Sagar,14263394,VIKINGS,13914529,Neuro strikers,19,0,,1,2,,,,,2.0,0,1,7,1,0,9.5,,,,,,,,,,,,,,CricHeroes scorecard v2
883,BOWLING,3,26739667,2141686,JCC Season 3,Box Cricket,2026-08-21,Kodai Box Cricket,Jaipur,7,14263394,VIKINGS,13914529,Neuro strikers,VIKINGS,resulted,16 runs,1,14263394,VIKINGS,66,3,9,7.0,0,9.43,0,0,0,0,0.0,0,0,0,0,41945456,Saurabh CBI  (c),14263394,VIKINGS,13914529,Neuro strikers,23,0,,1,2,,,,,2.0,0,1,3,1,0,11.5,,,,,,,,,,,,,,CricHeroes scorecard v2
884,BOWLING,3,26739667,2141686,JCC Season 3,Box Cricket,2026-08-21,Kodai Box Cricket,Jaipur,7,14263394,VIKINGS,13914529,Neuro strikers,VIKINGS,resulted,16 runs,2,13914529,Neuro strikers,50,3,7,7.0,0,7.14,0,0,0,0,0.0,0,0,0,0,38946978,Yash Pareek,13914529,Neuro strikers,14263394,VIKINGS,11,0,,1,1,,,,,2.0,0,2,9,0,0,5.5,,,,,,,,,,,,,,CricHeroes scorecard v2
885,BOWLING,3,26739667,2141686,JCC Season 3,Box Cricket,2026-08-21,Kodai Box Cricket,Jaipur,7,14263394,VIKINGS,13914529,Neuro strikers,VIKINGS,resulted,16 runs,2,13914529,Neuro strikers,50,3,7,7.0,0,7.14,0,0,0,0,0.0,0,0,0,0,6314755,Navin Gurjar,13914529,Neuro strikers,14263394,VIKINGS,16,0,,0,2,,,,,2.0,0,0,8,1,0,8.0,,,,,,,,,,,,,,CricHeroes scorecard v2
886,BOWLING,3,26739667,2141686,JCC Season 3,Box Cricket,2026-08-21,Kodai Box Cricket,Jaipur,7,14263394,VIKINGS,13914529,Neuro strikers,VIKINGS,resulted,16 runs,2,13914529,Neuro strikers,50,3,7,7.0,0,7.14,0,0,0,0,0.0,0,0,0,0,53313171,Bhaskar Rathore,13914529,Neuro strikers,14263394,VIKINGS,10,0,,0,0,,,,,2.0,0,1,9,4,1,5.0,,,,,,,,,,,,,,CricHeroes scorecard v2
887,BOWLING,3,26739667,2141686,JCC Season 3,Box Cricket,2026-08-21,Kodai Box Cricket,Jaipur,7,14263394,VIKINGS,13914529,Neuro strikers,VIKINGS,resulted,16 runs,2,13914529,Neuro strikers,50,3,7,7.0,0,7.14,0,0,0,0,0.0,0,0,0,0,1748478,Nishant Gupta,13914529,Neuro strikers,14263394,VIKINGS,13,0,,0,2,,,,,1.0,0,0,5,0,1,13.0,,,,,,,,,,,,,,CricHeroes scorecard v2
888,BOWLING,3,26738741,2141686,JCC Season 3,Box Cricket,2026-08-21,Kodai Box Cricket,Jaipur,7,14263394,VIKINGS,13914721,Outliers,VIKINGS,resulted,19 runs,1,14263394,VIKINGS,72,4,12,7.0,0,10.29,0,0,0,0,0.0,0,0,0,0,52957809,Siddharth Rao Jcc,14263394,VIKINGS,13914721,Outliers,14,0,,0,1,,,,,2.0,0,0,6,1,1,7.0,,,,,,,,,,,,,,CricHeroes scorecard v2
889,BOWLING,3,26738741,2141686,JCC Season 3,Box Cricket,2026-08-21,Kodai Box Cricket,Jaipur,7,14263394,VIKINGS,13914721,Outliers,VIKINGS,resulted,19 runs,1,14263394,VIKINGS,72,4,12,7.0,0,10.29,0,0,0,0,0.0,0,0,0,0,52957941,Madhav Sharma,14263394,VIKINGS,13914721,Outliers,20,0,,0,2,,,,,2.0,0,2,5,2,0,10.0,,,,,,,,,,,,,,CricHeroes scorecard v2
890,BOWLING,3,26738741,2141686,JCC Season 3,Box Cricket,2026-08-21,Kodai Box Cricket,Jaipur,7,14263394,VIKINGS,13914721,Outliers,VIKINGS,resulted,19 runs,1,14263394,VIKINGS,72,4,12,7.0,0,10.29,0,0,0,0,0.0,0,0,0,0,50368899,Naman Mavericks  (c),14263394,VIKINGS,13914721,Outliers,26,0,,2,2,,,,,2.0,0,0,5,3,0,13.0,,,,,,,,,,,,,,CricHeroes scorecard v2
891,BOWLING,3,26738741,2141686,JCC Season 3,Box Cricket,2026-08-21,Kodai Box Cricket,Jaipur,7,14263394,VIKINGS,13914721,Outliers,VIKINGS,resulted,19 runs,1,14263394,VIKINGS,72,4,12,7.0,0,10.29,0,0,0,0,0.0,0,0,0,0,52038452,Krshna,14263394,VIKINGS,13914721,Outliers,12,0,,1,0,,,,,1.0,0,0,2,5,0,12.0,,,,,,,,,,,,,,CricHeroes scorecard v2
892,BOWLING,3,26738741,2141686,JCC Season 3,Box Cricket,2026-08-21,Kodai Box Cricket,Jaipur,7,14263394,VIKINGS,13914721,Outliers,VIKINGS,resulted,19 runs,2,13914721,Outliers,53,5,6,7.0,0,7.57,0,0,0,0,0.0,0,0,0,0,38946978,Yash Pareek,13914721,Outliers,14263394,VIKINGS,6,0,,0,0,,,,,2.0,0,1,8,0,0,3.0,,,,,,,,,,,,,,CricHeroes scorecard v2
893,BOWLING,3,26738741,2141686,JCC Season 3,Box Cricket,2026-08-21,Kodai Box Cricket,Jaipur,7,14263394,VIKINGS,13914721,Outliers,VIKINGS,resulted,19 runs,2,13914721,Outliers,53,5,6,7.0,0,7.57,0,0,0,0,0.0,0,0,0,0,50979647,Chaitanya Saran,13914721,Outliers,14263394,VIKINGS,0,0,,0,0,,,,,0.0,0,0,0,0,0,0.0,,,,,,,,,,,,,,CricHeroes scorecard v2
894,BOWLING,3,26738741,2141686,JCC Season 3,Box Cricket,2026-08-21,Kodai Box Cricket,Jaipur,7,14263394,VIKINGS,13914721,Outliers,VIKINGS,resulted,19 runs,2,13914721,Outliers,53,5,6,7.0,0,7.57,0,0,0,0,0.0,0,0,0,0,6314755,Navin Gurjar,13914721,Outliers,14263394,VIKINGS,29,0,,2,2,,,,,2.0,0,1,4,1,0,14.5,,,,,,,,,,,,,,CricHeroes scorecard v2
895,BOWLING,3,26738741,2141686,JCC Season 3,Box Cricket,2026-08-21,Kodai Box Cricket,Jaipur,7,14263394,VIKINGS,13914721,Outliers,VIKINGS,resulted,19 runs,2,13914721,Outliers,53,5,6,7.0,0,7.57,0,0,0,0,0.0,0,0,0,0,53313171,Bhaskar Rathore,13914721,Outliers,14263394,VIKINGS,10,0,,2,0,,,,,2.0,0,1,9,0,1,5.0,,,,,,,,,,,,,,CricHeroes scorecard v2
896,BOWLING,3,26738741,2141686,JCC Season 3,Box Cricket,2026-08-21,Kodai Box Cricket,Jaipur,7,14263394,VIKINGS,13914721,Outliers,VIKINGS,resulted,19 runs,2,13914721,Outliers,53,5,6,7.0,0,7.57,0,0,0,0,0.0,0,0,0,0,9429841,Opal,13914721,Outliers,14263394,VIKINGS,8,0,,0,0,,,,,1.0,0,1,4,4,0,8.0,,,,,,,,,,,,,,CricHeroes scorecard v2
897,BOWLING,3,26738090,2141686,JCC Season 3,Box Cricket,2026-08-21,Kodai Box Cricket,Jaipur,7,13914777,Mavericks,13914529,Neuro strikers,Neuro strikers,resulted,5 wickets,1,13914777,Mavericks,40,3,6,7.0,0,5.71,0,0,0,0,0.0,0,0,0,0,31438284,Dhruv Paliwal,13914777,Mavericks,13914529,Neuro strikers,19,0,,2,1,,,,,1.0,0,0,3,5,0,19.0,,,,,,,,,,,,,,CricHeroes scorecard v2
898,BOWLING,3,26738090,2141686,JCC Season 3,Box Cricket,2026-08-21,Kodai Box Cricket,Jaipur,7,13914777,Mavericks,13914529,Neuro strikers,Neuro strikers,resulted,5 wickets,1,13914777,Mavericks,40,3,6,7.0,0,5.71,0,0,0,0,0.0,0,0,0,0,52038417,Vikas,13914777,Mavericks,13914529,Neuro strikers,6,0,,1,0,,,,,2.0,0,1,10,0,0,3.0,,,,,,,,,,,,,,CricHeroes scorecard v2
899,BOWLING,3,26738090,2141686,JCC Season 3,Box Cricket,2026-08-21,Kodai Box Cricket,Jaipur,7,13914777,Mavericks,13914529,Neuro strikers,Neuro strikers,resulted,5 wickets,1,13914777,Mavericks,40,3,6,7.0,0,5.71,0,0,0,0,0.0,0,0,0,0,41945456,Saurabh CBI  (c),13914777,Mavericks,13914529,Neuro strikers,9,0,,0,1,,,,,2.0,0,1,8,0,0,4.5,,,,,,,,,,,,,,CricHeroes scorecard v2
900,BOWLING,3,26738090,2141686,JCC Season 3,Box Cricket,2026-08-21,Kodai Box Cricket,Jaipur,7,13914777,Mavericks,13914529,Neuro strikers,Neuro strikers,resulted,5 wickets,1,13914777,Mavericks,40,3,6,7.0,0,5.71,0,0,0,0,0.0,0,0,0,0,5228456,Anil Rawat,13914777,Mavericks,13914529,Neuro strikers,6,0,,0,0,,,,,2.0,0,1,9,1,0,3.0,,,,,,,,,,,,,,CricHeroes scorecard v2
901,BOWLING,3,26738090,2141686,JCC Season 3,Box Cricket,2026-08-21,Kodai Box Cricket,Jaipur,7,13914777,Mavericks,13914529,Neuro strikers,Neuro strikers,resulted,5 wickets,2,13914529,Neuro strikers,44,2,2,5.4,0,7.76,0,0,0,0,0.0,0,0,0,0,1218133,Ankit,13914529,Neuro strikers,13914777,Mavericks,9,0,,0,1,,,,,2.0,1,1,10,2,0,4.5,,,,,,,,,,,,,,CricHeroes scorecard v2
902,BOWLING,3,26738090,2141686,JCC Season 3,Box Cricket,2026-08-21,Kodai Box Cricket,Jaipur,7,13914777,Mavericks,13914529,Neuro strikers,Neuro strikers,resulted,5 wickets,2,13914529,Neuro strikers,44,2,2,5.4,0,7.76,0,0,0,0,0.0,0,0,0,0,565841,Harish Jangid,13914529,Neuro strikers,13914777,Mavericks,10,0,,1,1,,,,,1.0,0,0,4,0,0,10.0,,,,,,,,,,,,,,CricHeroes scorecard v2
903,BOWLING,3,26738090,2141686,JCC Season 3,Box Cricket,2026-08-21,Kodai Box Cricket,Jaipur,7,13914777,Mavericks,13914529,Neuro strikers,Neuro strikers,resulted,5 wickets,2,13914529,Neuro strikers,44,2,2,5.4,0,7.76,0,0,0,0,0.0,0,0,0,0,2238721,Adhip Choudhary,13914529,Neuro strikers,13914777,Mavericks,5,0,,1,0,,,,,1.0,0,0,4,0,0,5.0,,,,,,,,,,,,,,CricHeroes scorecard v2
904,BOWLING,3,26738090,2141686,JCC Season 3,Box Cricket,2026-08-21,Kodai Box Cricket,Jaipur,7,13914777,Mavericks,13914529,Neuro strikers,Neuro strikers,resulted,5 wickets,2,13914529,Neuro strikers,44,2,2,5.4,0,7.76,0,0,0,0,0.0,0,0,0,0,49459939,Abhijeet Singh Shekhawat,13914529,Neuro strikers,13914777,Mavericks,16,0,,1,2,,,,,1.0,0,1,3,0,0,16.0,,,,,,,,,,,,,,CricHeroes scorecard v2
905,BOWLING,3,26738090,2141686,JCC Season 3,Box Cricket,2026-08-21,Kodai Box Cricket,Jaipur,7,13914777,Mavericks,13914529,Neuro strikers,Neuro strikers,resulted,5 wickets,2,13914529,Neuro strikers,44,2,2,5.4,0,7.76,0,0,0,0,0.0,0,0,0,0,3217470,Rahul Rathore,13914529,Neuro strikers,13914777,Mavericks,4,0,,1,0,,,,,0.4,0,0,3,0,0,6.0,,,,,,,,,,,,,,CricHeroes scorecard v2
906,BOWLING,3,26737213,2141686,JCC Season 3,Box Cricket,2026-08-21,Kodai Box Cricket,Jaipur,7,13914777,Mavericks,13914721,Outliers,Mavericks,resulted,32 runs,1,13914777,Mavericks,83,1,4,7.0,0,11.86,0,0,0,0,0.0,0,0,0,0,52957809,Siddharth Rao Jcc,13914777,Mavericks,13914721,Outliers,24,0,,1,2,,,,,2.0,0,0,6,2,0,12.0,,,,,,,,,,,,,,CricHeroes scorecard v2
907,BOWLING,3,26737213,2141686,JCC Season 3,Box Cricket,2026-08-21,Kodai Box Cricket,Jaipur,7,13914777,Mavericks,13914721,Outliers,Mavericks,resulted,32 runs,1,13914777,Mavericks,83,1,4,7.0,0,11.86,0,0,0,0,0.0,0,0,0,0,52957941,Madhav Sharma,13914777,Mavericks,13914721,Outliers,10,0,,0,1,,,,,1.0,0,0,2,0,0,10.0,,,,,,,,,,,,,,CricHeroes scorecard v2
908,BOWLING,3,26737213,2141686,JCC Season 3,Box Cricket,2026-08-21,Kodai Box Cricket,Jaipur,7,13914777,Mavericks,13914721,Outliers,Mavericks,resulted,32 runs,1,13914777,Mavericks,83,1,4,7.0,0,11.86,0,0,0,0,0.0,0,0,0,0,50368899,Naman Mavericks  (c),13914777,Mavericks,13914721,Outliers,4,0,,0,0,,,,,1.0,0,1,3,0,0,4.0,,,,,,,,,,,,,,CricHeroes scorecard v2
909,BOWLING,3,26737213,2141686,JCC Season 3,Box Cricket,2026-08-21,Kodai Box Cricket,Jaipur,7,13914777,Mavericks,13914721,Outliers,Mavericks,resulted,32 runs,1,13914777,Mavericks,83,1,4,7.0,0,11.86,0,0,0,0,0.0,0,0,0,0,21015521,Satvik Todwal,13914777,Mavericks,13914721,Outliers,16,0,,2,1,,,,,1.0,0,0,2,0,0,16.0,,,,,,,,,,,,,,CricHeroes scorecard v2
910,BOWLING,3,26737213,2141686,JCC Season 3,Box Cricket,2026-08-21,Kodai Box Cricket,Jaipur,7,13914777,Mavericks,13914721,Outliers,Mavericks,resulted,32 runs,1,13914777,Mavericks,83,1,4,7.0,0,11.86,0,0,0,0,0.0,0,0,0,0,50368913,Rudraksh,13914777,Mavericks,13914721,Outliers,12,0,,1,1,,,,,1.0,0,0,2,0,0,12.0,,,,,,,,,,,,,,CricHeroes scorecard v2
911,BOWLING,3,26737213,2141686,JCC Season 3,Box Cricket,2026-08-21,Kodai Box Cricket,Jaipur,7,13914777,Mavericks,13914721,Outliers,Mavericks,resulted,32 runs,1,13914777,Mavericks,83,1,4,7.0,0,11.86,0,0,0,0,0.0,0,0,0,0,52038452,Krshna,13914777,Mavericks,13914721,Outliers,17,0,,1,1,,,,,1.0,0,0,2,1,1,17.0,,,,,,,,,,,,,,CricHeroes scorecard v2
912,BOWLING,3,26737213,2141686,JCC Season 3,Box Cricket,2026-08-21,Kodai Box Cricket,Jaipur,7,13914777,Mavericks,13914721,Outliers,Mavericks,resulted,32 runs,2,13914721,Outliers,51,1,8,7.0,0,7.29,0,0,0,0,0.0,0,0,0,0,1218133,Ankit,13914721,Outliers,13914777,Mavericks,13,0,,1,1,,,,,2.0,0,1,9,1,1,6.5,,,,,,,,,,,,,,CricHeroes scorecard v2
913,BOWLING,3,26737213,2141686,JCC Season 3,Box Cricket,2026-08-21,Kodai Box Cricket,Jaipur,7,13914777,Mavericks,13914721,Outliers,Mavericks,resulted,32 runs,2,13914721,Outliers,51,1,8,7.0,0,7.29,0,0,0,0,0.0,0,0,0,0,2238721,Adhip Choudhary,13914721,Outliers,13914777,Mavericks,3,0,,0,0,,,,,1.0,0,0,5,2,0,3.0,,,,,,,,,,,,,,CricHeroes scorecard v2
914,BOWLING,3,26737213,2141686,JCC Season 3,Box Cricket,2026-08-21,Kodai Box Cricket,Jaipur,7,13914777,Mavericks,13914721,Outliers,Mavericks,resulted,32 runs,2,13914721,Outliers,51,1,8,7.0,0,7.29,0,0,0,0,0.0,0,0,0,0,49459939,Abhijeet Singh Shekhawat,13914721,Outliers,13914777,Mavericks,14,0,,1,1,,,,,2.0,0,0,9,2,0,7.0,,,,,,,,,,,,,,CricHeroes scorecard v2
915,BOWLING,3,26737213,2141686,JCC Season 3,Box Cricket,2026-08-21,Kodai Box Cricket,Jaipur,7,13914777,Mavericks,13914721,Outliers,Mavericks,resulted,32 runs,2,13914721,Outliers,51,1,8,7.0,0,7.29,0,0,0,0,0.0,0,0,0,0,565841,Harish Jangid,13914721,Outliers,13914777,Mavericks,13,0,,1,1,,,,,1.0,0,0,4,0,1,13.0,,,,,,,,,,,,,,CricHeroes scorecard v2
916,BOWLING,3,26737213,2141686,JCC Season 3,Box Cricket,2026-08-21,Kodai Box Cricket,Jaipur,7,13914777,Mavericks,13914721,Outliers,Mavericks,resulted,32 runs,2,13914721,Outliers,51,1,8,7.0,0,7.29,0,0,0,0,0.0,0,0,0,0,8131458,Lakshay,13914721,Outliers,13914777,Mavericks,8,0,,1,0,,,,,1.0,0,0,3,1,0,8.0,,,,,,,,,,,,,,CricHeroes scorecard v2
917,BOWLING,3,26619577,2141686,JCC Season 3,Box Cricket,2026-08-14,Kodai Box Cricket,Jaipur,7,13914721,Outliers,13914529,Neuro strikers,Neuro strikers,resulted,7 wickets,1,13914721,Outliers,26,3,6,7.0,0,3.71,0,0,0,0,0.0,0,0,0,0,31707662,Sanjeev upadhyaya,13914721,Outliers,13914529,Neuro strikers,5,12,,0,0,,,,,2.0,0,1,9,0,0,2.5,,,,,,,,,,,,,,CricHeroes scorecard v2
918,BOWLING,3,26619577,2141686,JCC Season 3,Box Cricket,2026-08-14,Kodai Box Cricket,Jaipur,7,13914721,Outliers,13914529,Neuro strikers,Neuro strikers,resulted,7 wickets,1,13914721,Outliers,26,3,6,7.0,0,3.71,0,0,0,0,0.0,0,0,0,0,49460120,Sagar,13914721,Outliers,13914529,Neuro strikers,1,6,,0,0,,,,,1.0,0,0,5,0,0,1.0,,,,,,,,,,,,,,CricHeroes scorecard v2
919,BOWLING,3,26619577,2141686,JCC Season 3,Box Cricket,2026-08-14,Kodai Box Cricket,Jaipur,7,13914721,Outliers,13914529,Neuro strikers,Neuro strikers,resulted,7 wickets,1,13914721,Outliers,26,3,6,7.0,0,3.71,0,0,0,0,0.0,0,0,0,0,41945456,Saurabh CBI  (c),13914721,Outliers,13914529,Neuro strikers,6,12,,0,0,,,,,2.0,0,0,11,5,0,3.0,,,,,,,,,,,,,,CricHeroes scorecard v2
920,BOWLING,3,26619577,2141686,JCC Season 3,Box Cricket,2026-08-14,Kodai Box Cricket,Jaipur,7,13914721,Outliers,13914529,Neuro strikers,Neuro strikers,resulted,7 wickets,1,13914721,Outliers,26,3,6,7.0,0,3.71,0,0,0,0,0.0,0,0,0,0,7977983,Rahul  Kasliwal,13914721,Outliers,13914529,Neuro strikers,10,6,,0,1,,,,,1.0,0,0,3,1,0,10.0,,,,,,,,,,,,,,CricHeroes scorecard v2
921,BOWLING,3,26619577,2141686,JCC Season 3,Box Cricket,2026-08-14,Kodai Box Cricket,Jaipur,7,13914721,Outliers,13914529,Neuro strikers,Neuro strikers,resulted,7 wickets,1,13914721,Outliers,26,3,6,7.0,0,3.71,0,0,0,0,0.0,0,0,0,0,31438284,Dhruv Paliwal,13914721,Outliers,13914529,Neuro strikers,4,6,,1,0,,,,,1.0,0,1,5,0,0,4.0,,,,,,,,,,,,,,CricHeroes scorecard v2
922,BOWLING,3,26619577,2141686,JCC Season 3,Box Cricket,2026-08-14,Kodai Box Cricket,Jaipur,7,13914721,Outliers,13914529,Neuro strikers,Neuro strikers,resulted,7 wickets,2,13914529,Neuro strikers,30,0,2,2.1,0,13.85,0,0,0,0,0.0,0,0,0,0,52957809,Siddharth Rao Jcc,13914529,Neuro strikers,13914721,Outliers,22,7,,0,3,,,,,1.1,0,0,3,1,1,18.86,,,,,,,,,,,,,,CricHeroes scorecard v2
923,BOWLING,3,26619577,2141686,JCC Season 3,Box Cricket,2026-08-14,Kodai Box Cricket,Jaipur,7,13914721,Outliers,13914529,Neuro strikers,Neuro strikers,resulted,7 wickets,2,13914529,Neuro strikers,30,0,2,2.1,0,13.85,0,0,0,0,0.0,0,0,0,0,52957941,Madhav Sharma,13914529,Neuro strikers,13914721,Outliers,8,6,,0,1,,,,,1.0,0,0,4,0,0,8.0,,,,,,,,,,,,,,CricHeroes scorecard v2
924,BOWLING,3,26618736,2141686,JCC Season 3,Box Cricket,2026-08-14,Kodai Box Cricket,Jaipur,7,14263394,VIKINGS,13914529,Neuro strikers,Neuro strikers,resulted,3 wickets,1,14263394,VIKINGS,49,4,5,7.0,0,7.0,0,0,0,0,0.0,0,0,0,0,49460120,Sagar,14263394,VIKINGS,13914529,Neuro strikers,14,0,,0,1,,,,,2.0,0,0,6,2,1,7.0,,,,,,,,,,,,,,CricHeroes scorecard v2
925,BOWLING,3,26618736,2141686,JCC Season 3,Box Cricket,2026-08-14,Kodai Box Cricket,Jaipur,7,14263394,VIKINGS,13914529,Neuro strikers,Neuro strikers,resulted,3 wickets,1,14263394,VIKINGS,49,4,5,7.0,0,7.0,0,0,0,0,0.0,0,0,0,0,53199501,Sunil Rajput,14263394,VIKINGS,13914529,Neuro strikers,0,0,,0,0,,,,,0.0,0,0,0,0,0,0.0,,,,,,,,,,,,,,CricHeroes scorecard v2
926,BOWLING,3,26618736,2141686,JCC Season 3,Box Cricket,2026-08-14,Kodai Box Cricket,Jaipur,7,14263394,VIKINGS,13914529,Neuro strikers,Neuro strikers,resulted,3 wickets,1,14263394,VIKINGS,49,4,5,7.0,0,7.0,0,0,0,0,0.0,0,0,0,0,41945456,Saurabh CBI  (c),14263394,VIKINGS,13914529,Neuro strikers,20,0,,0,3,,,,,2.0,0,0,7,0,0,10.0,,,,,,,,,,,,,,CricHeroes scorecard v2
927,BOWLING,3,26618736,2141686,JCC Season 3,Box Cricket,2026-08-14,Kodai Box Cricket,Jaipur,7,14263394,VIKINGS,13914529,Neuro strikers,Neuro strikers,resulted,3 wickets,1,14263394,VIKINGS,49,4,5,7.0,0,7.0,0,0,0,0,0.0,0,0,0,0,31438284,Dhruv Paliwal,14263394,VIKINGS,13914529,Neuro strikers,6,0,,1,0,,,,,1.0,0,1,5,0,1,6.0,,,,,,,,,,,,,,CricHeroes scorecard v2
928,BOWLING,3,26618736,2141686,JCC Season 3,Box Cricket,2026-08-14,Kodai Box Cricket,Jaipur,7,14263394,VIKINGS,13914529,Neuro strikers,Neuro strikers,resulted,3 wickets,1,14263394,VIKINGS,49,4,5,7.0,0,7.0,0,0,0,0,0.0,0,0,0,0,31707662,Sanjeev upadhyaya,14263394,VIKINGS,13914529,Neuro strikers,9,0,,1,0,,,,,2.0,0,0,7,1,0,4.5,,,,,,,,,,,,,,CricHeroes scorecard v2
929,BOWLING,3,26618736,2141686,JCC Season 3,Box Cricket,2026-08-14,Kodai Box Cricket,Jaipur,7,14263394,VIKINGS,13914529,Neuro strikers,Neuro strikers,resulted,3 wickets,2,13914529,Neuro strikers,50,4,11,6.5,0,7.32,0,0,0,0,0.0,0,0,0,0,33295238,Mahesh kumar,13914529,Neuro strikers,14263394,VIKINGS,16,0,,1,1,,,,,2.0,0,0,6,1,0,8.0,,,,,,,,,,,,,,CricHeroes scorecard v2
930,BOWLING,3,26618736,2141686,JCC Season 3,Box Cricket,2026-08-14,Kodai Box Cricket,Jaipur,7,14263394,VIKINGS,13914529,Neuro strikers,Neuro strikers,resulted,3 wickets,2,13914529,Neuro strikers,50,4,11,6.5,0,7.32,0,0,0,0,0.0,0,0,0,0,38946978,Yash Pareek,13914529,Neuro strikers,14263394,VIKINGS,10,0,,0,0,,,,,2.0,0,0,8,4,0,5.0,,,,,,,,,,,,,,CricHeroes scorecard v2
931,BOWLING,3,26618736,2141686,JCC Season 3,Box Cricket,2026-08-14,Kodai Box Cricket,Jaipur,7,14263394,VIKINGS,13914529,Neuro strikers,Neuro strikers,resulted,3 wickets,2,13914529,Neuro strikers,50,4,11,6.5,0,7.32,0,0,0,0,0.0,0,0,0,0,6314755,Navin Gurjar,13914529,Neuro strikers,14263394,VIKINGS,13,0,,1,1,,,,,1.5,0,2,7,1,0,7.09,,,,,,,,,,,,,,CricHeroes scorecard v2
932,BOWLING,3,26618736,2141686,JCC Season 3,Box Cricket,2026-08-14,Kodai Box Cricket,Jaipur,7,14263394,VIKINGS,13914529,Neuro strikers,Neuro strikers,resulted,3 wickets,2,13914529,Neuro strikers,50,4,11,6.5,0,7.32,0,0,0,0,0.0,0,0,0,0,53313171,Bhaskar Rathore,13914529,Neuro strikers,14263394,VIKINGS,11,0,,1,0,,,,,1.0,0,1,4,5,0,11.0,,,,,,,,,,,,,,CricHeroes scorecard v2
933,BOWLING,3,26618296,2141686,JCC Season 3,Box Cricket,2026-08-14,Kodai Box Cricket,Jaipur,7,13914777,Mavericks,13914721,Outliers,Outliers,resulted,6 wickets,1,13914777,Mavericks,20,2,3,7.0,0,2.86,0,0,0,0,0.0,0,0,0,0,52957809,Siddharth Rao Jcc,13914777,Mavericks,13914721,Outliers,4,0,,1,0,,,,,2.0,1,1,11,0,0,2.0,,,,,,,,,,,,,,CricHeroes scorecard v2
934,BOWLING,3,26618296,2141686,JCC Season 3,Box Cricket,2026-08-14,Kodai Box Cricket,Jaipur,7,13914777,Mavericks,13914721,Outliers,Outliers,resulted,6 wickets,1,13914777,Mavericks,20,2,3,7.0,0,2.86,0,0,0,0,0.0,0,0,0,0,50368899,Naman Mavericks  (c),13914777,Mavericks,13914721,Outliers,4,0,,0,0,,,,,2.0,0,0,9,0,0,2.0,,,,,,,,,,,,,,CricHeroes scorecard v2
935,BOWLING,3,26618296,2141686,JCC Season 3,Box Cricket,2026-08-14,Kodai Box Cricket,Jaipur,7,13914777,Mavericks,13914721,Outliers,Outliers,resulted,6 wickets,1,13914777,Mavericks,20,2,3,7.0,0,2.86,0,0,0,0,0.0,0,0,0,0,52957941,Madhav Sharma,13914777,Mavericks,13914721,Outliers,4,0,,0,0,,,,,2.0,0,1,9,1,0,2.0,,,,,,,,,,,,,,CricHeroes scorecard v2
936,BOWLING,3,26618296,2141686,JCC Season 3,Box Cricket,2026-08-14,Kodai Box Cricket,Jaipur,7,13914777,Mavericks,13914721,Outliers,Outliers,resulted,6 wickets,1,13914777,Mavericks,20,2,3,7.0,0,2.86,0,0,0,0,0.0,0,0,0,0,50368913,Rudraksh,13914777,Mavericks,13914721,Outliers,8,0,,0,1,,,,,1.0,0,0,5,2,0,8.0,,,,,,,,,,,,,,CricHeroes scorecard v2
937,BOWLING,3,26618296,2141686,JCC Season 3,Box Cricket,2026-08-14,Kodai Box Cricket,Jaipur,7,13914777,Mavericks,13914721,Outliers,Outliers,resulted,6 wickets,2,13914721,Outliers,21,0,2,1.2,0,15.75,0,0,0,0,0.0,0,0,0,0,2238721,Adhip Choudhary,13914721,Outliers,13914777,Mavericks,8,0,,0,1,,,,,1.0,0,0,4,1,0,8.0,,,,,,,,,,,,,,CricHeroes scorecard v2
938,BOWLING,3,26618296,2141686,JCC Season 3,Box Cricket,2026-08-14,Kodai Box Cricket,Jaipur,7,13914777,Mavericks,13914721,Outliers,Outliers,resulted,6 wickets,2,13914721,Outliers,21,0,2,1.2,0,15.75,0,0,0,0,0.0,0,0,0,0,52038035,Sarthak Rathore ,13914721,Outliers,13914777,Mavericks,13,0,,0,2,,,,,0.2,0,0,0,1,0,39.0,,,,,,,,,,,,,,CricHeroes scorecard v2
939,BOWLING,3,26617337,2141686,JCC Season 3,Box Cricket,2026-08-14,Kodai Box Cricket,Jaipur,7,13914777,Mavericks,14263394,VIKINGS,VIKINGS,resulted,6 wickets,1,13914777,Mavericks,49,4,12,7.0,0,7.0,0,0,0,0,0.0,0,0,0,0,38946978,Yash Pareek,13914777,Mavericks,14263394,VIKINGS,11,0,,1,1,,,,,2.0,0,0,9,0,0,5.5,,,,,,,,,,,,,,CricHeroes scorecard v2
940,BOWLING,3,26617337,2141686,JCC Season 3,Box Cricket,2026-08-14,Kodai Box Cricket,Jaipur,7,13914777,Mavericks,14263394,VIKINGS,VIKINGS,resulted,6 wickets,1,13914777,Mavericks,49,4,12,7.0,0,7.0,0,0,0,0,0.0,0,0,0,0,53313171,Bhaskar Rathore,13914777,Mavericks,14263394,VIKINGS,4,0,,0,0,,,,,1.0,0,2,4,1,1,4.0,,,,,,,,,,,,,,CricHeroes scorecard v2
941,BOWLING,3,26617337,2141686,JCC Season 3,Box Cricket,2026-08-14,Kodai Box Cricket,Jaipur,7,13914777,Mavericks,14263394,VIKINGS,VIKINGS,resulted,6 wickets,1,13914777,Mavericks,49,4,12,7.0,0,7.0,0,0,0,0,0.0,0,0,0,0,1748478,Nishant Gupta,13914777,Mavericks,14263394,VIKINGS,7,0,,0,0,,,,,0.1,0,0,1,7,0,42.0,,,,,,,,,,,,,,CricHeroes scorecard v2
942,BOWLING,3,26617337,2141686,JCC Season 3,Box Cricket,2026-08-14,Kodai Box Cricket,Jaipur,7,13914777,Mavericks,14263394,VIKINGS,VIKINGS,resulted,6 wickets,1,13914777,Mavericks,49,4,12,7.0,0,7.0,0,0,0,0,0.0,0,0,0,0,9429841,Opal,13914777,Mavericks,14263394,VIKINGS,1,0,,0,0,,,,,0.5,0,0,5,1,0,1.2,,,,,,,,,,,,,,CricHeroes scorecard v2
943,BOWLING,3,26617337,2141686,JCC Season 3,Box Cricket,2026-08-14,Kodai Box Cricket,Jaipur,7,13914777,Mavericks,14263394,VIKINGS,VIKINGS,resulted,6 wickets,1,13914777,Mavericks,49,4,12,7.0,0,7.0,0,0,0,0,0.0,0,0,0,0,33295238,Mahesh kumar,13914777,Mavericks,14263394,VIKINGS,18,0,,0,2,,,,,2.0,0,0,7,1,1,9.0,,,,,,,,,,,,,,CricHeroes scorecard v2
944,BOWLING,3,26617337,2141686,JCC Season 3,Box Cricket,2026-08-14,Kodai Box Cricket,Jaipur,7,13914777,Mavericks,14263394,VIKINGS,VIKINGS,resulted,6 wickets,1,13914777,Mavericks,49,4,12,7.0,0,7.0,0,0,0,0,0.0,0,0,0,0,6314755,Navin Gurjar,13914777,Mavericks,14263394,VIKINGS,8,0,,0,1,,,,,1.0,0,0,3,0,0,8.0,,,,,,,,,,,,,,CricHeroes scorecard v2
945,BOWLING,3,26617337,2141686,JCC Season 3,Box Cricket,2026-08-14,Kodai Box Cricket,Jaipur,7,13914777,Mavericks,14263394,VIKINGS,VIKINGS,resulted,6 wickets,2,14263394,VIKINGS,52,0,5,4.3,0,11.56,0,0,0,0,0.0,0,0,0,0,1218133,Ankit,14263394,VIKINGS,13914777,Mavericks,12,0,,0,1,,,,,2.0,0,0,9,2,0,6.0,,,,,,,,,,,,,,CricHeroes scorecard v2
946,BOWLING,3,26617337,2141686,JCC Season 3,Box Cricket,2026-08-14,Kodai Box Cricket,Jaipur,7,13914777,Mavericks,14263394,VIKINGS,VIKINGS,resulted,6 wickets,2,14263394,VIKINGS,52,0,5,4.3,0,11.56,0,0,0,0,0.0,0,0,0,0,8131458,Lakshay,14263394,VIKINGS,13914777,Mavericks,17,0,,1,2,,,,,1.0,0,0,3,1,0,17.0,,,,,,,,,,,,,,CricHeroes scorecard v2
947,BOWLING,3,26617337,2141686,JCC Season 3,Box Cricket,2026-08-14,Kodai Box Cricket,Jaipur,7,13914777,Mavericks,14263394,VIKINGS,VIKINGS,resulted,6 wickets,2,14263394,VIKINGS,52,0,5,4.3,0,11.56,0,0,0,0,0.0,0,0,0,0,49459939,Abhijeet Singh Shekhawat,14263394,VIKINGS,13914777,Mavericks,4,0,,0,0,,,,,1.0,0,0,4,1,0,4.0,,,,,,,,,,,,,,CricHeroes scorecard v2
948,BOWLING,3,26617337,2141686,JCC Season 3,Box Cricket,2026-08-14,Kodai Box Cricket,Jaipur,7,13914777,Mavericks,14263394,VIKINGS,VIKINGS,resulted,6 wickets,2,14263394,VIKINGS,52,0,5,4.3,0,11.56,0,0,0,0,0.0,0,0,0,0,3217470,Rahul Rathore,14263394,VIKINGS,13914777,Mavericks,19,0,,0,3,,,,,0.3,0,0,0,1,0,38.0,,,,,,,,,,,,,,CricHeroes scorecard v2
949,BOWLING,3,26504462,2141686,JCC Season 3,Box Cricket,2026-08-07,Kodai Box Cricket,Jaipur,7,13914777,Mavericks,14263394,VIKINGS,Mavericks,resulted,11 runs,1,13914777,Mavericks,50,5,7,7.0,0,7.14,0,0,0,0,0.0,0,0,0,0,6314755,Navin Gurjar,13914777,Mavericks,14263394,VIKINGS,10,0,,1,1,,,,,2.0,0,1,10,0,0,5.0,,,,,,,,,,,,,,CricHeroes scorecard v2
950,BOWLING,3,26504462,2141686,JCC Season 3,Box Cricket,2026-08-07,Kodai Box Cricket,Jaipur,7,13914777,Mavericks,14263394,VIKINGS,Mavericks,resulted,11 runs,1,13914777,Mavericks,50,5,7,7.0,0,7.14,0,0,0,0,0.0,0,0,0,0,1748478,Nishant Gupta,13914777,Mavericks,14263394,VIKINGS,13,0,,1,0,,,,,1.0,0,0,2,5,1,13.0,,,,,,,,,,,,,,CricHeroes scorecard v2
951,BOWLING,3,26504462,2141686,JCC Season 3,Box Cricket,2026-08-07,Kodai Box Cricket,Jaipur,7,13914777,Mavericks,14263394,VIKINGS,Mavericks,resulted,11 runs,1,13914777,Mavericks,50,5,7,7.0,0,7.14,0,0,0,0,0.0,0,0,0,0,33295238,Mahesh kumar,13914777,Mavericks,14263394,VIKINGS,21,0,,2,1,,,,,2.0,0,1,4,1,0,10.5,,,,,,,,,,,,,,CricHeroes scorecard v2
952,BOWLING,3,26504462,2141686,JCC Season 3,Box Cricket,2026-08-07,Kodai Box Cricket,Jaipur,7,13914777,Mavericks,14263394,VIKINGS,Mavericks,resulted,11 runs,1,13914777,Mavericks,50,5,7,7.0,0,7.14,0,0,0,0,0.0,0,0,0,0,38946978,Yash Pareek,13914777,Mavericks,14263394,VIKINGS,6,0,,0,0,,,,,2.0,0,1,8,0,0,3.0,,,,,,,,,,,,,,CricHeroes scorecard v2
953,BOWLING,3,26504462,2141686,JCC Season 3,Box Cricket,2026-08-07,Kodai Box Cricket,Jaipur,7,13914777,Mavericks,14263394,VIKINGS,Mavericks,resulted,11 runs,2,14263394,VIKINGS,39,7,5,7.0,0,5.57,0,0,0,0,0.0,0,0,0,0,1218133,Ankit,14263394,VIKINGS,13914777,Mavericks,7,0,,1,0,,,,,2.0,0,1,8,0,0,3.5,,,,,,,,,,,,,,CricHeroes scorecard v2
954,BOWLING,3,26504462,2141686,JCC Season 3,Box Cricket,2026-08-07,Kodai Box Cricket,Jaipur,7,13914777,Mavericks,14263394,VIKINGS,Mavericks,resulted,11 runs,2,14263394,VIKINGS,39,7,5,7.0,0,5.57,0,0,0,0,0.0,0,0,0,0,3217470,Rahul Rathore,14263394,VIKINGS,13914777,Mavericks,5,0,,0,0,,,,,2.0,0,1,8,1,0,2.5,,,,,,,,,,,,,,CricHeroes scorecard v2
955,BOWLING,3,26504462,2141686,JCC Season 3,Box Cricket,2026-08-07,Kodai Box Cricket,Jaipur,7,13914777,Mavericks,14263394,VIKINGS,Mavericks,resulted,11 runs,2,14263394,VIKINGS,39,7,5,7.0,0,5.57,0,0,0,0,0.0,0,0,0,0,49459939,Abhijeet Singh Shekhawat,14263394,VIKINGS,13914777,Mavericks,13,0,,1,0,,,,,2.0,0,3,7,1,1,6.5,,,,,,,,,,,,,,CricHeroes scorecard v2
956,BOWLING,3,26504462,2141686,JCC Season 3,Box Cricket,2026-08-07,Kodai Box Cricket,Jaipur,7,13914777,Mavericks,14263394,VIKINGS,Mavericks,resulted,11 runs,2,14263394,VIKINGS,39,7,5,7.0,0,5.57,0,0,0,0,0.0,0,0,0,0,8131458,Lakshay,14263394,VIKINGS,13914777,Mavericks,14,0,,1,1,,,,,1.0,0,2,2,2,0,14.0,,,,,,,,,,,,,,CricHeroes scorecard v2
957,BOWLING,3,26503704,2141686,JCC Season 3,Box Cricket,2026-08-07,Kodai Box Cricket,Jaipur,7,13914529,Neuro strikers,13914777,Mavericks,Mavericks,resulted,3 wickets,1,13914529,Neuro strikers,46,3,12,7.0,0,6.57,0,0,0,0,0.0,0,0,0,0,1218133,Ankit,13914529,Neuro strikers,13914777,Mavericks,16,0,,2,0,,,,,2.0,0,1,7,4,0,8.0,,,,,,,,,,,,,,CricHeroes scorecard v2
958,BOWLING,3,26503704,2141686,JCC Season 3,Box Cricket,2026-08-07,Kodai Box Cricket,Jaipur,7,13914529,Neuro strikers,13914777,Mavericks,Mavericks,resulted,3 wickets,1,13914529,Neuro strikers,46,3,12,7.0,0,6.57,0,0,0,0,0.0,0,0,0,0,3217470,Rahul Rathore,13914529,Neuro strikers,13914777,Mavericks,14,0,,1,0,,,,,2.0,0,1,5,4,0,7.0,,,,,,,,,,,,,,CricHeroes scorecard v2
959,BOWLING,3,26503704,2141686,JCC Season 3,Box Cricket,2026-08-07,Kodai Box Cricket,Jaipur,7,13914529,Neuro strikers,13914777,Mavericks,Mavericks,resulted,3 wickets,1,13914529,Neuro strikers,46,3,12,7.0,0,6.57,0,0,0,0,0.0,0,0,0,0,49459939,Abhijeet Singh Shekhawat,13914529,Neuro strikers,13914777,Mavericks,11,0,,0,0,,,,,2.0,0,0,8,4,0,5.5,,,,,,,,,,,,,,CricHeroes scorecard v2
960,BOWLING,3,26503704,2141686,JCC Season 3,Box Cricket,2026-08-07,Kodai Box Cricket,Jaipur,7,13914529,Neuro strikers,13914777,Mavericks,Mavericks,resulted,3 wickets,1,13914529,Neuro strikers,46,3,12,7.0,0,6.57,0,0,0,0,0.0,0,0,0,0,8131458,Lakshay,13914529,Neuro strikers,13914777,Mavericks,5,0,,1,0,,,,,1.0,0,0,4,0,0,5.0,,,,,,,,,,,,,,CricHeroes scorecard v2
961,BOWLING,3,26503704,2141686,JCC Season 3,Box Cricket,2026-08-07,Kodai Box Cricket,Jaipur,7,13914529,Neuro strikers,13914777,Mavericks,Mavericks,resulted,3 wickets,2,13914777,Mavericks,48,2,6,6.5,0,7.02,0,0,0,0,0.0,0,0,0,0,49460120,Sagar,13914777,Mavericks,13914529,Neuro strikers,5,0,,0,0,,,,,2.0,0,0,8,1,0,2.5,,,,,,,,,,,,,,CricHeroes scorecard v2
962,BOWLING,3,26503704,2141686,JCC Season 3,Box Cricket,2026-08-07,Kodai Box Cricket,Jaipur,7,13914529,Neuro strikers,13914777,Mavericks,Mavericks,resulted,3 wickets,2,13914777,Mavericks,48,2,6,6.5,0,7.02,0,0,0,0,0.0,0,0,0,0,41945456,Saurabh CBI  (c),13914777,Mavericks,13914529,Neuro strikers,15,0,,0,1,,,,,2.0,0,0,5,1,1,7.5,,,,,,,,,,,,,,CricHeroes scorecard v2
963,BOWLING,3,26503704,2141686,JCC Season 3,Box Cricket,2026-08-07,Kodai Box Cricket,Jaipur,7,13914529,Neuro strikers,13914777,Mavericks,Mavericks,resulted,3 wickets,2,13914777,Mavericks,48,2,6,6.5,0,7.02,0,0,0,0,0.0,0,0,0,0,52038417,Vikas,13914777,Mavericks,13914529,Neuro strikers,11,0,,2,0,,,,,2.0,0,0,7,0,0,5.5,,,,,,,,,,,,,,CricHeroes scorecard v2
964,BOWLING,3,26503704,2141686,JCC Season 3,Box Cricket,2026-08-07,Kodai Box Cricket,Jaipur,7,13914529,Neuro strikers,13914777,Mavericks,Mavericks,resulted,3 wickets,2,13914777,Mavericks,48,2,6,6.5,0,7.02,0,0,0,0,0.0,0,0,0,0,31438284,Dhruv Paliwal,13914777,Mavericks,13914529,Neuro strikers,17,0,,2,1,,,,,0.5,0,0,2,3,0,20.4,,,,,,,,,,,,,,CricHeroes scorecard v2
965,BOWLING,3,26502665,2141686,JCC Season 3,Box Cricket,2026-08-07,Kodai Box Cricket,Jaipur,7,14263394,VIKINGS,13914721,Outliers,VIKINGS,resulted,16 runs,1,14263394,VIKINGS,61,3,12,7.0,0,8.71,0,0,0,0,0.0,0,0,0,0,52957809,Siddharth Rao Jcc,14263394,VIKINGS,13914721,Outliers,9,0,,1,0,,,,,2.0,0,1,10,4,0,4.5,,,,,,,,,,,,,,CricHeroes scorecard v2
966,BOWLING,3,26502665,2141686,JCC Season 3,Box Cricket,2026-08-07,Kodai Box Cricket,Jaipur,7,14263394,VIKINGS,13914721,Outliers,VIKINGS,resulted,16 runs,1,14263394,VIKINGS,61,3,12,7.0,0,8.71,0,0,0,0,0.0,0,0,0,0,52957941,Madhav Sharma,14263394,VIKINGS,13914721,Outliers,15,0,,0,1,,,,,2.0,0,0,3,0,0,7.5,,,,,,,,,,,,,,CricHeroes scorecard v2
967,BOWLING,3,26502665,2141686,JCC Season 3,Box Cricket,2026-08-07,Kodai Box Cricket,Jaipur,7,14263394,VIKINGS,13914721,Outliers,VIKINGS,resulted,16 runs,1,14263394,VIKINGS,61,3,12,7.0,0,8.71,0,0,0,0,0.0,0,0,0,0,50368913,Rudraksh,14263394,VIKINGS,13914721,Outliers,21,0,,1,1,,,,,2.0,0,2,6,5,1,10.5,,,,,,,,,,,,,,CricHeroes scorecard v2
968,BOWLING,3,26502665,2141686,JCC Season 3,Box Cricket,2026-08-07,Kodai Box Cricket,Jaipur,7,14263394,VIKINGS,13914721,Outliers,VIKINGS,resulted,16 runs,1,14263394,VIKINGS,61,3,12,7.0,0,8.71,0,0,0,0,0.0,0,0,0,0,52038452,Krshna,14263394,VIKINGS,13914721,Outliers,16,0,,1,1,,,,,1.0,0,0,0,2,0,16.0,,,,,,,,,,,,,,CricHeroes scorecard v2
969,BOWLING,3,26502665,2141686,JCC Season 3,Box Cricket,2026-08-07,Kodai Box Cricket,Jaipur,7,14263394,VIKINGS,13914721,Outliers,VIKINGS,resulted,16 runs,2,13914721,Outliers,45,6,13,7.0,0,6.43,0,0,0,0,0.0,0,0,0,0,38946978,Yash Pareek,13914721,Outliers,14263394,VIKINGS,19,0,,2,0,,,,,2.0,0,1,6,5,1,9.5,,,,,,,,,,,,,,CricHeroes scorecard v2
970,BOWLING,3,26502665,2141686,JCC Season 3,Box Cricket,2026-08-07,Kodai Box Cricket,Jaipur,7,14263394,VIKINGS,13914721,Outliers,VIKINGS,resulted,16 runs,2,13914721,Outliers,45,6,13,7.0,0,6.43,0,0,0,0,0.0,0,0,0,0,1748478,Nishant Gupta,13914721,Outliers,14263394,VIKINGS,16,0,,1,0,,,,,2.0,0,1,7,6,1,8.0,,,,,,,,,,,,,,CricHeroes scorecard v2
971,BOWLING,3,26502665,2141686,JCC Season 3,Box Cricket,2026-08-07,Kodai Box Cricket,Jaipur,7,14263394,VIKINGS,13914721,Outliers,VIKINGS,resulted,16 runs,2,13914721,Outliers,45,6,13,7.0,0,6.43,0,0,0,0,0.0,0,0,0,0,33295238,Mahesh kumar,13914721,Outliers,14263394,VIKINGS,9,0,,1,0,,,,,2.0,0,1,6,0,0,4.5,,,,,,,,,,,,,,CricHeroes scorecard v2
972,BOWLING,3,26502665,2141686,JCC Season 3,Box Cricket,2026-08-07,Kodai Box Cricket,Jaipur,7,14263394,VIKINGS,13914721,Outliers,VIKINGS,resulted,16 runs,2,13914721,Outliers,45,6,13,7.0,0,6.43,0,0,0,0,0.0,0,0,0,0,6314755,Navin Gurjar,13914721,Outliers,14263394,VIKINGS,1,0,,0,0,,,,,1.0,0,0,5,0,0,1.0,,,,,,,,,,,,,,CricHeroes scorecard v2
973,BOWLING,3,26501846,2141686,JCC Season 3,Box Cricket,2026-08-07,Kodai Box Cricket,Jaipur,7,13914721,Outliers,13914529,Neuro strikers,Neuro strikers,resulted,6 wickets,1,13914721,Outliers,45,4,5,7.0,0,6.43,0,0,0,0,0.0,0,0,0,0,49460120,Sagar,13914721,Outliers,13914529,Neuro strikers,15,0,,2,0,,,,,2.0,0,0,5,1,0,7.5,,,,,,,,,,,,,,CricHeroes scorecard v2
974,BOWLING,3,26501846,2141686,JCC Season 3,Box Cricket,2026-08-07,Kodai Box Cricket,Jaipur,7,13914721,Outliers,13914529,Neuro strikers,Neuro strikers,resulted,6 wickets,1,13914721,Outliers,45,4,5,7.0,0,6.43,0,0,0,0,0.0,0,0,0,0,52038417,Vikas,13914721,Outliers,13914529,Neuro strikers,8,0,,1,0,,,,,2.0,0,1,9,2,0,4.0,,,,,,,,,,,,,,CricHeroes scorecard v2
975,BOWLING,3,26501846,2141686,JCC Season 3,Box Cricket,2026-08-07,Kodai Box Cricket,Jaipur,7,13914721,Outliers,13914529,Neuro strikers,Neuro strikers,resulted,6 wickets,1,13914721,Outliers,45,4,5,7.0,0,6.43,0,0,0,0,0.0,0,0,0,0,41945456,Saurabh CBI  (c),13914721,Outliers,13914529,Neuro strikers,19,0,,0,1,,,,,2.0,0,1,3,2,0,9.5,,,,,,,,,,,,,,CricHeroes scorecard v2
976,BOWLING,3,26501846,2141686,JCC Season 3,Box Cricket,2026-08-07,Kodai Box Cricket,Jaipur,7,13914721,Outliers,13914529,Neuro strikers,Neuro strikers,resulted,6 wickets,1,13914721,Outliers,45,4,5,7.0,0,6.43,0,0,0,0,0.0,0,0,0,0,31438284,Dhruv Paliwal,13914721,Outliers,13914529,Neuro strikers,3,0,,0,0,,,,,1.0,0,0,3,0,0,3.0,,,,,,,,,,,,,,CricHeroes scorecard v2
977,BOWLING,3,26501846,2141686,JCC Season 3,Box Cricket,2026-08-07,Kodai Box Cricket,Jaipur,7,13914721,Outliers,13914529,Neuro strikers,Neuro strikers,resulted,6 wickets,2,13914529,Neuro strikers,48,1,6,5.3,0,8.73,0,0,0,0,0.0,0,0,0,0,52957809,Siddharth Rao Jcc,13914529,Neuro strikers,13914721,Outliers,5,0,,1,0,,,,,2.0,0,1,11,1,0,2.5,,,,,,,,,,,,,,CricHeroes scorecard v2
978,BOWLING,3,26501846,2141686,JCC Season 3,Box Cricket,2026-08-07,Kodai Box Cricket,Jaipur,7,13914721,Outliers,13914529,Neuro strikers,Neuro strikers,resulted,6 wickets,2,13914529,Neuro strikers,48,1,6,5.3,0,8.73,0,0,0,0,0.0,0,0,0,0,50368899,Naman Mavericks  (c),13914529,Neuro strikers,13914721,Outliers,27,0,,2,2,,,,,1.3,0,0,3,3,0,18.0,,,,,,,,,,,,,,CricHeroes scorecard v2
979,BOWLING,3,26501846,2141686,JCC Season 3,Box Cricket,2026-08-07,Kodai Box Cricket,Jaipur,7,13914721,Outliers,13914529,Neuro strikers,Neuro strikers,resulted,6 wickets,2,13914529,Neuro strikers,48,1,6,5.3,0,8.73,0,0,0,0,0.0,0,0,0,0,52038452,Krshna,13914529,Neuro strikers,13914721,Outliers,14,0,,0,1,,,,,1.0,0,0,1,2,0,14.0,,,,,,,,,,,,,,CricHeroes scorecard v2
980,BOWLING,3,26501846,2141686,JCC Season 3,Box Cricket,2026-08-07,Kodai Box Cricket,Jaipur,7,13914721,Outliers,13914529,Neuro strikers,Neuro strikers,resulted,6 wickets,2,13914529,Neuro strikers,48,1,6,5.3,0,8.73,0,0,0,0,0.0,0,0,0,0,52957941,Madhav Sharma,13914529,Neuro strikers,13914721,Outliers,2,0,,0,0,,,,,1.0,0,0,4,0,0,2.0,,,,,,,,,,,,,,CricHeroes scorecard v2
981,BOWLING,3,26486511,2141686,JCC Season 3,Box Cricket,2026-08-06,Jai club box,Jaipur,7,13914529,Neuro strikers,14263394,VIKINGS,VIKINGS,Resulted,5 wickets,1,13914529,Neuro strikers,34,7,12,7.0,0,4.86,0,0,0,0,0.0,0,0,0,0,38946978,Yash Pareek,13914529,Neuro strikers,14263394,VIKINGS,7,0,,0,0,,,,,2.0,0,1,7,2,0,3.5,,,,,,,,,,,,,,CricHeroes scorecard v2
982,BOWLING,3,26486511,2141686,JCC Season 3,Box Cricket,2026-08-06,Jai club box,Jaipur,7,13914529,Neuro strikers,14263394,VIKINGS,VIKINGS,Resulted,5 wickets,1,13914529,Neuro strikers,34,7,12,7.0,0,4.86,0,0,0,0,0.0,0,0,0,0,33295238,Mahesh kumar,13914529,Neuro strikers,14263394,VIKINGS,6,0,,0,0,,,,,2.0,0,1,7,1,0,3.0,,,,,,,,,,,,,,CricHeroes scorecard v2
983,BOWLING,3,26486511,2141686,JCC Season 3,Box Cricket,2026-08-06,Jai club box,Jaipur,7,13914529,Neuro strikers,14263394,VIKINGS,VIKINGS,Resulted,5 wickets,1,13914529,Neuro strikers,34,7,12,7.0,0,4.86,0,0,0,0,0.0,0,0,0,0,1748478,Nishant Gupta,13914529,Neuro strikers,14263394,VIKINGS,14,0,,0,1,,,,,2.0,0,3,8,5,0,7.0,,,,,,,,,,,,,,CricHeroes scorecard v2
984,BOWLING,3,26486511,2141686,JCC Season 3,Box Cricket,2026-08-06,Jai club box,Jaipur,7,13914529,Neuro strikers,14263394,VIKINGS,VIKINGS,Resulted,5 wickets,1,13914529,Neuro strikers,34,7,12,7.0,0,4.86,0,0,0,0,0.0,0,0,0,0,9429841,Opal,13914529,Neuro strikers,14263394,VIKINGS,7,0,,0,0,,,,,1.0,0,1,3,4,0,7.0,,,,,,,,,,,,,,CricHeroes scorecard v2
985,BOWLING,3,26486511,2141686,JCC Season 3,Box Cricket,2026-08-06,Jai club box,Jaipur,7,13914529,Neuro strikers,14263394,VIKINGS,VIKINGS,Resulted,5 wickets,2,14263394,VIKINGS,38,2,9,4.4,0,8.14,0,0,0,0,0.0,0,0,0,0,49460120,Sagar,14263394,VIKINGS,13914529,Neuro strikers,14,0,,1,0,,,,,2.0,0,0,7,5,1,7.0,,,,,,,,,,,,,,CricHeroes scorecard v2
986,BOWLING,3,26486511,2141686,JCC Season 3,Box Cricket,2026-08-06,Jai club box,Jaipur,7,13914529,Neuro strikers,14263394,VIKINGS,VIKINGS,Resulted,5 wickets,2,14263394,VIKINGS,38,2,9,4.4,0,8.14,0,0,0,0,0.0,0,0,0,0,41945456,Saurabh CBI  (c),14263394,VIKINGS,13914529,Neuro strikers,7,0,,0,0,,,,,1.0,0,1,3,3,0,7.0,,,,,,,,,,,,,,CricHeroes scorecard v2
987,BOWLING,3,26486511,2141686,JCC Season 3,Box Cricket,2026-08-06,Jai club box,Jaipur,7,13914529,Neuro strikers,14263394,VIKINGS,VIKINGS,Resulted,5 wickets,2,14263394,VIKINGS,38,2,9,4.4,0,8.14,0,0,0,0,0.0,0,0,0,0,52038417,Vikas,14263394,VIKINGS,13914529,Neuro strikers,10,0,,0,1,,,,,1.0,0,0,2,0,0,10.0,,,,,,,,,,,,,,CricHeroes scorecard v2
988,BOWLING,3,26486511,2141686,JCC Season 3,Box Cricket,2026-08-06,Jai club box,Jaipur,7,13914529,Neuro strikers,14263394,VIKINGS,VIKINGS,Resulted,5 wickets,2,14263394,VIKINGS,38,2,9,4.4,0,8.14,0,0,0,0,0.0,0,0,0,0,5228456,Anil Rawat,14263394,VIKINGS,13914529,Neuro strikers,7,0,,0,1,,,,,0.4,0,1,2,0,0,10.5,,,,,,,,,,,,,,CricHeroes scorecard v2
989,BOWLING,3,26486329,2141686,JCC Season 3,Box Cricket,2026-08-06,Jai club box,Jaipur,7,13914777,Mavericks,13914529,Neuro strikers,Neuro strikers,Resulted,4 wickets,1,13914777,Mavericks,33,8,5,7.0,0,4.71,0,0,0,0,0.0,0,0,0,0,31438284,Dhruv Paliwal,13914777,Mavericks,13914529,Neuro strikers,7,6,,1,0,,,,,1.0,0,0,3,0,0,7.0,,,,,,,,,,,,,,CricHeroes scorecard v2
990,BOWLING,3,26486329,2141686,JCC Season 3,Box Cricket,2026-08-06,Jai club box,Jaipur,7,13914777,Mavericks,13914529,Neuro strikers,Neuro strikers,Resulted,4 wickets,1,13914777,Mavericks,33,8,5,7.0,0,4.71,0,0,0,0,0.0,0,0,0,0,49460120,Sagar,13914777,Mavericks,13914529,Neuro strikers,15,12,,1,0,,,,,2.0,0,0,4,1,1,7.5,,,,,,,,,,,,,,CricHeroes scorecard v2
991,BOWLING,3,26486329,2141686,JCC Season 3,Box Cricket,2026-08-06,Jai club box,Jaipur,7,13914777,Mavericks,13914529,Neuro strikers,Neuro strikers,Resulted,4 wickets,1,13914777,Mavericks,33,8,5,7.0,0,4.71,0,0,0,0,0.0,0,0,0,0,52038417,Vikas,13914777,Mavericks,13914529,Neuro strikers,2,6,,0,0,,,,,1.0,0,1,5,0,0,2.0,,,,,,,,,,,,,,CricHeroes scorecard v2
992,BOWLING,3,26486329,2141686,JCC Season 3,Box Cricket,2026-08-06,Jai club box,Jaipur,7,13914777,Mavericks,13914529,Neuro strikers,Neuro strikers,Resulted,4 wickets,1,13914777,Mavericks,33,8,5,7.0,0,4.71,0,0,0,0,0.0,0,0,0,0,41945456,Saurabh CBI  (c),13914777,Mavericks,13914529,Neuro strikers,8,12,,0,0,,,,,2.0,0,4,8,3,0,4.0,,,,,,,,,,,,,,CricHeroes scorecard v2
993,BOWLING,3,26486329,2141686,JCC Season 3,Box Cricket,2026-08-06,Jai club box,Jaipur,7,13914777,Mavericks,13914529,Neuro strikers,Neuro strikers,Resulted,4 wickets,1,13914777,Mavericks,33,8,5,7.0,0,4.71,0,0,0,0,0.0,0,0,0,0,7977983,Rahul  Kasliwal,13914777,Mavericks,13914529,Neuro strikers,1,6,,0,0,,,,,1.0,0,1,5,0,0,1.0,,,,,,,,,,,,,,CricHeroes scorecard v2
994,BOWLING,3,26486329,2141686,JCC Season 3,Box Cricket,2026-08-06,Jai club box,Jaipur,7,13914777,Mavericks,13914529,Neuro strikers,Neuro strikers,Resulted,4 wickets,2,13914529,Neuro strikers,34,3,4,5.3,0,6.18,0,0,0,0,0.0,0,0,0,0,1218133,Ankit,13914529,Neuro strikers,13914777,Mavericks,20,12,,2,1,,,,,2.0,0,1,7,4,0,10.0,,,,,,,,,,,,,,CricHeroes scorecard v2
995,BOWLING,3,26486329,2141686,JCC Season 3,Box Cricket,2026-08-06,Jai club box,Jaipur,7,13914777,Mavericks,13914529,Neuro strikers,Neuro strikers,Resulted,4 wickets,2,13914529,Neuro strikers,34,3,4,5.3,0,6.18,0,0,0,0,0.0,0,0,0,0,565841,Harish Jangid,13914529,Neuro strikers,13914777,Mavericks,1,6,,0,0,,,,,1.0,0,0,5,0,0,1.0,,,,,,,,,,,,,,CricHeroes scorecard v2
996,BOWLING,3,26486329,2141686,JCC Season 3,Box Cricket,2026-08-06,Jai club box,Jaipur,7,13914777,Mavericks,13914529,Neuro strikers,Neuro strikers,Resulted,4 wickets,2,13914529,Neuro strikers,34,3,4,5.3,0,6.18,0,0,0,0,0.0,0,0,0,0,349449,Prateek Chatterjee,13914529,Neuro strikers,13914777,Mavericks,9,6,,2,0,,,,,1.0,0,2,3,0,0,9.0,,,,,,,,,,,,,,CricHeroes scorecard v2
997,BOWLING,3,26486329,2141686,JCC Season 3,Box Cricket,2026-08-06,Jai club box,Jaipur,7,13914777,Mavericks,13914529,Neuro strikers,Neuro strikers,Resulted,4 wickets,2,13914529,Neuro strikers,34,3,4,5.3,0,6.18,0,0,0,0,0.0,0,0,0,0,3217470,Rahul Rathore,13914529,Neuro strikers,13914777,Mavericks,2,6,,0,0,,,,,1.0,0,0,4,0,0,2.0,,,,,,,,,,,,,,CricHeroes scorecard v2
998,BOWLING,3,26486329,2141686,JCC Season 3,Box Cricket,2026-08-06,Jai club box,Jaipur,7,13914777,Mavericks,13914529,Neuro strikers,Neuro strikers,Resulted,4 wickets,2,13914529,Neuro strikers,34,3,4,5.3,0,6.18,0,0,0,0,0.0,0,0,0,0,49459939,Abhijeet Singh Shekhawat,13914529,Neuro strikers,13914777,Mavericks,2,3,,0,0,,,,,0.3,0,0,1,0,0,4.0,,,,,,,,,,,,,,CricHeroes scorecard v2
999,BOWLING,3,26397455,2141686,JCC Season 3,Limited Overs,2026-07-31,Jai club box,Jaipur,7,13914777,Mavericks,13914721,Outliers,Outliers,Resulted,5 wickets,1,13914777,Mavericks,43,4,2,7.0,0,6.14,0,0,0,0,0.0,0,0,0,0,52957809,Siddharth Rao Jcc,13914777,Mavericks,13914721,Outliers,8,0,,1,0,,,,,2.0,0,1,8,0,0,4.0,,,,,,,,,,,,,,CricHeroes scorecard v2
1000,BOWLING,3,26397455,2141686,JCC Season 3,Limited Overs,2026-07-31,Jai club box,Jaipur,7,13914777,Mavericks,13914721,Outliers,Outliers,Resulted,5 wickets,1,13914777,Mavericks,43,4,2,7.0,0,6.14,0,0,0,0,0.0,0,0,0,0,52038452,Krshna,13914777,Mavericks,13914721,Outliers,7,0,,1,0,,,,,1.0,0,0,3,1,0,7.0,,,,,,,,,,,,,,CricHeroes scorecard v2
1001,BOWLING,3,26397455,2141686,JCC Season 3,Limited Overs,2026-07-31,Jai club box,Jaipur,7,13914777,Mavericks,13914721,Outliers,Outliers,Resulted,5 wickets,1,13914777,Mavericks,43,4,2,7.0,0,6.14,0,0,0,0,0.0,0,0,0,0,52957941,Madhav,13914777,Mavericks,13914721,Outliers,2,0,,0,0,,,,,1.0,0,1,4,0,0,2.0,,,,,,,,,,,,,,CricHeroes scorecard v2
1002,BOWLING,3,26397455,2141686,JCC Season 3,Limited Overs,2026-07-31,Jai club box,Jaipur,7,13914777,Mavericks,13914721,Outliers,Outliers,Resulted,5 wickets,1,13914777,Mavericks,43,4,2,7.0,0,6.14,0,0,0,0,0.0,0,0,0,0,21015521,Satvik Todwal,13914777,Mavericks,13914721,Outliers,10,0,,0,1,,,,,1.0,0,0,3,1,0,10.0,,,,,,,,,,,,,,CricHeroes scorecard v2
1003,BOWLING,3,26397455,2141686,JCC Season 3,Limited Overs,2026-07-31,Jai club box,Jaipur,7,13914777,Mavericks,13914721,Outliers,Outliers,Resulted,5 wickets,1,13914777,Mavericks,43,4,2,7.0,0,6.14,0,0,0,0,0.0,0,0,0,0,50368913,Rudraksh,13914777,Mavericks,13914721,Outliers,4,0,,0,0,,,,,1.0,0,1,2,0,0,4.0,,,,,,,,,,,,,,CricHeroes scorecard v2
1004,BOWLING,3,26397455,2141686,JCC Season 3,Limited Overs,2026-07-31,Jai club box,Jaipur,7,13914777,Mavericks,13914721,Outliers,Outliers,Resulted,5 wickets,1,13914777,Mavericks,43,4,2,7.0,0,6.14,0,0,0,0,0.0,0,0,0,0,15803869,Nitin Setia,13914777,Mavericks,13914721,Outliers,12,0,,0,2,,,,,1.0,0,0,4,0,0,12.0,,,,,,,,,,,,,,CricHeroes scorecard v2
1005,BOWLING,3,26397455,2141686,JCC Season 3,Limited Overs,2026-07-31,Jai club box,Jaipur,7,13914777,Mavericks,13914721,Outliers,Outliers,Resulted,5 wickets,2,13914721,Outliers,44,2,2,6.4,0,6.6,0,0,0,0,0.0,0,0,0,0,1218133,Ankit,13914721,Outliers,13914777,Mavericks,18,0,,1,1,,,,,2.0,0,1,5,0,0,9.0,,,,,,,,,,,,,,CricHeroes scorecard v2
1006,BOWLING,3,26397455,2141686,JCC Season 3,Limited Overs,2026-07-31,Jai club box,Jaipur,7,13914777,Mavericks,13914721,Outliers,Outliers,Resulted,5 wickets,2,13914721,Outliers,44,2,2,6.4,0,6.6,0,0,0,0,0.0,0,0,0,0,565841,Harish Jangid,13914721,Outliers,13914777,Mavericks,13,0,,1,0,,,,,1.4,0,0,4,2,0,7.8,,,,,,,,,,,,,,CricHeroes scorecard v2
1007,BOWLING,3,26397455,2141686,JCC Season 3,Limited Overs,2026-07-31,Jai club box,Jaipur,7,13914777,Mavericks,13914721,Outliers,Outliers,Resulted,5 wickets,2,13914721,Outliers,44,2,2,6.4,0,6.6,0,0,0,0,0.0,0,0,0,0,2238721,Adhip Choudhary,13914721,Outliers,13914777,Mavericks,10,0,,0,1,,,,,2.0,0,1,7,0,0,5.0,,,,,,,,,,,,,,CricHeroes scorecard v2
1008,BOWLING,3,26397455,2141686,JCC Season 3,Limited Overs,2026-07-31,Jai club box,Jaipur,7,13914777,Mavericks,13914721,Outliers,Outliers,Resulted,5 wickets,2,13914721,Outliers,44,2,2,6.4,0,6.6,0,0,0,0,0.0,0,0,0,0,349449,Prateek Chatterjee,13914721,Outliers,13914777,Mavericks,3,0,,0,0,,,,,1.0,0,0,4,0,0,3.0,,,,,,,,,,,,,,CricHeroes scorecard v2
1009,BOWLING,3,26395983,2141686,JCC Season 3,Limited Overs,2026-07-31,Jai club box,Jaipur,7,13914721,Outliers,14263394,VIKINGS,Outliers,Resulted,20 runs,1,13914721,Outliers,68,3,6,7.0,0,9.71,0,0,0,0,0.0,0,0,0,0,6314755,Navin Gurjar,13914721,Outliers,14263394,VIKINGS,13,0,,1,1,,,,,1.0,0,1,3,2,0,13.0,,,,,,,,,,,,,,CricHeroes scorecard v2
1010,BOWLING,3,26395983,2141686,JCC Season 3,Limited Overs,2026-07-31,Jai club box,Jaipur,7,13914721,Outliers,14263394,VIKINGS,Outliers,Resulted,20 runs,1,13914721,Outliers,68,3,6,7.0,0,9.71,0,0,0,0,0.0,0,0,0,0,1748478,Nishant Gupta,13914721,Outliers,14263394,VIKINGS,20,0,,0,2,,,,,2.0,0,2,6,2,0,10.0,,,,,,,,,,,,,,CricHeroes scorecard v2
1011,BOWLING,3,26395983,2141686,JCC Season 3,Limited Overs,2026-07-31,Jai club box,Jaipur,7,13914721,Outliers,14263394,VIKINGS,Outliers,Resulted,20 runs,1,13914721,Outliers,68,3,6,7.0,0,9.71,0,0,0,0,0.0,0,0,0,0,38946978,Yash Pareek,13914721,Outliers,14263394,VIKINGS,6,0,,0,0,,,,,1.0,0,0,0,0,0,6.0,,,,,,,,,,,,,,CricHeroes scorecard v2
1012,BOWLING,3,26395983,2141686,JCC Season 3,Limited Overs,2026-07-31,Jai club box,Jaipur,7,13914721,Outliers,14263394,VIKINGS,Outliers,Resulted,20 runs,1,13914721,Outliers,68,3,6,7.0,0,9.71,0,0,0,0,0.0,0,0,0,0,33295238,Mahesh kumar,13914721,Outliers,14263394,VIKINGS,6,0,,0,1,,,,,1.0,0,0,5,0,0,6.0,,,,,,,,,,,,,,CricHeroes scorecard v2
1013,BOWLING,3,26395983,2141686,JCC Season 3,Limited Overs,2026-07-31,Jai club box,Jaipur,7,13914721,Outliers,14263394,VIKINGS,Outliers,Resulted,20 runs,1,13914721,Outliers,68,3,6,7.0,0,9.71,0,0,0,0,0.0,0,0,0,0,9429841,Opal,13914721,Outliers,14263394,VIKINGS,12,0,,1,1,,,,,1.0,0,0,3,1,0,12.0,,,,,,,,,,,,,,CricHeroes scorecard v2
1014,BOWLING,3,26395983,2141686,JCC Season 3,Limited Overs,2026-07-31,Jai club box,Jaipur,7,13914721,Outliers,14263394,VIKINGS,Outliers,Resulted,20 runs,1,13914721,Outliers,68,3,6,7.0,0,9.71,0,0,0,0,0.0,0,0,0,0,40500,Anagh Nandwana,13914721,Outliers,14263394,VIKINGS,11,0,,2,0,,,,,1.0,0,0,2,1,0,11.0,,,,,,,,,,,,,,CricHeroes scorecard v2
1015,BOWLING,3,26395983,2141686,JCC Season 3,Limited Overs,2026-07-31,Jai club box,Jaipur,7,13914721,Outliers,14263394,VIKINGS,Outliers,Resulted,20 runs,2,14263394,VIKINGS,48,3,15,7.0,0,6.86,0,0,0,0,0.0,0,0,0,0,52957809,Siddharth Rao Jcc,14263394,VIKINGS,13914721,Outliers,9,0,,1,0,,,,,2.0,0,0,8,2,0,4.5,,,,,,,,,,,,,,CricHeroes scorecard v2
1016,BOWLING,3,26395983,2141686,JCC Season 3,Limited Overs,2026-07-31,Jai club box,Jaipur,7,13914721,Outliers,14263394,VIKINGS,Outliers,Resulted,20 runs,2,14263394,VIKINGS,48,3,15,7.0,0,6.86,0,0,0,0,0.0,0,0,0,0,52038452,Krshna,14263394,VIKINGS,13914721,Outliers,9,0,,0,0,,,,,2.0,0,0,7,3,1,4.5,,,,,,,,,,,,,,CricHeroes scorecard v2
1017,BOWLING,3,26395983,2141686,JCC Season 3,Limited Overs,2026-07-31,Jai club box,Jaipur,7,13914721,Outliers,14263394,VIKINGS,Outliers,Resulted,20 runs,2,14263394,VIKINGS,48,3,15,7.0,0,6.86,0,0,0,0,0.0,0,0,0,0,50368913,Rudraksh,14263394,VIKINGS,13914721,Outliers,14,0,,0,0,,,,,1.0,0,0,2,7,1,14.0,,,,,,,,,,,,,,CricHeroes scorecard v2
1018,BOWLING,3,26395983,2141686,JCC Season 3,Limited Overs,2026-07-31,Jai club box,Jaipur,7,13914721,Outliers,14263394,VIKINGS,Outliers,Resulted,20 runs,2,14263394,VIKINGS,48,3,15,7.0,0,6.86,0,0,0,0,0.0,0,0,0,0,52957941,Madhav Sharma,14263394,VIKINGS,13914721,Outliers,14,0,,0,2,,,,,1.0,0,0,3,1,0,14.0,,,,,,,,,,,,,,CricHeroes scorecard v2
1019,BOWLING,3,26395983,2141686,JCC Season 3,Limited Overs,2026-07-31,Jai club box,Jaipur,7,13914721,Outliers,14263394,VIKINGS,Outliers,Resulted,20 runs,2,14263394,VIKINGS,48,3,15,7.0,0,6.86,0,0,0,0,0.0,0,0,0,0,21015521,Satvik Todwal,14263394,VIKINGS,13914721,Outliers,2,0,,0,0,,,,,1.0,0,0,4,0,0,2.0,,,,,,,,,,,,,,CricHeroes scorecard v2
1020,BOWLING,3,26326478,2141686,JCC Season 3,Limited Overs,2026-07-26,Heera Box Cricket,Jaipur,7,13914529,Neuro strikers,14263394,VIKINGS,Neuro strikers,Resulted,9 runs,1,13914529,Neuro strikers,42,5,14,7.0,0,6.0,0,0,0,0,0.0,0,0,0,0,33295238,Mahesh kumar,13914529,Neuro strikers,14263394,VIKINGS,4,12,,0,0,,,,,2.0,0,2,10,1,0,2.0,,,,,,,,,,,,,,CricHeroes scorecard v2
1021,BOWLING,3,26326478,2141686,JCC Season 3,Limited Overs,2026-07-26,Heera Box Cricket,Jaipur,7,13914529,Neuro strikers,14263394,VIKINGS,Neuro strikers,Resulted,9 runs,1,13914529,Neuro strikers,42,5,14,7.0,0,6.0,0,0,0,0,0.0,0,0,0,0,6314755,Navin Gurjar,13914529,Neuro strikers,14263394,VIKINGS,9,12,,0,0,,,,,2.0,0,2,6,0,0,4.5,,,,,,,,,,,,,,CricHeroes scorecard v2
1022,BOWLING,3,26326478,2141686,JCC Season 3,Limited Overs,2026-07-26,Heera Box Cricket,Jaipur,7,13914529,Neuro strikers,14263394,VIKINGS,Neuro strikers,Resulted,9 runs,1,13914529,Neuro strikers,42,5,14,7.0,0,6.0,0,0,0,0,0.0,0,0,0,0,9429841,Opal,13914529,Neuro strikers,14263394,VIKINGS,1,6,,0,0,,,,,1.0,0,1,6,1,0,1.0,,,,,,,,,,,,,,CricHeroes scorecard v2
1023,BOWLING,3,26326478,2141686,JCC Season 3,Limited Overs,2026-07-26,Heera Box Cricket,Jaipur,7,13914529,Neuro strikers,14263394,VIKINGS,Neuro strikers,Resulted,9 runs,1,13914529,Neuro strikers,42,5,14,7.0,0,6.0,0,0,0,0,0.0,0,0,0,0,50368825,Bhairav Deep Touchy  (c),13914529,Neuro strikers,14263394,VIKINGS,13,6,,0,0,,,,,1.0,0,0,4,10,0,13.0,,,,,,,,,,,,,,CricHeroes scorecard v2
1024,BOWLING,3,26326478,2141686,JCC Season 3,Limited Overs,2026-07-26,Heera Box Cricket,Jaipur,7,13914529,Neuro strikers,14263394,VIKINGS,Neuro strikers,Resulted,9 runs,1,13914529,Neuro strikers,42,5,14,7.0,0,6.0,0,0,0,0,0.0,0,0,0,0,1748478,Nishant Gupta,13914529,Neuro strikers,14263394,VIKINGS,15,6,,0,2,,,,,1.0,0,0,3,2,0,15.0,,,,,,,,,,,,,,CricHeroes scorecard v2
1025,BOWLING,3,26326478,2141686,JCC Season 3,Limited Overs,2026-07-26,Heera Box Cricket,Jaipur,7,13914529,Neuro strikers,14263394,VIKINGS,Neuro strikers,Resulted,9 runs,2,14263394,VIKINGS,33,1,7,7.0,0,4.71,0,0,0,0,0.0,0,0,0,0,49460120,Sagar,14263394,VIKINGS,13914529,Neuro strikers,18,12,,2,0,,,,,2.0,0,0,6,4,0,9.0,,,,,,,,,,,,,,CricHeroes scorecard v2
1026,BOWLING,3,26326478,2141686,JCC Season 3,Limited Overs,2026-07-26,Heera Box Cricket,Jaipur,7,13914529,Neuro strikers,14263394,VIKINGS,Neuro strikers,Resulted,9 runs,2,14263394,VIKINGS,33,1,7,7.0,0,4.71,0,0,0,0,0.0,0,0,0,0,41945456,Saurabh CBI  (c),14263394,VIKINGS,13914529,Neuro strikers,9,12,,0,1,,,,,2.0,0,1,9,1,0,4.5,,,,,,,,,,,,,,CricHeroes scorecard v2
1027,BOWLING,3,26326478,2141686,JCC Season 3,Limited Overs,2026-07-26,Heera Box Cricket,Jaipur,7,13914529,Neuro strikers,14263394,VIKINGS,Neuro strikers,Resulted,9 runs,2,14263394,VIKINGS,33,1,7,7.0,0,4.71,0,0,0,0,0.0,0,0,0,0,52038417,Vikas,14263394,VIKINGS,13914529,Neuro strikers,4,12,,0,0,,,,,2.0,0,0,9,1,0,2.0,,,,,,,,,,,,,,CricHeroes scorecard v2
1028,BOWLING,3,26326478,2141686,JCC Season 3,Limited Overs,2026-07-26,Heera Box Cricket,Jaipur,7,13914529,Neuro strikers,14263394,VIKINGS,Neuro strikers,Resulted,9 runs,2,14263394,VIKINGS,33,1,7,7.0,0,4.71,0,0,0,0,0.0,0,0,0,0,31438284,Dhruv Paliwal,14263394,VIKINGS,13914529,Neuro strikers,2,6,,0,0,,,,,1.0,0,0,5,0,1,2.0,,,,,,,,,,,,,,CricHeroes scorecard v2
1029,BOWLING,3,26286857,2141686,JCC Season 3,Limited Overs,2026-07-24,Heera Box Cricket,Jaipur,7,13914777,Mavericks,13914721,Outliers,Outliers,Resulted,5 wickets,1,13914777,Mavericks,54,3,4,7.0,0,7.71,0,0,0,0,0.0,0,0,0,0,52957809,Siddharth Rao Jcc,13914777,Mavericks,13914721,Outliers,13,12,,2,0,,,,,2.0,0,0,6,0,0,6.5,,,,,,,,,,,,,,CricHeroes scorecard v2
1030,BOWLING,3,26286857,2141686,JCC Season 3,Limited Overs,2026-07-24,Heera Box Cricket,Jaipur,7,13914777,Mavericks,13914721,Outliers,Outliers,Resulted,5 wickets,1,13914777,Mavericks,54,3,4,7.0,0,7.71,0,0,0,0,0.0,0,0,0,0,52038452,Krshna,13914777,Mavericks,13914721,Outliers,3,6,,0,0,,,,,1.0,0,0,5,2,0,3.0,,,,,,,,,,,,,,CricHeroes scorecard v2
1031,BOWLING,3,26286857,2141686,JCC Season 3,Limited Overs,2026-07-24,Heera Box Cricket,Jaipur,7,13914777,Mavericks,13914721,Outliers,Outliers,Resulted,5 wickets,1,13914777,Mavericks,54,3,4,7.0,0,7.71,0,0,0,0,0.0,0,0,0,0,21015521,Satvik Todwal,13914777,Mavericks,13914721,Outliers,16,6,,0,2,,,,,1.0,0,1,2,0,1,16.0,,,,,,,,,,,,,,CricHeroes scorecard v2
1032,BOWLING,3,26286857,2141686,JCC Season 3,Limited Overs,2026-07-24,Heera Box Cricket,Jaipur,7,13914777,Mavericks,13914721,Outliers,Outliers,Resulted,5 wickets,1,13914777,Mavericks,54,3,4,7.0,0,7.71,0,0,0,0,0.0,0,0,0,0,50368899,Naman Mavericks  (c),13914777,Mavericks,13914721,Outliers,19,12,,1,1,,,,,2.0,0,0,5,0,1,9.5,,,,,,,,,,,,,,CricHeroes scorecard v2
1033,BOWLING,3,26286857,2141686,JCC Season 3,Limited Overs,2026-07-24,Heera Box Cricket,Jaipur,7,13914777,Mavericks,13914721,Outliers,Outliers,Resulted,5 wickets,1,13914777,Mavericks,54,3,4,7.0,0,7.71,0,0,0,0,0.0,0,0,0,0,15803869,Nitin Setia,13914777,Mavericks,13914721,Outliers,3,6,,0,0,,,,,1.0,0,1,4,0,0,3.0,,,,,,,,,,,,,,CricHeroes scorecard v2
1034,BOWLING,3,26286857,2141686,JCC Season 3,Limited Overs,2026-07-24,Heera Box Cricket,Jaipur,7,13914777,Mavericks,13914721,Outliers,Outliers,Resulted,5 wickets,2,13914721,Outliers,55,1,1,6.5,0,8.05,0,0,0,0,0.0,0,0,0,0,1218133,Ankit,13914721,Outliers,13914777,Mavericks,14,12,,0,2,,,,,2.0,0,0,9,1,0,7.0,,,,,,,,,,,,,,CricHeroes scorecard v2
1035,BOWLING,3,26286857,2141686,JCC Season 3,Limited Overs,2026-07-24,Heera Box Cricket,Jaipur,7,13914777,Mavericks,13914721,Outliers,Outliers,Resulted,5 wickets,2,13914721,Outliers,55,1,1,6.5,0,8.05,0,0,0,0,0.0,0,0,0,0,565841,Harish Jangid,13914721,Outliers,13914777,Mavericks,16,12,,0,2,,,,,2.0,0,1,7,0,0,8.0,,,,,,,,,,,,,,CricHeroes scorecard v2
1036,BOWLING,3,26286857,2141686,JCC Season 3,Limited Overs,2026-07-24,Heera Box Cricket,Jaipur,7,13914777,Mavericks,13914721,Outliers,Outliers,Resulted,5 wickets,2,13914721,Outliers,55,1,1,6.5,0,8.05,0,0,0,0,0.0,0,0,0,0,3217470,Rahul Rathore,13914721,Outliers,13914777,Mavericks,14,6,,0,2,,,,,1.0,0,0,3,0,0,14.0,,,,,,,,,,,,,,CricHeroes scorecard v2
1037,BOWLING,3,26286857,2141686,JCC Season 3,Limited Overs,2026-07-24,Heera Box Cricket,Jaipur,7,13914777,Mavericks,13914721,Outliers,Outliers,Resulted,5 wickets,2,13914721,Outliers,55,1,1,6.5,0,8.05,0,0,0,0,0.0,0,0,0,0,49459939,Abhijeet Singh Shekhawat,13914721,Outliers,13914777,Mavericks,6,6,,1,0,,,,,1.0,0,0,3,0,0,6.0,,,,,,,,,,,,,,CricHeroes scorecard v2
1038,BOWLING,3,26286857,2141686,JCC Season 3,Limited Overs,2026-07-24,Heera Box Cricket,Jaipur,7,13914777,Mavericks,13914721,Outliers,Outliers,Resulted,5 wickets,2,13914721,Outliers,55,1,1,6.5,0,8.05,0,0,0,0,0.0,0,0,0,0,349449,Prateek Chatterjee,13914721,Outliers,13914777,Mavericks,5,5,,0,0,,,,,0.5,0,0,1,0,0,6.0,,,,,,,,,,,,,,CricHeroes scorecard v2
1039,BOWLING,3,26286162,2141686,JCC Season 3,Limited Overs,2026-07-24,Heera Box Cricket,Jaipur,7,14263394,VIKINGS,13914777,Mavericks,VIKINGS,Resulted,22 runs,1,14263394,VIKINGS,66,3,15,7.0,0,9.43,0,0,0,0,0.0,0,0,0,0,1218133,Ankit,14263394,VIKINGS,13914777,Mavericks,10,0,,0,1,,,,,2.0,0,1,10,2,0,5.0,,,,,,,,,,,,,,CricHeroes scorecard v2
1040,BOWLING,3,26286162,2141686,JCC Season 3,Limited Overs,2026-07-24,Heera Box Cricket,Jaipur,7,14263394,VIKINGS,13914777,Mavericks,VIKINGS,Resulted,22 runs,1,14263394,VIKINGS,66,3,15,7.0,0,9.43,0,0,0,0,0.0,0,0,0,0,565841,Harish Jangid,14263394,VIKINGS,13914777,Mavericks,15,0,,1,1,,,,,2.0,0,0,7,1,0,7.5,,,,,,,,,,,,,,CricHeroes scorecard v2
1041,BOWLING,3,26286162,2141686,JCC Season 3,Limited Overs,2026-07-24,Heera Box Cricket,Jaipur,7,14263394,VIKINGS,13914777,Mavericks,VIKINGS,Resulted,22 runs,1,14263394,VIKINGS,66,3,15,7.0,0,9.43,0,0,0,0,0.0,0,0,0,0,349449,Prateek Chatterjee,14263394,VIKINGS,13914777,Mavericks,20,0,,0,2,,,,,1.0,0,0,3,5,1,20.0,,,,,,,,,,,,,,CricHeroes scorecard v2
1042,BOWLING,3,26286162,2141686,JCC Season 3,Limited Overs,2026-07-24,Heera Box Cricket,Jaipur,7,14263394,VIKINGS,13914777,Mavericks,VIKINGS,Resulted,22 runs,1,14263394,VIKINGS,66,3,15,7.0,0,9.43,0,0,0,0,0.0,0,0,0,0,49459939,Abhijeet Singh Shekhawat,14263394,VIKINGS,13914777,Mavericks,10,0,,0,1,,,,,1.0,0,0,3,2,0,10.0,,,,,,,,,,,,,,CricHeroes scorecard v2
1043,BOWLING,3,26286162,2141686,JCC Season 3,Limited Overs,2026-07-24,Heera Box Cricket,Jaipur,7,14263394,VIKINGS,13914777,Mavericks,VIKINGS,Resulted,22 runs,1,14263394,VIKINGS,66,3,15,7.0,0,9.43,0,0,0,0,0.0,0,0,0,0,8131458,Lakshay,14263394,VIKINGS,13914777,Mavericks,11,0,,0,1,,,,,1.0,0,1,4,4,0,11.0,,,,,,,,,,,,,,CricHeroes scorecard v2
1044,BOWLING,3,26286162,2141686,JCC Season 3,Limited Overs,2026-07-24,Heera Box Cricket,Jaipur,7,14263394,VIKINGS,13914777,Mavericks,VIKINGS,Resulted,22 runs,2,13914777,Mavericks,44,6,2,7.0,0,6.29,0,0,0,0,0.0,0,0,0,0,6314755,Navin Gurjar,13914777,Mavericks,14263394,VIKINGS,17,0,,3,0,,,,,2.0,0,0,5,0,0,8.5,,,,,,,,,,,,,,CricHeroes scorecard v2
1045,BOWLING,3,26286162,2141686,JCC Season 3,Limited Overs,2026-07-24,Heera Box Cricket,Jaipur,7,14263394,VIKINGS,13914777,Mavericks,VIKINGS,Resulted,22 runs,2,13914777,Mavericks,44,6,2,7.0,0,6.29,0,0,0,0,0.0,0,0,0,0,1748478,Nishant Gupta,13914777,Mavericks,14263394,VIKINGS,2,0,,0,0,,,,,2.0,1,3,11,1,0,1.0,,,,,,,,,,,,,,CricHeroes scorecard v2
1046,BOWLING,3,26286162,2141686,JCC Season 3,Limited Overs,2026-07-24,Heera Box Cricket,Jaipur,7,14263394,VIKINGS,13914777,Mavericks,VIKINGS,Resulted,22 runs,2,13914777,Mavericks,44,6,2,7.0,0,6.29,0,0,0,0,0.0,0,0,0,0,33295238,Mahesh kumar,13914777,Mavericks,14263394,VIKINGS,20,0,,1,2,,,,,2.0,0,2,5,0,0,10.0,,,,,,,,,,,,,,CricHeroes scorecard v2
1047,BOWLING,3,26286162,2141686,JCC Season 3,Limited Overs,2026-07-24,Heera Box Cricket,Jaipur,7,14263394,VIKINGS,13914777,Mavericks,VIKINGS,Resulted,22 runs,2,13914777,Mavericks,44,6,2,7.0,0,6.29,0,0,0,0,0.0,0,0,0,0,9429841,Opal,13914777,Mavericks,14263394,VIKINGS,5,0,,1,0,,,,,1.0,0,1,5,1,0,5.0,,,,,,,,,,,,,,CricHeroes scorecard v2
1048,BOWLING,3,26285487,2141686,JCC Season 3,Limited Overs,2026-07-24,Heera Box Cricket,Jaipur,7,13914721,Outliers,13914529,Neuro strikers,Neuro strikers,Resulted,6 wickets,1,13914721,Outliers,45,2,4,7.0,0,6.43,0,0,0,0,0.0,0,0,0,0,49460120,Sagar,13914721,Outliers,13914529,Neuro strikers,3,0,,0,0,,,,,1.0,0,0,3,0,0,3.0,,,,,,,,,,,,,,CricHeroes scorecard v2
1049,BOWLING,3,26285487,2141686,JCC Season 3,Limited Overs,2026-07-24,Heera Box Cricket,Jaipur,7,13914721,Outliers,13914529,Neuro strikers,Neuro strikers,Resulted,6 wickets,1,13914721,Outliers,45,2,4,7.0,0,6.43,0,0,0,0,0.0,0,0,0,0,41945456,Saurabh CBI  (c),13914721,Outliers,13914529,Neuro strikers,10,0,,0,1,,,,,2.0,0,0,8,1,0,5.0,,,,,,,,,,,,,,CricHeroes scorecard v2
1050,BOWLING,3,26285487,2141686,JCC Season 3,Limited Overs,2026-07-24,Heera Box Cricket,Jaipur,7,13914721,Outliers,13914529,Neuro strikers,Neuro strikers,Resulted,6 wickets,1,13914721,Outliers,45,2,4,7.0,0,6.43,0,0,0,0,0.0,0,0,0,0,52038417,Vikas,13914721,Outliers,13914529,Neuro strikers,9,0,,1,0,,,,,2.0,0,0,7,1,0,4.5,,,,,,,,,,,,,,CricHeroes scorecard v2
1051,BOWLING,3,26285487,2141686,JCC Season 3,Limited Overs,2026-07-24,Heera Box Cricket,Jaipur,7,13914721,Outliers,13914529,Neuro strikers,Neuro strikers,Resulted,6 wickets,1,13914721,Outliers,45,2,4,7.0,0,6.43,0,0,0,0,0.0,0,0,0,0,31438284,Dhruv Paliwal,13914721,Outliers,13914529,Neuro strikers,8,0,,1,0,,,,,1.0,0,0,2,0,0,8.0,,,,,,,,,,,,,,CricHeroes scorecard v2
1052,BOWLING,3,26285487,2141686,JCC Season 3,Limited Overs,2026-07-24,Heera Box Cricket,Jaipur,7,13914721,Outliers,13914529,Neuro strikers,Neuro strikers,Resulted,6 wickets,1,13914721,Outliers,45,2,4,7.0,0,6.43,0,0,0,0,0.0,0,0,0,0,7977983,Rahul  Kasliwal,13914721,Outliers,13914529,Neuro strikers,15,0,,0,2,,,,,1.0,0,1,4,1,1,15.0,,,,,,,,,,,,,,CricHeroes scorecard v2
1053,BOWLING,3,26285487,2141686,JCC Season 3,Limited Overs,2026-07-24,Heera Box Cricket,Jaipur,7,13914721,Outliers,13914529,Neuro strikers,Neuro strikers,Resulted,6 wickets,2,13914529,Neuro strikers,48,0,4,4.0,0,12.0,0,0,0,0,0.0,0,0,0,0,50368913,Rudraksh,13914529,Neuro strikers,13914721,Outliers,19,0,,1,2,,,,,2.0,0,0,9,3,0,9.5,,,,,,,,,,,,,,CricHeroes scorecard v2
1054,BOWLING,3,26285487,2141686,JCC Season 3,Limited Overs,2026-07-24,Heera Box Cricket,Jaipur,7,13914721,Outliers,13914529,Neuro strikers,Neuro strikers,Resulted,6 wickets,2,13914529,Neuro strikers,48,0,4,4.0,0,12.0,0,0,0,0,0.0,0,0,0,0,52957809,Siddharth Rao Jcc,13914529,Neuro strikers,13914721,Outliers,5,0,,1,0,,,,,1.0,0,0,5,1,0,5.0,,,,,,,,,,,,,,CricHeroes scorecard v2
1055,BOWLING,3,26285487,2141686,JCC Season 3,Limited Overs,2026-07-24,Heera Box Cricket,Jaipur,7,13914721,Outliers,13914529,Neuro strikers,Neuro strikers,Resulted,6 wickets,2,13914529,Neuro strikers,48,0,4,4.0,0,12.0,0,0,0,0,0.0,0,0,0,0,21015521,Satvik Todwal,13914529,Neuro strikers,13914721,Outliers,24,0,,3,2,,,,,1.0,0,0,1,0,0,24.0,,,,,,,,,,,,,,CricHeroes scorecard v2
1056,EXTRA,2,26175565,2092140,JCC Box Cricket League,Box Cricket,2026-07-17,Turf8teen10,Jaipur,7,13914529,Neuro strikers,13914777,Mavericks,Neuro strikers,Resulted,26 runs,1,13914529,Neuro strikers,59,4,3,7.0,0,8.43,0,0,0,0,0.0,0,0,0,0,,,,,,,,,,,,,,,,,,,,,,,3,(wd 3),1,WD,3,0,,,,,,,,CricHeroes scorecard v2
1057,EXTRA,2,26175565,2092140,JCC Box Cricket League,Box Cricket,2026-07-17,Turf8teen10,Jaipur,7,13914529,Neuro strikers,13914777,Mavericks,Neuro strikers,Resulted,26 runs,2,13914777,Mavericks,33,5,4,7.0,0,4.71,0,0,0,0,0.0,0,0,0,0,,,,,,,,,,,,,,,,,,,,,,,4,"(wd 3, nb 1)",1,WD,3,0,,,,,,,,CricHeroes scorecard v2
1058,EXTRA,2,26175565,2092140,JCC Box Cricket League,Box Cricket,2026-07-17,Turf8teen10,Jaipur,7,13914529,Neuro strikers,13914777,Mavericks,Neuro strikers,Resulted,26 runs,2,13914777,Mavericks,33,5,4,7.0,0,4.71,0,0,0,0,0.0,0,0,0,0,,,,,,,,,,,,,,,,,,,,,,,4,"(wd 3, nb 1)",2,NB,1,0,,,,,,,,CricHeroes scorecard v2
1059,EXTRA,2,26158057,2092140,JCC Box Cricket League,Box Cricket,2026-07-17,Heera Box Cricket,Jaipur,7,13914721,Outliers,13914529,Neuro strikers,Neuro strikers,Resulted,6 wickets,1,13914721,Outliers,51,3,7,7.0,0,7.29,0,0,0,0,0.0,0,0,0,0,,,,,,,,,,,,,,,,,,,,,,,7,(wd 7),1,WD,7,0,,,,,,,,CricHeroes scorecard v2
1060,EXTRA,2,26158057,2092140,JCC Box Cricket League,Box Cricket,2026-07-17,Heera Box Cricket,Jaipur,7,13914721,Outliers,13914529,Neuro strikers,Neuro strikers,Resulted,6 wickets,2,13914529,Neuro strikers,52,1,7,6.3,0,8.0,0,0,0,0,0.0,0,0,0,0,,,,,,,,,,,,,,,,,,,,,,,7,"(wd 5, nb 2)",1,WD,5,0,,,,,,,,CricHeroes scorecard v2
1061,EXTRA,2,26158057,2092140,JCC Box Cricket League,Box Cricket,2026-07-17,Heera Box Cricket,Jaipur,7,13914721,Outliers,13914529,Neuro strikers,Neuro strikers,Resulted,6 wickets,2,13914529,Neuro strikers,52,1,7,6.3,0,8.0,0,0,0,0,0.0,0,0,0,0,,,,,,,,,,,,,,,,,,,,,,,7,"(wd 5, nb 2)",2,NB,2,0,,,,,,,,CricHeroes scorecard v2
1062,EXTRA,2,26158010,2092140,JCC Box Cricket League,Box Cricket,2026-07-17,Heera Box Cricket,Jaipur,7,13914777,Mavericks,13914721,Outliers,Mavericks,Resulted,20 runs,1,13914777,Mavericks,50,5,10,7.0,0,7.14,0,0,0,0,0.0,0,0,0,0,,,,,,,,,,,,,,,,,,,,,,,10,"(wd 9, nb 1)",1,WD,9,0,,,,,,,,CricHeroes scorecard v2
1063,EXTRA,2,26158010,2092140,JCC Box Cricket League,Box Cricket,2026-07-17,Heera Box Cricket,Jaipur,7,13914777,Mavericks,13914721,Outliers,Mavericks,Resulted,20 runs,1,13914777,Mavericks,50,5,10,7.0,0,7.14,0,0,0,0,0.0,0,0,0,0,,,,,,,,,,,,,,,,,,,,,,,10,"(wd 9, nb 1)",2,NB,1,0,,,,,,,,CricHeroes scorecard v2
1064,EXTRA,2,26158010,2092140,JCC Box Cricket League,Box Cricket,2026-07-17,Heera Box Cricket,Jaipur,7,13914777,Mavericks,13914721,Outliers,Mavericks,Resulted,20 runs,2,13914721,Outliers,30,4,2,7.0,0,4.29,0,0,0,0,0.0,0,0,0,0,,,,,,,,,,,,,,,,,,,,,,,2,(wd 2),1,WD,2,0,,,,,,,,CricHeroes scorecard v2
1065,EXTRA,2,26158038,2092140,JCC Box Cricket League,Box Cricket,2026-07-17,Heera Box Cricket,Jaipur,7,13914777,Mavericks,13914529,Neuro strikers,Neuro strikers,Resulted,7 wickets,1,13914777,Mavericks,46,2,2,7.0,0,6.57,0,0,0,0,0.0,0,0,0,0,,,,,,,,,,,,,,,,,,,,,,,2,(wd 2),1,WD,2,0,,,,,,,,CricHeroes scorecard v2
1066,EXTRA,2,26158038,2092140,JCC Box Cricket League,Box Cricket,2026-07-17,Heera Box Cricket,Jaipur,7,13914777,Mavericks,13914529,Neuro strikers,Neuro strikers,Resulted,7 wickets,2,13914529,Neuro strikers,50,0,0,5.0,0,10.0,0,0,0,0,0.0,0,0,0,0,,,,,,,,,,,,,,,,,,,,,,,0,,,,,,,,,,,,,CricHeroes scorecard v2
1067,EXTRA,2,26088240,2092140,JCC Box Cricket League,Box Cricket,2026-07-12,Turf8teen10,Jaipur,7,13914529,Neuro strikers,13914777,Mavericks,Mavericks,Resulted,6 wickets,1,13914529,Neuro strikers,32,4,6,7.0,0,4.57,0,0,0,0,0.0,0,0,0,0,,,,,,,,,,,,,,,,,,,,,,,6,(wd 6),1,WD,6,0,,,,,,,,CricHeroes scorecard v2
1068,EXTRA,2,26088240,2092140,JCC Box Cricket League,Box Cricket,2026-07-12,Turf8teen10,Jaipur,7,13914529,Neuro strikers,13914777,Mavericks,Mavericks,Resulted,6 wickets,2,13914777,Mavericks,33,1,2,5.4,0,5.82,0,0,0,0,0.0,0,0,0,0,,,,,,,,,,,,,,,,,,,,,,,2,(wd 2),1,WD,2,0,,,,,,,,CricHeroes scorecard v2
1069,EXTRA,2,26085797,2092140,JCC Box Cricket League,Box Cricket,2026-07-12,Turf8teen10,Jaipur,7,13914721,Outliers,13914529,Neuro strikers,Neuro strikers,Resulted,5 wickets,1,13914721,Outliers,84,4,5,7.0,0,12.0,0,0,0,0,0.0,0,0,0,0,,,,,,,,,,,,,,,,,,,,,,,5,"(wd 4, nb 1)",1,WD,4,0,,,,,,,,CricHeroes scorecard v2
1070,EXTRA,2,26085797,2092140,JCC Box Cricket League,Box Cricket,2026-07-12,Turf8teen10,Jaipur,7,13914721,Outliers,13914529,Neuro strikers,Neuro strikers,Resulted,5 wickets,1,13914721,Outliers,84,4,5,7.0,0,12.0,0,0,0,0,0.0,0,0,0,0,,,,,,,,,,,,,,,,,,,,,,,5,"(wd 4, nb 1)",2,NB,1,0,,,,,,,,CricHeroes scorecard v2
1071,EXTRA,2,26085797,2092140,JCC Box Cricket League,Box Cricket,2026-07-12,Turf8teen10,Jaipur,7,13914721,Outliers,13914529,Neuro strikers,Neuro strikers,Resulted,5 wickets,2,13914529,Neuro strikers,90,2,9,6.4,0,13.5,0,0,0,0,0.0,0,0,0,0,,,,,,,,,,,,,,,,,,,,,,,9,"(wd 8, nb 1)",1,WD,8,0,,,,,,,,CricHeroes scorecard v2
1072,EXTRA,2,26085797,2092140,JCC Box Cricket League,Box Cricket,2026-07-12,Turf8teen10,Jaipur,7,13914721,Outliers,13914529,Neuro strikers,Neuro strikers,Resulted,5 wickets,2,13914529,Neuro strikers,90,2,9,6.4,0,13.5,0,0,0,0,0.0,0,0,0,0,,,,,,,,,,,,,,,,,,,,,,,9,"(wd 8, nb 1)",2,NB,1,0,,,,,,,,CricHeroes scorecard v2
1073,EXTRA,2,26083705,2092140,JCC Box Cricket League,Box Cricket,2026-07-12,Turf8teen10,Jaipur,7,13914777,Mavericks,13914721,Outliers,Mavericks,Resulted,33 runs,1,13914777,Mavericks,81,2,4,7.0,0,11.57,0,0,0,0,0.0,0,0,0,0,,,,,,,,,,,,,,,,,,,,,,,4,"(wd 3, nb 1)",1,WD,3,0,,,,,,,,CricHeroes scorecard v2
1074,EXTRA,2,26083705,2092140,JCC Box Cricket League,Box Cricket,2026-07-12,Turf8teen10,Jaipur,7,13914777,Mavericks,13914721,Outliers,Mavericks,Resulted,33 runs,1,13914777,Mavericks,81,2,4,7.0,0,11.57,0,0,0,0,0.0,0,0,0,0,,,,,,,,,,,,,,,,,,,,,,,4,"(wd 3, nb 1)",2,NB,1,0,,,,,,,,CricHeroes scorecard v2
1075,EXTRA,2,26083705,2092140,JCC Box Cricket League,Box Cricket,2026-07-12,Turf8teen10,Jaipur,7,13914777,Mavericks,13914721,Outliers,Mavericks,Resulted,33 runs,2,13914721,Outliers,48,1,2,7.0,0,6.86,0,0,0,0,0.0,0,0,0,0,,,,,,,,,,,,,,,,,,,,,,,2,(wd 2),1,WD,2,0,,,,,,,,CricHeroes scorecard v2
1076,EXTRA,2,25936004,2092140,JCC Box Cricket League,Box Cricket,2026-07-03,Turf8teen10,Jaipur,7,13914529,Neuro strikers,13914721,Outliers,Neuro strikers,Resulted,37 runs,1,13914529,Neuro strikers,71,3,11,7.0,0,10.14,0,0,0,0,0.0,0,0,0,0,,,,,,,,,,,,,,,,,,,,,,,11,"(nb 3, wd 8)",2,NB,3,0,,,,,,,,CricHeroes scorecard v2
1077,EXTRA,2,25936004,2092140,JCC Box Cricket League,Box Cricket,2026-07-03,Turf8teen10,Jaipur,7,13914529,Neuro strikers,13914721,Outliers,Neuro strikers,Resulted,37 runs,1,13914529,Neuro strikers,71,3,11,7.0,0,10.14,0,0,0,0,0.0,0,0,0,0,,,,,,,,,,,,,,,,,,,,,,,11,"(nb 3, wd 8)",1,WD,8,0,,,,,,,,CricHeroes scorecard v2
1078,EXTRA,2,25936004,2092140,JCC Box Cricket League,Box Cricket,2026-07-03,Turf8teen10,Jaipur,7,13914529,Neuro strikers,13914721,Outliers,Neuro strikers,Resulted,37 runs,2,13914721,Outliers,34,4,4,7.0,0,4.86,0,0,0,0,0.0,0,0,0,0,,,,,,,,,,,,,,,,,,,,,,,4,"(nb 1, wd 3)",2,NB,1,0,,,,,,,,CricHeroes scorecard v2
1079,EXTRA,2,25936004,2092140,JCC Box Cricket League,Box Cricket,2026-07-03,Turf8teen10,Jaipur,7,13914529,Neuro strikers,13914721,Outliers,Neuro strikers,Resulted,37 runs,2,13914721,Outliers,34,4,4,7.0,0,4.86,0,0,0,0,0.0,0,0,0,0,,,,,,,,,,,,,,,,,,,,,,,4,"(nb 1, wd 3)",1,WD,3,0,,,,,,,,CricHeroes scorecard v2
1080,EXTRA,2,25935138,2092140,JCC Box Cricket League,Box Cricket,2026-07-03,Turf8teen10,Jaipur,7,13914777,Mavericks,13914721,Outliers,Outliers,Resulted,1 wicket,1,13914777,Mavericks,50,3,3,7.0,0,7.14,0,0,0,0,0.0,0,0,0,0,,,,,,,,,,,,,,,,,,,,,,,3,(wd 3),1,WD,3,0,,,,,,,,CricHeroes scorecard v2
1081,EXTRA,2,25935138,2092140,JCC Box Cricket League,Box Cricket,2026-07-03,Turf8teen10,Jaipur,7,13914777,Mavericks,13914721,Outliers,Outliers,Resulted,1 wicket,2,13914721,Outliers,54,6,9,5.5,0,9.26,0,0,0,0,0.0,0,0,0,0,,,,,,,,,,,,,,,,,,,,,,,9,"(wd 7, nb 2)",1,WD,7,0,,,,,,,,CricHeroes scorecard v2
1082,EXTRA,2,25935138,2092140,JCC Box Cricket League,Box Cricket,2026-07-03,Turf8teen10,Jaipur,7,13914777,Mavericks,13914721,Outliers,Outliers,Resulted,1 wicket,2,13914721,Outliers,54,6,9,5.5,0,9.26,0,0,0,0,0.0,0,0,0,0,,,,,,,,,,,,,,,,,,,,,,,9,"(wd 7, nb 2)",2,NB,2,0,,,,,,,,CricHeroes scorecard v2
1083,EXTRA,2,25934291,2092140,JCC Box Cricket League,Box Cricket,2026-07-03,Turf8teen10,Jaipur,7,13914777,Mavericks,13914529,Neuro strikers,Neuro strikers,Resulted,6 wickets,1,13914777,Mavericks,53,8,9,7.0,0,7.57,0,0,0,0,0.0,0,0,0,0,,,,,,,,,,,,,,,,,,,,,,,9,(wd 9),1,WD,9,0,,,,,,,,CricHeroes scorecard v2
1084,EXTRA,2,25934291,2092140,JCC Box Cricket League,Box Cricket,2026-07-03,Turf8teen10,Jaipur,7,13914777,Mavericks,13914529,Neuro strikers,Neuro strikers,Resulted,6 wickets,2,13914529,Neuro strikers,54,1,6,5.2,0,10.13,0,0,0,0,0.0,0,0,0,0,,,,,,,,,,,,,,,,,,,,,,,6,"(nb 2, wd 4)",2,NB,2,0,,,,,,,,CricHeroes scorecard v2
1085,EXTRA,2,25934291,2092140,JCC Box Cricket League,Box Cricket,2026-07-03,Turf8teen10,Jaipur,7,13914777,Mavericks,13914529,Neuro strikers,Neuro strikers,Resulted,6 wickets,2,13914529,Neuro strikers,54,1,6,5.2,0,10.13,0,0,0,0,0.0,0,0,0,0,,,,,,,,,,,,,,,,,,,,,,,6,"(nb 2, wd 4)",1,WD,4,0,,,,,,,,CricHeroes scorecard v2
1086,EXTRA,2,25791542,2092140,JCC Box Cricket League,Box Cricket,2026-06-26,Turf8teen10,Jaipur,10,13914529,Neuro strikers,13914777,Mavericks,Mavericks,Resulted,7 wickets,1,13914529,Neuro strikers,86,5,3,10.0,0,8.6,0,0,0,0,0.0,0,0,0,0,,,,,,,,,,,,,,,,,,,,,,,3,(wd 3),1,WD,3,0,,,,,,,,CricHeroes scorecard v2
1087,EXTRA,2,25791542,2092140,JCC Box Cricket League,Box Cricket,2026-06-26,Turf8teen10,Jaipur,10,13914529,Neuro strikers,13914777,Mavericks,Mavericks,Resulted,7 wickets,2,13914777,Mavericks,92,1,7,8.2,0,11.04,0,0,0,0,0.0,0,0,0,0,,,,,,,,,,,,,,,,,,,,,,,7,(wd 7),1,WD,7,0,,,,,,,,CricHeroes scorecard v2
1088,EXTRA,2,25791580,2092140,JCC Box Cricket League,Box Cricket,2026-06-26,Turf8teen10,Jaipur,10,13914529,Neuro strikers,13914721,Outliers,Outliers,Resulted,7 wickets,1,13914529,Neuro strikers,61,3,7,10.0,0,6.1,0,0,0,0,0.0,0,0,0,0,,,,,,,,,,,,,,,,,,,,,,,7,"(nb 1, wd 6)",2,NB,1,0,,,,,,,,CricHeroes scorecard v2
1089,EXTRA,2,25791580,2092140,JCC Box Cricket League,Box Cricket,2026-06-26,Turf8teen10,Jaipur,10,13914529,Neuro strikers,13914721,Outliers,Outliers,Resulted,7 wickets,1,13914529,Neuro strikers,61,3,7,10.0,0,6.1,0,0,0,0,0.0,0,0,0,0,,,,,,,,,,,,,,,,,,,,,,,7,"(nb 1, wd 6)",1,WD,6,0,,,,,,,,CricHeroes scorecard v2
1090,EXTRA,2,25791580,2092140,JCC Box Cricket League,Box Cricket,2026-06-26,Turf8teen10,Jaipur,10,13914529,Neuro strikers,13914721,Outliers,Outliers,Resulted,7 wickets,2,13914721,Outliers,63,2,1,5.4,0,11.12,0,0,0,0,0.0,0,0,0,0,,,,,,,,,,,,,,,,,,,,,,,1,(wd 1),1,WD,1,0,,,,,,,,CricHeroes scorecard v2
1091,EXTRA,2,25791561,2092140,JCC Box Cricket League,Box Cricket,2026-06-26,Turf8teen10,Jaipur,10,13914721,Outliers,13914777,Mavericks,Mavericks,Resulted,4 wickets,1,13914721,Outliers,64,3,6,10.0,0,6.4,0,0,0,0,0.0,0,0,0,0,,,,,,,,,,,,,,,,,,,,,,,6,"(wd 4, nb 2)",1,WD,4,0,,,,,,,,CricHeroes scorecard v2
1092,EXTRA,2,25791561,2092140,JCC Box Cricket League,Box Cricket,2026-06-26,Turf8teen10,Jaipur,10,13914721,Outliers,13914777,Mavericks,Mavericks,Resulted,4 wickets,1,13914721,Outliers,64,3,6,10.0,0,6.4,0,0,0,0,0.0,0,0,0,0,,,,,,,,,,,,,,,,,,,,,,,6,"(wd 4, nb 2)",2,NB,2,0,,,,,,,,CricHeroes scorecard v2
1093,EXTRA,2,25791561,2092140,JCC Box Cricket League,Box Cricket,2026-06-26,Turf8teen10,Jaipur,10,13914721,Outliers,13914777,Mavericks,Mavericks,Resulted,4 wickets,2,13914777,Mavericks,69,4,1,6.1,0,11.19,0,0,0,0,0.0,0,0,0,0,,,,,,,,,,,,,,,,,,,,,,,1,(wd 1),1,WD,1,0,,,,,,,,CricHeroes scorecard v2
1094,EXTRA,2,25625341,2092140,JCC Box Cricket League,Box Cricket,2026-06-19,Turf8teen10,Jaipur,7,13914777,Mavericks,13914721,Outliers,Outliers,Resulted,4 wickets,1,13914777,Mavericks,57,5,5,7.0,0,8.14,0,0,0,0,0.0,0,0,0,0,,,,,,,,,,,,,,,,,,,,,,,5,"(wd 4, nb 1)",1,WD,4,0,,,,,,,,CricHeroes scorecard v2
1095,EXTRA,2,25625341,2092140,JCC Box Cricket League,Box Cricket,2026-06-19,Turf8teen10,Jaipur,7,13914777,Mavericks,13914721,Outliers,Outliers,Resulted,4 wickets,1,13914777,Mavericks,57,5,5,7.0,0,8.14,0,0,0,0,0.0,0,0,0,0,,,,,,,,,,,,,,,,,,,,,,,5,"(wd 4, nb 1)",2,NB,1,0,,,,,,,,CricHeroes scorecard v2
1096,EXTRA,2,25625341,2092140,JCC Box Cricket League,Box Cricket,2026-06-19,Turf8teen10,Jaipur,7,13914777,Mavericks,13914721,Outliers,Outliers,Resulted,4 wickets,2,13914721,Outliers,59,2,5,5.1,0,11.42,0,0,0,0,0.0,0,0,0,0,,,,,,,,,,,,,,,,,,,,,,,5,"(wd 3, nb 2)",1,WD,3,0,,,,,,,,CricHeroes scorecard v2
1097,EXTRA,2,25625341,2092140,JCC Box Cricket League,Box Cricket,2026-06-19,Turf8teen10,Jaipur,7,13914777,Mavericks,13914721,Outliers,Outliers,Resulted,4 wickets,2,13914721,Outliers,59,2,5,5.1,0,11.42,0,0,0,0,0.0,0,0,0,0,,,,,,,,,,,,,,,,,,,,,,,5,"(wd 3, nb 2)",2,NB,2,0,,,,,,,,CricHeroes scorecard v2
1098,EXTRA,2,25625328,2092140,JCC Box Cricket League,Box Cricket,2026-06-19,Turf8teen10,Jaipur,7,13914529,Neuro strikers,13914721,Outliers,Outliers,Resulted,4 wickets,1,13914529,Neuro strikers,74,1,5,7.0,0,10.57,0,0,0,0,0.0,0,0,0,0,,,,,,,,,,,,,,,,,,,,,,,5,(wd 5),1,WD,5,0,,,,,,,,CricHeroes scorecard v2
1099,EXTRA,2,25625328,2092140,JCC Box Cricket League,Box Cricket,2026-06-19,Turf8teen10,Jaipur,7,13914529,Neuro strikers,13914721,Outliers,Outliers,Resulted,4 wickets,2,13914721,Outliers,78,2,8,6.3,0,12.0,0,0,0,0,0.0,0,0,0,0,,,,,,,,,,,,,,,,,,,,,,,8,(wd 8),1,WD,8,0,,,,,,,,CricHeroes scorecard v2
1100,EXTRA,2,25625285,2092140,JCC Box Cricket League,Box Cricket,2026-06-19,Turf8teen10,Jaipur,7,13914777,Mavericks,13914529,Neuro strikers,Mavericks,Resulted,24 runs,1,13914777,Mavericks,69,3,3,7.0,0,9.86,0,0,0,0,0.0,0,0,0,0,,,,,,,,,,,,,,,,,,,,,,,3,(wd 3),1,WD,3,0,,,,,,,,CricHeroes scorecard v2
1101,EXTRA,2,25625285,2092140,JCC Box Cricket League,Box Cricket,2026-06-19,Turf8teen10,Jaipur,7,13914777,Mavericks,13914529,Neuro strikers,Mavericks,Resulted,24 runs,2,13914529,Neuro strikers,45,2,3,7.0,0,6.43,0,0,0,0,0.0,0,0,0,0,,,,,,,,,,,,,,,,,,,,,,,3,(wd 3),1,WD,3,0,,,,,,,,CricHeroes scorecard v2
1102,EXTRA,2,25517051,2092140,JCC Box Cricket League,Box Cricket,2026-06-14,Turf8teen10,Jaipur,7,13914529,Neuro strikers,13914777,Mavericks,Neuro strikers,Resulted,42 runs,1,13914529,Neuro strikers,110,1,4,7.0,0,15.71,0,0,0,0,0.0,0,0,0,0,,,,,,,,,,,,,,,,,,,,,,,4,(wd 4),1,WD,4,0,,,,,,,,CricHeroes scorecard v2
1103,EXTRA,2,25517051,2092140,JCC Box Cricket League,Box Cricket,2026-06-14,Turf8teen10,Jaipur,7,13914529,Neuro strikers,13914777,Mavericks,Neuro strikers,Resulted,42 runs,2,13914777,Mavericks,68,2,5,7.0,0,9.71,0,0,0,0,0.0,0,0,0,0,,,,,,,,,,,,,,,,,,,,,,,5,(wd 5),1,WD,5,0,,,,,,,,CricHeroes scorecard v2
1104,EXTRA,2,25499868,2092140,JCC Box Cricket League,Box Cricket,2026-06-14,Turf8teen10,Jaipur,7,13914777,Mavericks,13914721,Outliers,,Tie,Tie,1,13914777,Mavericks,78,5,4,7.0,0,11.14,0,0,0,0,0.0,0,0,0,0,,,,,,,,,,,,,,,,,,,,,,,4,(wd 4),1,WD,4,0,,,,,,,,CricHeroes scorecard v2
1105,EXTRA,2,25499868,2092140,JCC Box Cricket League,Box Cricket,2026-06-14,Turf8teen10,Jaipur,7,13914777,Mavericks,13914721,Outliers,,Tie,Tie,2,13914721,Outliers,78,2,9,7.0,0,11.14,0,0,0,0,0.0,0,0,0,0,,,,,,,,,,,,,,,,,,,,,,,9,(wd 9),1,WD,9,0,,,,,,,,CricHeroes scorecard v2
1106,EXTRA,2,25499900,2092140,JCC Box Cricket League,Box Cricket,2026-06-14,Turf8teen10,Jaipur,7,13914529,Neuro strikers,13914721,Outliers,Neuro strikers,Resulted,23 runs,1,13914529,Neuro strikers,74,2,3,7.0,0,10.57,0,0,0,0,0.0,0,0,0,0,,,,,,,,,,,,,,,,,,,,,,,3,(wd 3),1,WD,3,0,,,,,,,,CricHeroes scorecard v2
1107,EXTRA,2,25499900,2092140,JCC Box Cricket League,Box Cricket,2026-06-14,Turf8teen10,Jaipur,7,13914529,Neuro strikers,13914721,Outliers,Neuro strikers,Resulted,23 runs,2,13914721,Outliers,51,5,8,7.0,0,7.29,0,0,0,0,0.0,0,0,0,0,,,,,,,,,,,,,,,,,,,,,,,8,"(nb 2, wd 6)",2,NB,2,0,,,,,,,,CricHeroes scorecard v2
1108,EXTRA,2,25499900,2092140,JCC Box Cricket League,Box Cricket,2026-06-14,Turf8teen10,Jaipur,7,13914529,Neuro strikers,13914721,Outliers,Neuro strikers,Resulted,23 runs,2,13914721,Outliers,51,5,8,7.0,0,7.29,0,0,0,0,0.0,0,0,0,0,,,,,,,,,,,,,,,,,,,,,,,8,"(nb 2, wd 6)",1,WD,6,0,,,,,,,,CricHeroes scorecard v2
1109,EXTRA,2,25499848,2092140,JCC Box Cricket League,Box Cricket,2026-06-14,Turf8teen10,Jaipur,7,13914777,Mavericks,13914529,Neuro strikers,Mavericks,Resulted,36 runs,1,13914777,Mavericks,82,0,11,7.0,0,11.71,0,0,0,0,0.0,0,0,0,0,,,,,,,,,,,,,,,,,,,,,,,11,(wd 11),1,WD,11,0,,,,,,,,CricHeroes scorecard v2
1110,EXTRA,2,25499848,2092140,JCC Box Cricket League,Box Cricket,2026-06-14,Turf8teen10,Jaipur,7,13914777,Mavericks,13914529,Neuro strikers,Mavericks,Resulted,36 runs,2,13914529,Neuro strikers,46,3,5,7.0,0,6.57,0,0,0,0,0.0,0,0,0,0,,,,,,,,,,,,,,,,,,,,,,,5,(wd 5),1,WD,5,0,,,,,,,,CricHeroes scorecard v2
1111,EXTRA,3,27439735,2141686,JCC Season 3,Box Cricket,2026-10-02,Kodai Box Cricket,Jaipur,7,13914721,Outliers,13914777,Mavericks,Outliers,resulted,7 runs,1,13914721,Outliers,55,2,4,7.0,0,7.86,0,0,0,0,0.0,0,0,0,0,,,,,,,,,,,,,,,,,,,,,,,4,"(nb 1, wd 3)",2,NB,1,0,,,,,,,,CricHeroes scorecard v2
1112,EXTRA,3,27439735,2141686,JCC Season 3,Box Cricket,2026-10-02,Kodai Box Cricket,Jaipur,7,13914721,Outliers,13914777,Mavericks,Outliers,resulted,7 runs,1,13914721,Outliers,55,2,4,7.0,0,7.86,0,0,0,0,0.0,0,0,0,0,,,,,,,,,,,,,,,,,,,,,,,4,"(nb 1, wd 3)",1,WD,3,0,,,,,,,,CricHeroes scorecard v2
1113,EXTRA,3,27439735,2141686,JCC Season 3,Box Cricket,2026-10-02,Kodai Box Cricket,Jaipur,7,13914721,Outliers,13914777,Mavericks,Outliers,resulted,7 runs,2,13914777,Mavericks,48,4,2,7.0,0,6.86,0,0,0,0,0.0,0,0,0,0,,,,,,,,,,,,,,,,,,,,,,,2,"(wd 1, nb 1)",1,WD,1,0,,,,,,,,CricHeroes scorecard v2
1114,EXTRA,3,27439735,2141686,JCC Season 3,Box Cricket,2026-10-02,Kodai Box Cricket,Jaipur,7,13914721,Outliers,13914777,Mavericks,Outliers,resulted,7 runs,2,13914777,Mavericks,48,4,2,7.0,0,6.86,0,0,0,0,0.0,0,0,0,0,,,,,,,,,,,,,,,,,,,,,,,2,"(wd 1, nb 1)",2,NB,1,0,,,,,,,,CricHeroes scorecard v2
1115,EXTRA,3,27438765,2141686,JCC Season 3,Box Cricket,2026-10-02,Kodai Box Cricket,Jaipur,7,14263394,VIKINGS,13914529,Neuro strikers,VIKINGS,resulted,10 runs,1,14263394,VIKINGS,69,2,8,7.0,0,9.86,0,0,0,0,0.0,0,0,0,0,,,,,,,,,,,,,,,,,,,,,,,8,"(wd 7, nb 1)",1,WD,7,0,,,,,,,,CricHeroes scorecard v2
1116,EXTRA,3,27438765,2141686,JCC Season 3,Box Cricket,2026-10-02,Kodai Box Cricket,Jaipur,7,14263394,VIKINGS,13914529,Neuro strikers,VIKINGS,resulted,10 runs,1,14263394,VIKINGS,69,2,8,7.0,0,9.86,0,0,0,0,0.0,0,0,0,0,,,,,,,,,,,,,,,,,,,,,,,8,"(wd 7, nb 1)",2,NB,1,0,,,,,,,,CricHeroes scorecard v2
1117,EXTRA,3,27438765,2141686,JCC Season 3,Box Cricket,2026-10-02,Kodai Box Cricket,Jaipur,7,14263394,VIKINGS,13914529,Neuro strikers,VIKINGS,resulted,10 runs,2,13914529,Neuro strikers,59,1,2,7.0,0,8.43,0,0,0,0,0.0,0,0,0,0,,,,,,,,,,,,,,,,,,,,,,,2,(wd 2),1,WD,2,0,,,,,,,,CricHeroes scorecard v2
1118,EXTRA,3,27437864,2141686,JCC Season 3,Box Cricket,2026-10-02,Kodai Box Cricket,Jaipur,7,13914777,Mavericks,14263394,VIKINGS,VIKINGS,resulted,7 wickets,1,13914777,Mavericks,48,3,5,7.0,0,6.86,0,0,0,0,0.0,0,0,0,0,,,,,,,,,,,,,,,,,,,,,,,5,"(wd 2, nb 3)",1,WD,2,0,,,,,,,,CricHeroes scorecard v2
1119,EXTRA,3,27437864,2141686,JCC Season 3,Box Cricket,2026-10-02,Kodai Box Cricket,Jaipur,7,13914777,Mavericks,14263394,VIKINGS,VIKINGS,resulted,7 wickets,1,13914777,Mavericks,48,3,5,7.0,0,6.86,0,0,0,0,0.0,0,0,0,0,,,,,,,,,,,,,,,,,,,,,,,5,"(wd 2, nb 3)",2,NB,3,0,,,,,,,,CricHeroes scorecard v2
1120,EXTRA,3,27437864,2141686,JCC Season 3,Box Cricket,2026-10-02,Kodai Box Cricket,Jaipur,7,13914777,Mavericks,14263394,VIKINGS,VIKINGS,resulted,7 wickets,2,14263394,VIKINGS,49,1,5,4.1,0,11.76,0,0,0,0,0.0,0,0,0,0,,,,,,,,,,,,,,,,,,,,,,,5,(wd 5),1,WD,5,0,,,,,,,,CricHeroes scorecard v2
1121,EXTRA,3,27436899,2141686,JCC Season 3,Box Cricket,2026-10-02,Kodai Box Cricket,Jaipur,7,13914721,Outliers,13914529,Neuro strikers,Neuro strikers,resulted,5 wickets,1,13914721,Outliers,53,3,4,7.0,0,7.57,0,0,0,0,0.0,0,0,0,0,,,,,,,,,,,,,,,,,,,,,,,4,(wd 4),1,WD,4,0,,,,,,,,CricHeroes scorecard v2
1122,EXTRA,3,27436899,2141686,JCC Season 3,Box Cricket,2026-10-02,Kodai Box Cricket,Jaipur,7,13914721,Outliers,13914529,Neuro strikers,Neuro strikers,resulted,5 wickets,2,13914529,Neuro strikers,56,0,4,5.3,0,10.18,0,0,0,0,0.0,0,0,0,0,,,,,,,,,,,,,,,,,,,,,,,4,(wd 4),1,WD,4,0,,,,,,,,CricHeroes scorecard v2
1123,EXTRA,3,27302684,2141686,JCC Season 3,Limited Overs,2026-09-25,Box Cricket Kodai,Jaipur,7,13914777,Mavericks,13914529,Neuro strikers,Neuro strikers,resulted,3 wickets,1,13914777,Mavericks,29,4,0,7.0,0,4.14,0,0,0,0,0.0,0,0,0,0,,,,,,,,,,,,,,,,,,,,,,,0,,,,,,,,,,,,,CricHeroes scorecard v2
1124,EXTRA,3,27302684,2141686,JCC Season 3,Limited Overs,2026-09-25,Box Cricket Kodai,Jaipur,7,13914777,Mavericks,13914529,Neuro strikers,Neuro strikers,resulted,3 wickets,2,13914529,Neuro strikers,30,1,4,3.0,0,10.0,0,0,0,0,0.0,0,0,0,0,,,,,,,,,,,,,,,,,,,,,,,4,(wd 4),1,WD,4,0,,,,,,,,CricHeroes scorecard v2
1125,EXTRA,3,27301928,2141686,JCC Season 3,Limited Overs,2026-09-25,Kodai Box Cricket,Jaipur,7,13914721,Outliers,14263394,VIKINGS,VIKINGS,resulted,3 wickets,1,13914721,Outliers,39,5,6,7.0,0,5.57,0,0,0,0,0.0,0,0,0,0,,,,,,,,,,,,,,,,,,,,,,,6,"(wd 5, nb 1)",1,WD,5,0,,,,,,,,CricHeroes scorecard v2
1126,EXTRA,3,27301928,2141686,JCC Season 3,Limited Overs,2026-09-25,Kodai Box Cricket,Jaipur,7,13914721,Outliers,14263394,VIKINGS,VIKINGS,resulted,3 wickets,1,13914721,Outliers,39,5,6,7.0,0,5.57,0,0,0,0,0.0,0,0,0,0,,,,,,,,,,,,,,,,,,,,,,,6,"(wd 5, nb 1)",2,NB,1,0,,,,,,,,CricHeroes scorecard v2
1127,EXTRA,3,27301928,2141686,JCC Season 3,Limited Overs,2026-09-25,Kodai Box Cricket,Jaipur,7,13914721,Outliers,14263394,VIKINGS,VIKINGS,resulted,3 wickets,2,14263394,VIKINGS,40,2,6,4.4,0,8.57,0,0,0,0,0.0,0,0,0,0,,,,,,,,,,,,,,,,,,,,,,,6,"(wd 5, nb 1)",1,WD,5,0,,,,,,,,CricHeroes scorecard v2
1128,EXTRA,3,27301928,2141686,JCC Season 3,Limited Overs,2026-09-25,Kodai Box Cricket,Jaipur,7,13914721,Outliers,14263394,VIKINGS,VIKINGS,resulted,3 wickets,2,14263394,VIKINGS,40,2,6,4.4,0,8.57,0,0,0,0,0.0,0,0,0,0,,,,,,,,,,,,,,,,,,,,,,,6,"(wd 5, nb 1)",2,NB,1,0,,,,,,,,CricHeroes scorecard v2
1129,EXTRA,3,27301235,2141686,JCC Season 3,Limited Overs,2026-09-25,Kodai Box Cricket,Jaipur,7,13914529,Neuro strikers,13914721,Outliers,Outliers,resulted,5 wickets,1,13914529,Neuro strikers,23,5,7,7.0,0,3.29,0,0,0,0,0.0,0,0,0,0,,,,,,,,,,,,,,,,,,,,,,,7,"(wd 5, nb 2)",1,WD,5,0,,,,,,,,CricHeroes scorecard v2
1130,EXTRA,3,27301235,2141686,JCC Season 3,Limited Overs,2026-09-25,Kodai Box Cricket,Jaipur,7,13914529,Neuro strikers,13914721,Outliers,Outliers,resulted,5 wickets,1,13914529,Neuro strikers,23,5,7,7.0,0,3.29,0,0,0,0,0.0,0,0,0,0,,,,,,,,,,,,,,,,,,,,,,,7,"(wd 5, nb 2)",2,NB,2,0,,,,,,,,CricHeroes scorecard v2
1131,EXTRA,3,27301235,2141686,JCC Season 3,Limited Overs,2026-09-25,Kodai Box Cricket,Jaipur,7,13914529,Neuro strikers,13914721,Outliers,Outliers,resulted,5 wickets,2,13914721,Outliers,24,0,3,2.4,0,9.0,0,0,0,0,0.0,0,0,0,0,,,,,,,,,,,,,,,,,,,,,,,3,(wd 3),1,WD,3,0,,,,,,,,CricHeroes scorecard v2
1132,EXTRA,3,27300331,2141686,JCC Season 3,Limited Overs,2026-09-25,Box Cricket Kodai,Jaipur,7,13914777,Mavericks,14263394,VIKINGS,Mavericks,resulted,8 runs,1,13914777,Mavericks,38,3,3,7.0,0,5.43,0,0,0,0,0.0,0,0,0,0,,,,,,,,,,,,,,,,,,,,,,,3,(wd 3),1,WD,3,0,,,,,,,,CricHeroes scorecard v2
1133,EXTRA,3,27300331,2141686,JCC Season 3,Limited Overs,2026-09-25,Box Cricket Kodai,Jaipur,7,13914777,Mavericks,14263394,VIKINGS,Mavericks,resulted,8 runs,2,14263394,VIKINGS,30,4,5,7.0,0,4.29,0,0,0,0,0.0,0,0,0,0,,,,,,,,,,,,,,,,,,,,,,,5,"(nb 1, wd 4)",2,NB,1,0,,,,,,,,CricHeroes scorecard v2
1134,EXTRA,3,27300331,2141686,JCC Season 3,Limited Overs,2026-09-25,Box Cricket Kodai,Jaipur,7,13914777,Mavericks,14263394,VIKINGS,Mavericks,resulted,8 runs,2,14263394,VIKINGS,30,4,5,7.0,0,4.29,0,0,0,0,0.0,0,0,0,0,,,,,,,,,,,,,,,,,,,,,,,5,"(nb 1, wd 4)",1,WD,4,0,,,,,,,,CricHeroes scorecard v2
1135,EXTRA,3,27186480,2141686,JCC Season 3,Box Cricket,2026-09-18,Kodai Box Cricket,Jaipur,7,13914529,Neuro strikers,14263394,VIKINGS,Neuro strikers,resulted,40 runs,1,13914529,Neuro strikers,87,1,10,7.0,0,12.43,0,0,0,0,0.0,0,0,0,0,,,,,,,,,,,,,,,,,,,,,,,10,(wd 10),1,WD,10,0,,,,,,,,CricHeroes scorecard v2
1136,EXTRA,3,27186480,2141686,JCC Season 3,Box Cricket,2026-09-18,Kodai Box Cricket,Jaipur,7,13914529,Neuro strikers,14263394,VIKINGS,Neuro strikers,resulted,40 runs,2,14263394,VIKINGS,47,5,7,7.0,0,6.71,0,0,0,0,0.0,0,0,0,0,,,,,,,,,,,,,,,,,,,,,,,7,"(wd 6, nb 1)",1,WD,6,0,,,,,,,,CricHeroes scorecard v2
1137,EXTRA,3,27186480,2141686,JCC Season 3,Box Cricket,2026-09-18,Kodai Box Cricket,Jaipur,7,13914529,Neuro strikers,14263394,VIKINGS,Neuro strikers,resulted,40 runs,2,14263394,VIKINGS,47,5,7,7.0,0,6.71,0,0,0,0,0.0,0,0,0,0,,,,,,,,,,,,,,,,,,,,,,,7,"(wd 6, nb 1)",2,NB,1,0,,,,,,,,CricHeroes scorecard v2
1138,EXTRA,3,27185697,2141686,JCC Season 3,Box Cricket,2026-09-18,Kodai Box Cricket,Jaipur,7,13914721,Outliers,13914777,Mavericks,Mavericks,resulted,7 wickets,1,13914721,Outliers,47,4,5,7.0,0,6.71,0,0,0,0,0.0,0,0,0,0,,,,,,,,,,,,,,,,,,,,,,,5,(wd 5),1,WD,5,0,,,,,,,,CricHeroes scorecard v2
1139,EXTRA,3,27185697,2141686,JCC Season 3,Box Cricket,2026-09-18,Kodai Box Cricket,Jaipur,7,13914721,Outliers,13914777,Mavericks,Mavericks,resulted,7 wickets,2,13914777,Mavericks,48,0,1,6.3,0,7.38,0,0,0,0,0.0,0,0,0,0,,,,,,,,,,,,,,,,,,,,,,,1,(nb 1),2,NB,1,0,,,,,,,,CricHeroes scorecard v2
1140,EXTRA,3,27184789,2141686,JCC Season 3,Box Cricket,2026-09-18,Kodai Box Cricket,Jaipur,7,13914721,Outliers,14263394,VIKINGS,Outliers,resulted,5 runs,1,13914721,Outliers,35,3,7,7.0,0,5.0,0,0,0,0,0.0,0,0,0,0,,,,,,,,,,,,,,,,,,,,,,,7,"(wd 6, nb 1)",1,WD,6,0,,,,,,,,CricHeroes scorecard v2
1141,EXTRA,3,27184789,2141686,JCC Season 3,Box Cricket,2026-09-18,Kodai Box Cricket,Jaipur,7,13914721,Outliers,14263394,VIKINGS,Outliers,resulted,5 runs,1,13914721,Outliers,35,3,7,7.0,0,5.0,0,0,0,0,0.0,0,0,0,0,,,,,,,,,,,,,,,,,,,,,,,7,"(wd 6, nb 1)",2,NB,1,0,,,,,,,,CricHeroes scorecard v2
1142,EXTRA,3,27184789,2141686,JCC Season 3,Box Cricket,2026-09-18,Kodai Box Cricket,Jaipur,7,13914721,Outliers,14263394,VIKINGS,Outliers,resulted,5 runs,2,14263394,VIKINGS,30,4,3,7.0,0,4.29,0,0,0,0,0.0,0,0,0,0,,,,,,,,,,,,,,,,,,,,,,,3,(wd 3),1,WD,3,0,,,,,,,,CricHeroes scorecard v2
1143,EXTRA,3,27184046,2141686,JCC Season 3,Box Cricket,2026-09-18,Kodai Box Cricket,Jaipur,7,13914529,Neuro strikers,13914777,Mavericks,Neuro strikers,resulted,6 runs,1,13914529,Neuro strikers,34,5,6,7.0,0,4.86,0,0,0,0,0.0,0,0,0,0,,,,,,,,,,,,,,,,,,,,,,,6,(wd 6),1,WD,6,0,,,,,,,,CricHeroes scorecard v2
1144,EXTRA,3,27184046,2141686,JCC Season 3,Box Cricket,2026-09-18,Kodai Box Cricket,Jaipur,7,13914529,Neuro strikers,13914777,Mavericks,Neuro strikers,resulted,6 runs,2,13914777,Mavericks,28,3,0,7.0,0,4.0,0,0,0,0,0.0,0,0,0,0,,,,,,,,,,,,,,,,,,,,,,,0,,,,,,,,,,,,,CricHeroes scorecard v2
1145,EXTRA,3,27075175,2141686,JCC Season 3,Limited Overs,2026-09-11,Kodai Box Cricket 2,Jaipur,7,13914529,Neuro strikers,13914721,Outliers,Outliers,resulted,5 wickets,1,13914529,Neuro strikers,42,2,9,7.0,0,6.0,0,0,0,0,0.0,0,0,0,0,,,,,,,,,,,,,,,,,,,,,,,9,(wd 9),1,WD,9,0,,,,,,,,CricHeroes scorecard v2
1146,EXTRA,3,27075175,2141686,JCC Season 3,Limited Overs,2026-09-11,Kodai Box Cricket 2,Jaipur,7,13914529,Neuro strikers,13914721,Outliers,Outliers,resulted,5 wickets,2,13914721,Outliers,43,2,3,6.0,0,7.17,0,0,0,0,0.0,0,0,0,0,,,,,,,,,,,,,,,,,,,,,,,3,(wd 3),1,WD,3,0,,,,,,,,CricHeroes scorecard v2
1147,EXTRA,3,27074232,2141686,JCC Season 3,Limited Overs,2026-09-11,Box Cricket Kodai,Jaipur,7,13914529,Neuro strikers,14263394,VIKINGS,VIKINGS,resulted,4 wickets,1,13914529,Neuro strikers,65,4,10,7.0,0,9.29,0,0,0,0,0.0,0,0,0,0,,,,,,,,,,,,,,,,,,,,,,,10,"(wd 9, nb 1)",1,WD,9,0,,,,,,,,CricHeroes scorecard v2
1148,EXTRA,3,27074232,2141686,JCC Season 3,Limited Overs,2026-09-11,Box Cricket Kodai,Jaipur,7,13914529,Neuro strikers,14263394,VIKINGS,VIKINGS,resulted,4 wickets,1,13914529,Neuro strikers,65,4,10,7.0,0,9.29,0,0,0,0,0.0,0,0,0,0,,,,,,,,,,,,,,,,,,,,,,,10,"(wd 9, nb 1)",2,NB,1,0,,,,,,,,CricHeroes scorecard v2
1149,EXTRA,3,27074232,2141686,JCC Season 3,Limited Overs,2026-09-11,Box Cricket Kodai,Jaipur,7,13914529,Neuro strikers,14263394,VIKINGS,VIKINGS,resulted,4 wickets,2,14263394,VIKINGS,66,1,8,5.3,0,12.0,0,0,0,0,0.0,0,0,0,0,,,,,,,,,,,,,,,,,,,,,,,8,"(wd 7, nb 1)",1,WD,7,0,,,,,,,,CricHeroes scorecard v2
1150,EXTRA,3,27074232,2141686,JCC Season 3,Limited Overs,2026-09-11,Box Cricket Kodai,Jaipur,7,13914529,Neuro strikers,14263394,VIKINGS,VIKINGS,resulted,4 wickets,2,14263394,VIKINGS,66,1,8,5.3,0,12.0,0,0,0,0,0.0,0,0,0,0,,,,,,,,,,,,,,,,,,,,,,,8,"(wd 7, nb 1)",2,NB,1,0,,,,,,,,CricHeroes scorecard v2
1151,EXTRA,3,27051912,2141686,JCC Season 3,Box Cricket,2026-09-09,Kodai Box Cricket,Jaipur,7,14263394,VIKINGS,13914721,Outliers,Outliers,resulted,5 wickets,1,14263394,VIKINGS,48,2,2,7.0,0,6.86,0,0,0,0,0.0,0,0,0,0,,,,,,,,,,,,,,,,,,,,,,,2,(wd 2),1,WD,2,0,,,,,,,,CricHeroes scorecard v2
1152,EXTRA,3,27051912,2141686,JCC Season 3,Box Cricket,2026-09-09,Kodai Box Cricket,Jaipur,7,14263394,VIKINGS,13914721,Outliers,Outliers,resulted,5 wickets,2,13914721,Outliers,54,1,1,3.1,0,17.05,0,0,0,0,0.0,0,0,0,0,,,,,,,,,,,,,,,,,,,,,,,1,(wd 1),1,WD,1,0,,,,,,,,CricHeroes scorecard v2
1153,EXTRA,3,27051371,2141686,JCC Season 3,Box Cricket,2026-09-09,Kodai Box Cricket,Jaipur,7,13914777,Mavericks,13914529,Neuro strikers,Mavericks,resulted,21 runs,1,13914777,Mavericks,64,2,4,7.0,0,9.14,0,0,0,0,0.0,0,0,0,0,,,,,,,,,,,,,,,,,,,,,,,4,"(wd 3, nb 1)",1,WD,3,0,,,,,,,,CricHeroes scorecard v2
1154,EXTRA,3,27051371,2141686,JCC Season 3,Box Cricket,2026-09-09,Kodai Box Cricket,Jaipur,7,13914777,Mavericks,13914529,Neuro strikers,Mavericks,resulted,21 runs,1,13914777,Mavericks,64,2,4,7.0,0,9.14,0,0,0,0,0.0,0,0,0,0,,,,,,,,,,,,,,,,,,,,,,,4,"(wd 3, nb 1)",2,NB,1,0,,,,,,,,CricHeroes scorecard v2
1155,EXTRA,3,27051371,2141686,JCC Season 3,Box Cricket,2026-09-09,Kodai Box Cricket,Jaipur,7,13914777,Mavericks,13914529,Neuro strikers,Mavericks,resulted,21 runs,2,13914529,Neuro strikers,43,3,1,7.0,0,6.14,0,0,0,0,0.0,0,0,0,0,,,,,,,,,,,,,,,,,,,,,,,1,(wd 1),1,WD,1,0,,,,,,,,CricHeroes scorecard v2
1156,EXTRA,3,27050716,2141686,JCC Season 3,Box Cricket,2026-09-09,Kodai Box Cricket,Jaipur,7,13914777,Mavericks,14263394,VIKINGS,Mavericks,resulted,3 runs,1,13914777,Mavericks,40,5,11,7.0,0,5.71,0,0,0,0,0.0,0,0,0,0,,,,,,,,,,,,,,,,,,,,,,,11,"(nb 8, wd 3)",2,NB,8,0,,,,,,,,CricHeroes scorecard v2
1157,EXTRA,3,27050716,2141686,JCC Season 3,Box Cricket,2026-09-09,Kodai Box Cricket,Jaipur,7,13914777,Mavericks,14263394,VIKINGS,Mavericks,resulted,3 runs,1,13914777,Mavericks,40,5,11,7.0,0,5.71,0,0,0,0,0.0,0,0,0,0,,,,,,,,,,,,,,,,,,,,,,,11,"(nb 8, wd 3)",1,WD,3,0,,,,,,,,CricHeroes scorecard v2
1158,EXTRA,3,27050716,2141686,JCC Season 3,Box Cricket,2026-09-09,Kodai Box Cricket,Jaipur,7,13914777,Mavericks,14263394,VIKINGS,Mavericks,resulted,3 runs,2,14263394,VIKINGS,37,2,1,7.0,0,5.29,0,0,0,0,0.0,0,0,0,0,,,,,,,,,,,,,,,,,,,,,,,1,(wd 1),1,WD,1,0,,,,,,,,CricHeroes scorecard v2
1159,EXTRA,3,27049931,2141686,JCC Season 3,Box Cricket,2026-09-09,Kodai Box Cricket,Jaipur,7,13914529,Neuro strikers,13914721,Outliers,Neuro strikers,resulted,11 runs,1,13914529,Neuro strikers,62,2,9,7.0,0,8.86,0,0,0,0,0.0,0,0,0,0,,,,,,,,,,,,,,,,,,,,,,,9,(wd 9),1,WD,9,0,,,,,,,,CricHeroes scorecard v2
1160,EXTRA,3,27049931,2141686,JCC Season 3,Box Cricket,2026-09-09,Kodai Box Cricket,Jaipur,7,13914529,Neuro strikers,13914721,Outliers,Neuro strikers,resulted,11 runs,2,13914721,Outliers,51,4,6,7.0,0,7.29,0,0,0,0,0.0,0,0,0,0,,,,,,,,,,,,,,,,,,,,,,,6,"(nb 1, wd 5)",2,NB,1,0,,,,,,,,CricHeroes scorecard v2
1161,EXTRA,3,27049931,2141686,JCC Season 3,Box Cricket,2026-09-09,Kodai Box Cricket,Jaipur,7,13914529,Neuro strikers,13914721,Outliers,Neuro strikers,resulted,11 runs,2,13914721,Outliers,51,4,6,7.0,0,7.29,0,0,0,0,0.0,0,0,0,0,,,,,,,,,,,,,,,,,,,,,,,6,"(nb 1, wd 5)",1,WD,5,0,,,,,,,,CricHeroes scorecard v2
1162,EXTRA,3,26739667,2141686,JCC Season 3,Box Cricket,2026-08-21,Kodai Box Cricket,Jaipur,7,14263394,VIKINGS,13914529,Neuro strikers,VIKINGS,resulted,16 runs,1,14263394,VIKINGS,66,3,9,7.0,0,9.43,0,0,0,0,0.0,0,0,0,0,,,,,,,,,,,,,,,,,,,,,,,9,"(nb 3, wd 6)",2,NB,3,0,,,,,,,,CricHeroes scorecard v2
1163,EXTRA,3,26739667,2141686,JCC Season 3,Box Cricket,2026-08-21,Kodai Box Cricket,Jaipur,7,14263394,VIKINGS,13914529,Neuro strikers,VIKINGS,resulted,16 runs,1,14263394,VIKINGS,66,3,9,7.0,0,9.43,0,0,0,0,0.0,0,0,0,0,,,,,,,,,,,,,,,,,,,,,,,9,"(nb 3, wd 6)",1,WD,6,0,,,,,,,,CricHeroes scorecard v2
1164,EXTRA,3,26739667,2141686,JCC Season 3,Box Cricket,2026-08-21,Kodai Box Cricket,Jaipur,7,14263394,VIKINGS,13914529,Neuro strikers,VIKINGS,resulted,16 runs,2,13914529,Neuro strikers,50,3,7,7.0,0,7.14,0,0,0,0,0.0,0,0,0,0,,,,,,,,,,,,,,,,,,,,,,,7,"(nb 2, wd 5)",2,NB,2,0,,,,,,,,CricHeroes scorecard v2
1165,EXTRA,3,26739667,2141686,JCC Season 3,Box Cricket,2026-08-21,Kodai Box Cricket,Jaipur,7,14263394,VIKINGS,13914529,Neuro strikers,VIKINGS,resulted,16 runs,2,13914529,Neuro strikers,50,3,7,7.0,0,7.14,0,0,0,0,0.0,0,0,0,0,,,,,,,,,,,,,,,,,,,,,,,7,"(nb 2, wd 5)",1,WD,5,0,,,,,,,,CricHeroes scorecard v2
1166,EXTRA,3,26738741,2141686,JCC Season 3,Box Cricket,2026-08-21,Kodai Box Cricket,Jaipur,7,14263394,VIKINGS,13914721,Outliers,VIKINGS,resulted,19 runs,1,14263394,VIKINGS,72,4,12,7.0,0,10.29,0,0,0,0,0.0,0,0,0,0,,,,,,,,,,,,,,,,,,,,,,,12,"(wd 11, nb 1)",1,WD,11,0,,,,,,,,CricHeroes scorecard v2
1167,EXTRA,3,26738741,2141686,JCC Season 3,Box Cricket,2026-08-21,Kodai Box Cricket,Jaipur,7,14263394,VIKINGS,13914721,Outliers,VIKINGS,resulted,19 runs,1,14263394,VIKINGS,72,4,12,7.0,0,10.29,0,0,0,0,0.0,0,0,0,0,,,,,,,,,,,,,,,,,,,,,,,12,"(wd 11, nb 1)",2,NB,1,0,,,,,,,,CricHeroes scorecard v2
1168,EXTRA,3,26738741,2141686,JCC Season 3,Box Cricket,2026-08-21,Kodai Box Cricket,Jaipur,7,14263394,VIKINGS,13914721,Outliers,VIKINGS,resulted,19 runs,2,13914721,Outliers,53,5,6,7.0,0,7.57,0,0,0,0,0.0,0,0,0,0,,,,,,,,,,,,,,,,,,,,,,,6,"(wd 5, nb 1)",1,WD,5,0,,,,,,,,CricHeroes scorecard v2
1169,EXTRA,3,26738741,2141686,JCC Season 3,Box Cricket,2026-08-21,Kodai Box Cricket,Jaipur,7,14263394,VIKINGS,13914721,Outliers,VIKINGS,resulted,19 runs,2,13914721,Outliers,53,5,6,7.0,0,7.57,0,0,0,0,0.0,0,0,0,0,,,,,,,,,,,,,,,,,,,,,,,6,"(wd 5, nb 1)",2,NB,1,0,,,,,,,,CricHeroes scorecard v2
1170,EXTRA,3,26738090,2141686,JCC Season 3,Box Cricket,2026-08-21,Kodai Box Cricket,Jaipur,7,13914777,Mavericks,13914529,Neuro strikers,Neuro strikers,resulted,5 wickets,1,13914777,Mavericks,40,3,6,7.0,0,5.71,0,0,0,0,0.0,0,0,0,0,,,,,,,,,,,,,,,,,,,,,,,6,(wd 6),1,WD,6,0,,,,,,,,CricHeroes scorecard v2
1171,EXTRA,3,26738090,2141686,JCC Season 3,Box Cricket,2026-08-21,Kodai Box Cricket,Jaipur,7,13914777,Mavericks,13914529,Neuro strikers,Neuro strikers,resulted,5 wickets,2,13914529,Neuro strikers,44,2,2,5.4,0,7.76,0,0,0,0,0.0,0,0,0,0,,,,,,,,,,,,,,,,,,,,,,,2,(wd 2),1,WD,2,0,,,,,,,,CricHeroes scorecard v2
1172,EXTRA,3,26737213,2141686,JCC Season 3,Box Cricket,2026-08-21,Kodai Box Cricket,Jaipur,7,13914777,Mavericks,13914721,Outliers,Mavericks,resulted,32 runs,1,13914777,Mavericks,83,1,4,7.0,0,11.86,0,0,0,0,0.0,0,0,0,0,,,,,,,,,,,,,,,,,,,,,,,4,"(wd 3, nb 1)",1,WD,3,0,,,,,,,,CricHeroes scorecard v2
1173,EXTRA,3,26737213,2141686,JCC Season 3,Box Cricket,2026-08-21,Kodai Box Cricket,Jaipur,7,13914777,Mavericks,13914721,Outliers,Mavericks,resulted,32 runs,1,13914777,Mavericks,83,1,4,7.0,0,11.86,0,0,0,0,0.0,0,0,0,0,,,,,,,,,,,,,,,,,,,,,,,4,"(wd 3, nb 1)",2,NB,1,0,,,,,,,,CricHeroes scorecard v2
1174,EXTRA,3,26737213,2141686,JCC Season 3,Box Cricket,2026-08-21,Kodai Box Cricket,Jaipur,7,13914777,Mavericks,13914721,Outliers,Mavericks,resulted,32 runs,2,13914721,Outliers,51,1,8,7.0,0,7.29,0,0,0,0,0.0,0,0,0,0,,,,,,,,,,,,,,,,,,,,,,,8,"(wd 6, nb 2)",1,WD,6,0,,,,,,,,CricHeroes scorecard v2
1175,EXTRA,3,26737213,2141686,JCC Season 3,Box Cricket,2026-08-21,Kodai Box Cricket,Jaipur,7,13914777,Mavericks,13914721,Outliers,Mavericks,resulted,32 runs,2,13914721,Outliers,51,1,8,7.0,0,7.29,0,0,0,0,0.0,0,0,0,0,,,,,,,,,,,,,,,,,,,,,,,8,"(wd 6, nb 2)",2,NB,2,0,,,,,,,,CricHeroes scorecard v2
1176,EXTRA,3,26619577,2141686,JCC Season 3,Box Cricket,2026-08-14,Kodai Box Cricket,Jaipur,7,13914721,Outliers,13914529,Neuro strikers,Neuro strikers,resulted,7 wickets,1,13914721,Outliers,26,3,6,7.0,0,3.71,0,0,0,0,0.0,0,0,0,0,,,,,,,,,,,,,,,,,,,,,,,6,(wd 6),1,WD,6,0,,,,,,,,CricHeroes scorecard v2
1177,EXTRA,3,26619577,2141686,JCC Season 3,Box Cricket,2026-08-14,Kodai Box Cricket,Jaipur,7,13914721,Outliers,13914529,Neuro strikers,Neuro strikers,resulted,7 wickets,2,13914529,Neuro strikers,30,0,2,2.1,0,13.85,0,0,0,0,0.0,0,0,0,0,,,,,,,,,,,,,,,,,,,,,,,2,"(wd 1, nb 1)",1,WD,1,0,,,,,,,,CricHeroes scorecard v2
1178,EXTRA,3,26619577,2141686,JCC Season 3,Box Cricket,2026-08-14,Kodai Box Cricket,Jaipur,7,13914721,Outliers,13914529,Neuro strikers,Neuro strikers,resulted,7 wickets,2,13914529,Neuro strikers,30,0,2,2.1,0,13.85,0,0,0,0,0.0,0,0,0,0,,,,,,,,,,,,,,,,,,,,,,,2,"(wd 1, nb 1)",2,NB,1,0,,,,,,,,CricHeroes scorecard v2
1179,EXTRA,3,26618736,2141686,JCC Season 3,Box Cricket,2026-08-14,Kodai Box Cricket,Jaipur,7,14263394,VIKINGS,13914529,Neuro strikers,Neuro strikers,resulted,3 wickets,1,14263394,VIKINGS,49,4,5,7.0,0,7.0,0,0,0,0,0.0,0,0,0,0,,,,,,,,,,,,,,,,,,,,,,,5,"(wd 3, nb 2)",1,WD,3,0,,,,,,,,CricHeroes scorecard v2
1180,EXTRA,3,26618736,2141686,JCC Season 3,Box Cricket,2026-08-14,Kodai Box Cricket,Jaipur,7,14263394,VIKINGS,13914529,Neuro strikers,Neuro strikers,resulted,3 wickets,1,14263394,VIKINGS,49,4,5,7.0,0,7.0,0,0,0,0,0.0,0,0,0,0,,,,,,,,,,,,,,,,,,,,,,,5,"(wd 3, nb 2)",2,NB,2,0,,,,,,,,CricHeroes scorecard v2
1181,EXTRA,3,26618736,2141686,JCC Season 3,Box Cricket,2026-08-14,Kodai Box Cricket,Jaipur,7,14263394,VIKINGS,13914529,Neuro strikers,Neuro strikers,resulted,3 wickets,2,13914529,Neuro strikers,50,4,11,6.5,0,7.32,0,0,0,0,0.0,0,0,0,0,,,,,,,,,,,,,,,,,,,,,,,11,(wd 11),1,WD,11,0,,,,,,,,CricHeroes scorecard v2
1182,EXTRA,3,26618296,2141686,JCC Season 3,Box Cricket,2026-08-14,Kodai Box Cricket,Jaipur,7,13914777,Mavericks,13914721,Outliers,Outliers,resulted,6 wickets,1,13914777,Mavericks,20,2,3,7.0,0,2.86,0,0,0,0,0.0,0,0,0,0,,,,,,,,,,,,,,,,,,,,,,,3,(wd 3),1,WD,3,0,,,,,,,,CricHeroes scorecard v2
1183,EXTRA,3,26618296,2141686,JCC Season 3,Box Cricket,2026-08-14,Kodai Box Cricket,Jaipur,7,13914777,Mavericks,13914721,Outliers,Outliers,resulted,6 wickets,2,13914721,Outliers,21,0,2,1.2,0,15.75,0,0,0,0,0.0,0,0,0,0,,,,,,,,,,,,,,,,,,,,,,,2,(wd 2),1,WD,2,0,,,,,,,,CricHeroes scorecard v2
1184,EXTRA,3,26617337,2141686,JCC Season 3,Box Cricket,2026-08-14,Kodai Box Cricket,Jaipur,7,13914777,Mavericks,14263394,VIKINGS,VIKINGS,resulted,6 wickets,1,13914777,Mavericks,49,4,12,7.0,0,7.0,0,0,0,0,0.0,0,0,0,0,,,,,,,,,,,,,,,,,,,,,,,12,"(nb 2, wd 10)",2,NB,2,0,,,,,,,,CricHeroes scorecard v2
1185,EXTRA,3,26617337,2141686,JCC Season 3,Box Cricket,2026-08-14,Kodai Box Cricket,Jaipur,7,13914777,Mavericks,14263394,VIKINGS,VIKINGS,resulted,6 wickets,1,13914777,Mavericks,49,4,12,7.0,0,7.0,0,0,0,0,0.0,0,0,0,0,,,,,,,,,,,,,,,,,,,,,,,12,"(nb 2, wd 10)",1,WD,10,0,,,,,,,,CricHeroes scorecard v2
1186,EXTRA,3,26617337,2141686,JCC Season 3,Box Cricket,2026-08-14,Kodai Box Cricket,Jaipur,7,13914777,Mavericks,14263394,VIKINGS,VIKINGS,resulted,6 wickets,2,14263394,VIKINGS,52,0,5,4.3,0,11.56,0,0,0,0,0.0,0,0,0,0,,,,,,,,,,,,,,,,,,,,,,,5,(wd 5),1,WD,5,0,,,,,,,,CricHeroes scorecard v2
1187,EXTRA,3,26504462,2141686,JCC Season 3,Box Cricket,2026-08-07,Kodai Box Cricket,Jaipur,7,13914777,Mavericks,14263394,VIKINGS,Mavericks,resulted,11 runs,1,13914777,Mavericks,50,5,7,7.0,0,7.14,0,0,0,0,0.0,0,0,0,0,,,,,,,,,,,,,,,,,,,,,,,7,"(nb 1, wd 6)",2,NB,1,0,,,,,,,,CricHeroes scorecard v2
1188,EXTRA,3,26504462,2141686,JCC Season 3,Box Cricket,2026-08-07,Kodai Box Cricket,Jaipur,7,13914777,Mavericks,14263394,VIKINGS,Mavericks,resulted,11 runs,1,13914777,Mavericks,50,5,7,7.0,0,7.14,0,0,0,0,0.0,0,0,0,0,,,,,,,,,,,,,,,,,,,,,,,7,"(nb 1, wd 6)",1,WD,6,0,,,,,,,,CricHeroes scorecard v2
1189,EXTRA,3,26504462,2141686,JCC Season 3,Box Cricket,2026-08-07,Kodai Box Cricket,Jaipur,7,13914777,Mavericks,14263394,VIKINGS,Mavericks,resulted,11 runs,2,14263394,VIKINGS,39,7,5,7.0,0,5.57,0,0,0,0,0.0,0,0,0,0,,,,,,,,,,,,,,,,,,,,,,,5,"(wd 4, nb 1)",1,WD,4,0,,,,,,,,CricHeroes scorecard v2
1190,EXTRA,3,26504462,2141686,JCC Season 3,Box Cricket,2026-08-07,Kodai Box Cricket,Jaipur,7,13914777,Mavericks,14263394,VIKINGS,Mavericks,resulted,11 runs,2,14263394,VIKINGS,39,7,5,7.0,0,5.57,0,0,0,0,0.0,0,0,0,0,,,,,,,,,,,,,,,,,,,,,,,5,"(wd 4, nb 1)",2,NB,1,0,,,,,,,,CricHeroes scorecard v2
1191,EXTRA,3,26503704,2141686,JCC Season 3,Box Cricket,2026-08-07,Kodai Box Cricket,Jaipur,7,13914529,Neuro strikers,13914777,Mavericks,Mavericks,resulted,3 wickets,1,13914529,Neuro strikers,46,3,12,7.0,0,6.57,0,0,0,0,0.0,0,0,0,0,,,,,,,,,,,,,,,,,,,,,,,12,(wd 12),1,WD,12,0,,,,,,,,CricHeroes scorecard v2
1192,EXTRA,3,26503704,2141686,JCC Season 3,Box Cricket,2026-08-07,Kodai Box Cricket,Jaipur,7,13914529,Neuro strikers,13914777,Mavericks,Mavericks,resulted,3 wickets,2,13914777,Mavericks,48,2,6,6.5,0,7.02,0,0,0,0,0.0,0,0,0,0,,,,,,,,,,,,,,,,,,,,,,,6,"(wd 5, nb 1)",1,WD,5,0,,,,,,,,CricHeroes scorecard v2
1193,EXTRA,3,26503704,2141686,JCC Season 3,Box Cricket,2026-08-07,Kodai Box Cricket,Jaipur,7,13914529,Neuro strikers,13914777,Mavericks,Mavericks,resulted,3 wickets,2,13914777,Mavericks,48,2,6,6.5,0,7.02,0,0,0,0,0.0,0,0,0,0,,,,,,,,,,,,,,,,,,,,,,,6,"(wd 5, nb 1)",2,NB,1,0,,,,,,,,CricHeroes scorecard v2
1194,EXTRA,3,26502665,2141686,JCC Season 3,Box Cricket,2026-08-07,Kodai Box Cricket,Jaipur,7,14263394,VIKINGS,13914721,Outliers,VIKINGS,resulted,16 runs,1,14263394,VIKINGS,61,3,12,7.0,0,8.71,0,0,0,0,0.0,0,0,0,0,,,,,,,,,,,,,,,,,,,,,,,12,"(wd 11, nb 1)",1,WD,11,0,,,,,,,,CricHeroes scorecard v2
1195,EXTRA,3,26502665,2141686,JCC Season 3,Box Cricket,2026-08-07,Kodai Box Cricket,Jaipur,7,14263394,VIKINGS,13914721,Outliers,VIKINGS,resulted,16 runs,1,14263394,VIKINGS,61,3,12,7.0,0,8.71,0,0,0,0,0.0,0,0,0,0,,,,,,,,,,,,,,,,,,,,,,,12,"(wd 11, nb 1)",2,NB,1,0,,,,,,,,CricHeroes scorecard v2
1196,EXTRA,3,26502665,2141686,JCC Season 3,Box Cricket,2026-08-07,Kodai Box Cricket,Jaipur,7,14263394,VIKINGS,13914721,Outliers,VIKINGS,resulted,16 runs,2,13914721,Outliers,45,6,13,7.0,0,6.43,0,0,0,0,0.0,0,0,0,0,,,,,,,,,,,,,,,,,,,,,,,13,"(wd 11, nb 2)",1,WD,11,0,,,,,,,,CricHeroes scorecard v2
1197,EXTRA,3,26502665,2141686,JCC Season 3,Box Cricket,2026-08-07,Kodai Box Cricket,Jaipur,7,14263394,VIKINGS,13914721,Outliers,VIKINGS,resulted,16 runs,2,13914721,Outliers,45,6,13,7.0,0,6.43,0,0,0,0,0.0,0,0,0,0,,,,,,,,,,,,,,,,,,,,,,,13,"(wd 11, nb 2)",2,NB,2,0,,,,,,,,CricHeroes scorecard v2
1198,EXTRA,3,26501846,2141686,JCC Season 3,Box Cricket,2026-08-07,Kodai Box Cricket,Jaipur,7,13914721,Outliers,13914529,Neuro strikers,Neuro strikers,resulted,6 wickets,1,13914721,Outliers,45,4,5,7.0,0,6.43,0,0,0,0,0.0,0,0,0,0,,,,,,,,,,,,,,,,,,,,,,,5,(wd 5),1,WD,5,0,,,,,,,,CricHeroes scorecard v2
1199,EXTRA,3,26501846,2141686,JCC Season 3,Box Cricket,2026-08-07,Kodai Box Cricket,Jaipur,7,13914721,Outliers,13914529,Neuro strikers,Neuro strikers,resulted,6 wickets,2,13914529,Neuro strikers,48,1,6,5.3,0,8.73,0,0,0,0,0.0,0,0,0,0,,,,,,,,,,,,,,,,,,,,,,,6,(wd 6),1,WD,6,0,,,,,,,,CricHeroes scorecard v2
1200,EXTRA,3,26486511,2141686,JCC Season 3,Box Cricket,2026-08-06,Jai club box,Jaipur,7,13914529,Neuro strikers,14263394,VIKINGS,VIKINGS,Resulted,5 wickets,1,13914529,Neuro strikers,34,7,12,7.0,0,4.86,0,0,0,0,0.0,0,0,0,0,,,,,,,,,,,,,,,,,,,,,,,12,(wd 12),1,WD,12,0,,,,,,,,CricHeroes scorecard v2
1201,EXTRA,3,26486511,2141686,JCC Season 3,Box Cricket,2026-08-06,Jai club box,Jaipur,7,13914529,Neuro strikers,14263394,VIKINGS,VIKINGS,Resulted,5 wickets,2,14263394,VIKINGS,38,2,9,4.4,0,8.14,0,0,0,0,0.0,0,0,0,0,,,,,,,,,,,,,,,,,,,,,,,9,"(wd 8, nb 1)",1,WD,8,0,,,,,,,,CricHeroes scorecard v2
1202,EXTRA,3,26486511,2141686,JCC Season 3,Box Cricket,2026-08-06,Jai club box,Jaipur,7,13914529,Neuro strikers,14263394,VIKINGS,VIKINGS,Resulted,5 wickets,2,14263394,VIKINGS,38,2,9,4.4,0,8.14,0,0,0,0,0.0,0,0,0,0,,,,,,,,,,,,,,,,,,,,,,,9,"(wd 8, nb 1)",2,NB,1,0,,,,,,,,CricHeroes scorecard v2
1203,EXTRA,3,26486329,2141686,JCC Season 3,Box Cricket,2026-08-06,Jai club box,Jaipur,7,13914777,Mavericks,13914529,Neuro strikers,Neuro strikers,Resulted,4 wickets,1,13914777,Mavericks,33,8,5,7.0,0,4.71,0,0,0,0,0.0,0,0,0,0,,,,,,,,,,,,,,,,,,,,,,,5,"(wd 4, nb 1)",1,WD,4,0,,,,,,,,CricHeroes scorecard v2
1204,EXTRA,3,26486329,2141686,JCC Season 3,Box Cricket,2026-08-06,Jai club box,Jaipur,7,13914777,Mavericks,13914529,Neuro strikers,Neuro strikers,Resulted,4 wickets,1,13914777,Mavericks,33,8,5,7.0,0,4.71,0,0,0,0,0.0,0,0,0,0,,,,,,,,,,,,,,,,,,,,,,,5,"(wd 4, nb 1)",2,NB,1,0,,,,,,,,CricHeroes scorecard v2
1205,EXTRA,3,26486329,2141686,JCC Season 3,Box Cricket,2026-08-06,Jai club box,Jaipur,7,13914777,Mavericks,13914529,Neuro strikers,Neuro strikers,Resulted,4 wickets,2,13914529,Neuro strikers,34,3,4,5.3,0,6.18,0,0,0,0,0.0,0,0,0,0,,,,,,,,,,,,,,,,,,,,,,,4,(wd 4),1,WD,4,0,,,,,,,,CricHeroes scorecard v2
1206,EXTRA,3,26397455,2141686,JCC Season 3,Limited Overs,2026-07-31,Jai club box,Jaipur,7,13914777,Mavericks,13914721,Outliers,Outliers,Resulted,5 wickets,1,13914777,Mavericks,43,4,2,7.0,0,6.14,0,0,0,0,0.0,0,0,0,0,,,,,,,,,,,,,,,,,,,,,,,2,(wd 2),1,WD,2,0,,,,,,,,CricHeroes scorecard v2
1207,EXTRA,3,26397455,2141686,JCC Season 3,Limited Overs,2026-07-31,Jai club box,Jaipur,7,13914777,Mavericks,13914721,Outliers,Outliers,Resulted,5 wickets,2,13914721,Outliers,44,2,2,6.4,0,6.6,0,0,0,0,0.0,0,0,0,0,,,,,,,,,,,,,,,,,,,,,,,2,(wd 2),1,WD,2,0,,,,,,,,CricHeroes scorecard v2
1208,EXTRA,3,26395983,2141686,JCC Season 3,Limited Overs,2026-07-31,Jai club box,Jaipur,7,13914721,Outliers,14263394,VIKINGS,Outliers,Resulted,20 runs,1,13914721,Outliers,68,3,6,7.0,0,9.71,0,0,0,0,0.0,0,0,0,0,,,,,,,,,,,,,,,,,,,,,,,6,(wd 6),1,WD,6,0,,,,,,,,CricHeroes scorecard v2
1209,EXTRA,3,26395983,2141686,JCC Season 3,Limited Overs,2026-07-31,Jai club box,Jaipur,7,13914721,Outliers,14263394,VIKINGS,Outliers,Resulted,20 runs,2,14263394,VIKINGS,48,3,15,7.0,0,6.86,0,0,0,0,0.0,0,0,0,0,,,,,,,,,,,,,,,,,,,,,,,15,"(wd 13, nb 2)",1,WD,13,0,,,,,,,,CricHeroes scorecard v2
1210,EXTRA,3,26395983,2141686,JCC Season 3,Limited Overs,2026-07-31,Jai club box,Jaipur,7,13914721,Outliers,14263394,VIKINGS,Outliers,Resulted,20 runs,2,14263394,VIKINGS,48,3,15,7.0,0,6.86,0,0,0,0,0.0,0,0,0,0,,,,,,,,,,,,,,,,,,,,,,,15,"(wd 13, nb 2)",2,NB,2,0,,,,,,,,CricHeroes scorecard v2
1211,EXTRA,3,26326478,2141686,JCC Season 3,Limited Overs,2026-07-26,Heera Box Cricket,Jaipur,7,13914529,Neuro strikers,14263394,VIKINGS,Neuro strikers,Resulted,9 runs,1,13914529,Neuro strikers,42,5,14,7.0,0,6.0,0,0,0,0,0.0,0,0,0,0,,,,,,,,,,,,,,,,,,,,,,,14,(wd 14),1,WD,14,0,,,,,,,,CricHeroes scorecard v2
1212,EXTRA,3,26326478,2141686,JCC Season 3,Limited Overs,2026-07-26,Heera Box Cricket,Jaipur,7,13914529,Neuro strikers,14263394,VIKINGS,Neuro strikers,Resulted,9 runs,2,14263394,VIKINGS,33,1,7,7.0,0,4.71,0,0,0,0,0.0,0,0,0,0,,,,,,,,,,,,,,,,,,,,,,,7,"(wd 6, nb 1)",1,WD,6,0,,,,,,,,CricHeroes scorecard v2
1213,EXTRA,3,26326478,2141686,JCC Season 3,Limited Overs,2026-07-26,Heera Box Cricket,Jaipur,7,13914529,Neuro strikers,14263394,VIKINGS,Neuro strikers,Resulted,9 runs,2,14263394,VIKINGS,33,1,7,7.0,0,4.71,0,0,0,0,0.0,0,0,0,0,,,,,,,,,,,,,,,,,,,,,,,7,"(wd 6, nb 1)",2,NB,1,0,,,,,,,,CricHeroes scorecard v2
1214,EXTRA,3,26286857,2141686,JCC Season 3,Limited Overs,2026-07-24,Heera Box Cricket,Jaipur,7,13914777,Mavericks,13914721,Outliers,Outliers,Resulted,5 wickets,1,13914777,Mavericks,54,3,4,7.0,0,7.71,0,0,0,0,0.0,0,0,0,0,,,,,,,,,,,,,,,,,,,,,,,4,"(wd 2, nb 2)",1,WD,2,0,,,,,,,,CricHeroes scorecard v2
1215,EXTRA,3,26286857,2141686,JCC Season 3,Limited Overs,2026-07-24,Heera Box Cricket,Jaipur,7,13914777,Mavericks,13914721,Outliers,Outliers,Resulted,5 wickets,1,13914777,Mavericks,54,3,4,7.0,0,7.71,0,0,0,0,0.0,0,0,0,0,,,,,,,,,,,,,,,,,,,,,,,4,"(wd 2, nb 2)",2,NB,2,0,,,,,,,,CricHeroes scorecard v2
1216,EXTRA,3,26286857,2141686,JCC Season 3,Limited Overs,2026-07-24,Heera Box Cricket,Jaipur,7,13914777,Mavericks,13914721,Outliers,Outliers,Resulted,5 wickets,2,13914721,Outliers,55,1,1,6.5,0,8.05,0,0,0,0,0.0,0,0,0,0,,,,,,,,,,,,,,,,,,,,,,,1,(wd 1),1,WD,1,0,,,,,,,,CricHeroes scorecard v2
1217,EXTRA,3,26286162,2141686,JCC Season 3,Limited Overs,2026-07-24,Heera Box Cricket,Jaipur,7,14263394,VIKINGS,13914777,Mavericks,VIKINGS,Resulted,22 runs,1,14263394,VIKINGS,66,3,15,7.0,0,9.43,0,0,0,0,0.0,0,0,0,0,,,,,,,,,,,,,,,,,,,,,,,15,"(wd 14, nb 1)",1,WD,14,0,,,,,,,,CricHeroes scorecard v2
1218,EXTRA,3,26286162,2141686,JCC Season 3,Limited Overs,2026-07-24,Heera Box Cricket,Jaipur,7,14263394,VIKINGS,13914777,Mavericks,VIKINGS,Resulted,22 runs,1,14263394,VIKINGS,66,3,15,7.0,0,9.43,0,0,0,0,0.0,0,0,0,0,,,,,,,,,,,,,,,,,,,,,,,15,"(wd 14, nb 1)",2,NB,1,0,,,,,,,,CricHeroes scorecard v2
1219,EXTRA,3,26286162,2141686,JCC Season 3,Limited Overs,2026-07-24,Heera Box Cricket,Jaipur,7,14263394,VIKINGS,13914777,Mavericks,VIKINGS,Resulted,22 runs,2,13914777,Mavericks,44,6,2,7.0,0,6.29,0,0,0,0,0.0,0,0,0,0,,,,,,,,,,,,,,,,,,,,,,,2,(wd 2),1,WD,2,0,,,,,,,,CricHeroes scorecard v2
1220,EXTRA,3,26285487,2141686,JCC Season 3,Limited Overs,2026-07-24,Heera Box Cricket,Jaipur,7,13914721,Outliers,13914529,Neuro strikers,Neuro strikers,Resulted,6 wickets,1,13914721,Outliers,45,2,4,7.0,0,6.43,0,0,0,0,0.0,0,0,0,0,,,,,,,,,,,,,,,,,,,,,,,4,"(wd 3, nb 1)",1,WD,3,0,,,,,,,,CricHeroes scorecard v2
1221,EXTRA,3,26285487,2141686,JCC Season 3,Limited Overs,2026-07-24,Heera Box Cricket,Jaipur,7,13914721,Outliers,13914529,Neuro strikers,Neuro strikers,Resulted,6 wickets,1,13914721,Outliers,45,2,4,7.0,0,6.43,0,0,0,0,0.0,0,0,0,0,,,,,,,,,,,,,,,,,,,,,,,4,"(wd 3, nb 1)",2,NB,1,0,,,,,,,,CricHeroes scorecard v2
1222,EXTRA,3,26285487,2141686,JCC Season 3,Limited Overs,2026-07-24,Heera Box Cricket,Jaipur,7,13914721,Outliers,13914529,Neuro strikers,Neuro strikers,Resulted,6 wickets,2,13914529,Neuro strikers,48,0,4,4.0,0,12.0,0,0,0,0,0.0,0,0,0,0,,,,,,,,,,,,,,,,,,,,,,,4,(wd 4),1,WD,4,0,,,,,,,,CricHeroes scorecard v2
1223,FALL_OF_WICKET,2,26175565,2092140,JCC Box Cricket League,Box Cricket,2026-07-17,Turf8teen10,Jaipur,7,13914529,Neuro strikers,13914777,Mavericks,Neuro strikers,Resulted,26 runs,1,13914529,Neuro strikers,59,4,3,7.0,0,8.43,0,0,0,0,0.0,0,0,0,0,,,,,,,,,,,,,,,,,,,,,,,,,,,,,1,0,0.1,0,33295238,Mahesh kumar,,CricHeroes scorecard v2
1224,FALL_OF_WICKET,2,26175565,2092140,JCC Box Cricket League,Box Cricket,2026-07-17,Turf8teen10,Jaipur,7,13914529,Neuro strikers,13914777,Mavericks,Neuro strikers,Resulted,26 runs,1,13914529,Neuro strikers,59,4,3,7.0,0,8.43,0,0,0,0,0.0,0,0,0,0,,,,,,,,,,,,,,,,,,,,,,,,,,,,,2,33,3.4,0,49460120,Sagar,,CricHeroes scorecard v2
1225,FALL_OF_WICKET,2,26175565,2092140,JCC Box Cricket League,Box Cricket,2026-07-17,Turf8teen10,Jaipur,7,13914529,Neuro strikers,13914777,Mavericks,Neuro strikers,Resulted,26 runs,1,13914529,Neuro strikers,59,4,3,7.0,0,8.43,0,0,0,0,0.0,0,0,0,0,,,,,,,,,,,,,,,,,,,,,,,,,,,,,3,50,6.0,0,41945456,Saurabh CBI,,CricHeroes scorecard v2
1226,FALL_OF_WICKET,2,26175565,2092140,JCC Box Cricket League,Box Cricket,2026-07-17,Turf8teen10,Jaipur,7,13914529,Neuro strikers,13914777,Mavericks,Neuro strikers,Resulted,26 runs,1,13914529,Neuro strikers,59,4,3,7.0,0,8.43,0,0,0,0,0.0,0,0,0,0,,,,,,,,,,,,,,,,,,,,,,,,,,,,,4,59,7.0,0,50368825,Bhairav Deep Touchy,,CricHeroes scorecard v2
1227,FALL_OF_WICKET,2,26175565,2092140,JCC Box Cricket League,Box Cricket,2026-07-17,Turf8teen10,Jaipur,7,13914529,Neuro strikers,13914777,Mavericks,Neuro strikers,Resulted,26 runs,2,13914777,Mavericks,33,5,4,7.0,0,4.71,0,0,0,0,0.0,0,0,0,0,,,,,,,,,,,,,,,,,,,,,,,,,,,,,1,5,1.1,0,12843502,Uddhav Chaudhary,,CricHeroes scorecard v2
1228,FALL_OF_WICKET,2,26175565,2092140,JCC Box Cricket League,Box Cricket,2026-07-17,Turf8teen10,Jaipur,7,13914529,Neuro strikers,13914777,Mavericks,Neuro strikers,Resulted,26 runs,2,13914777,Mavericks,33,5,4,7.0,0,4.71,0,0,0,0,0.0,0,0,0,0,,,,,,,,,,,,,,,,,,,,,,,,,,,,,2,11,4.1,0,38735959,Siddharth Rao,,CricHeroes scorecard v2
1229,FALL_OF_WICKET,2,26175565,2092140,JCC Box Cricket League,Box Cricket,2026-07-17,Turf8teen10,Jaipur,7,13914529,Neuro strikers,13914777,Mavericks,Neuro strikers,Resulted,26 runs,2,13914777,Mavericks,33,5,4,7.0,0,4.71,0,0,0,0,0.0,0,0,0,0,,,,,,,,,,,,,,,,,,,,,,,,,,,,,2,11,4.1,0,5228456,Anil Rawat,,CricHeroes scorecard v2
1230,FALL_OF_WICKET,2,26175565,2092140,JCC Box Cricket League,Box Cricket,2026-07-17,Turf8teen10,Jaipur,7,13914529,Neuro strikers,13914777,Mavericks,Neuro strikers,Resulted,26 runs,2,13914777,Mavericks,33,5,4,7.0,0,4.71,0,0,0,0,0.0,0,0,0,0,,,,,,,,,,,,,,,,,,,,,,,,,,,,,3,27,6.0,0,7989139,Sonu,,CricHeroes scorecard v2
1231,FALL_OF_WICKET,2,26175565,2092140,JCC Box Cricket League,Box Cricket,2026-07-17,Turf8teen10,Jaipur,7,13914529,Neuro strikers,13914777,Mavericks,Neuro strikers,Resulted,26 runs,2,13914777,Mavericks,33,5,4,7.0,0,4.71,0,0,0,0,0.0,0,0,0,0,,,,,,,,,,,,,,,,,,,,,,,,,,,,,4,27,6.1,0,49460259,Nitesh,,CricHeroes scorecard v2
1232,FALL_OF_WICKET,2,26175565,2092140,JCC Box Cricket League,Box Cricket,2026-07-17,Turf8teen10,Jaipur,7,13914529,Neuro strikers,13914777,Mavericks,Neuro strikers,Resulted,26 runs,2,13914777,Mavericks,33,5,4,7.0,0,4.71,0,0,0,0,0.0,0,0,0,0,,,,,,,,,,,,,,,,,,,,,,,,,,,,,5,27,6.3,0,4807250,Dr. Gaurav,,CricHeroes scorecard v2
1233,FALL_OF_WICKET,2,26158057,2092140,JCC Box Cricket League,Box Cricket,2026-07-17,Heera Box Cricket,Jaipur,7,13914721,Outliers,13914529,Neuro strikers,Neuro strikers,Resulted,6 wickets,1,13914721,Outliers,51,3,7,7.0,0,7.29,0,0,0,0,0.0,0,0,0,0,,,,,,,,,,,,,,,,,,,,,,,,,,,,,1,21,1.3,0,50368843,Harnoor Singh,,CricHeroes scorecard v2
1234,FALL_OF_WICKET,2,26158057,2092140,JCC Box Cricket League,Box Cricket,2026-07-17,Heera Box Cricket,Jaipur,7,13914721,Outliers,13914529,Neuro strikers,Neuro strikers,Resulted,6 wickets,1,13914721,Outliers,51,3,7,7.0,0,7.29,0,0,0,0,0.0,0,0,0,0,,,,,,,,,,,,,,,,,,,,,,,,,,,,,2,21,1.4,0,52760329,Jaivardhan Pathak,,CricHeroes scorecard v2
1235,FALL_OF_WICKET,2,26158057,2092140,JCC Box Cricket League,Box Cricket,2026-07-17,Heera Box Cricket,Jaipur,7,13914721,Outliers,13914529,Neuro strikers,Neuro strikers,Resulted,6 wickets,1,13914721,Outliers,51,3,7,7.0,0,7.29,0,0,0,0,0.0,0,0,0,0,,,,,,,,,,,,,,,,,,,,,,,,,,,,,3,27,2.4,0,50368899,Naman Mavericks,,CricHeroes scorecard v2
1236,FALL_OF_WICKET,2,26158057,2092140,JCC Box Cricket League,Box Cricket,2026-07-17,Heera Box Cricket,Jaipur,7,13914721,Outliers,13914529,Neuro strikers,Neuro strikers,Resulted,6 wickets,2,13914529,Neuro strikers,52,1,7,6.3,0,8.0,0,0,0,0,0.0,0,0,0,0,,,,,,,,,,,,,,,,,,,,,,,,,,,,,1,3,1.3,0,49460120,Sagar,,CricHeroes scorecard v2
1237,FALL_OF_WICKET,2,26158010,2092140,JCC Box Cricket League,Box Cricket,2026-07-17,Heera Box Cricket,Jaipur,7,13914777,Mavericks,13914721,Outliers,Mavericks,Resulted,20 runs,1,13914777,Mavericks,50,5,10,7.0,0,7.14,0,0,0,0,0.0,0,0,0,0,,,,,,,,,,,,,,,,,,,,,,,,,,,,,1,23,4.0,0,7977983,Rahul  Kasliwal,,CricHeroes scorecard v2
1238,FALL_OF_WICKET,2,26158010,2092140,JCC Box Cricket League,Box Cricket,2026-07-17,Heera Box Cricket,Jaipur,7,13914777,Mavericks,13914721,Outliers,Mavericks,Resulted,20 runs,1,13914777,Mavericks,50,5,10,7.0,0,7.14,0,0,0,0,0.0,0,0,0,0,,,,,,,,,,,,,,,,,,,,,,,,,,,,,2,23,4.2,0,49460259,Nitesh,,CricHeroes scorecard v2
1239,FALL_OF_WICKET,2,26158010,2092140,JCC Box Cricket League,Box Cricket,2026-07-17,Heera Box Cricket,Jaipur,7,13914777,Mavericks,13914721,Outliers,Mavericks,Resulted,20 runs,1,13914777,Mavericks,50,5,10,7.0,0,7.14,0,0,0,0,0.0,0,0,0,0,,,,,,,,,,,,,,,,,,,,,,,,,,,,,3,32,5.1,0,5228456,Anil Rawat,,CricHeroes scorecard v2
1240,FALL_OF_WICKET,2,26158010,2092140,JCC Box Cricket League,Box Cricket,2026-07-17,Heera Box Cricket,Jaipur,7,13914777,Mavericks,13914721,Outliers,Mavericks,Resulted,20 runs,1,13914777,Mavericks,50,5,10,7.0,0,7.14,0,0,0,0,0.0,0,0,0,0,,,,,,,,,,,,,,,,,,,,,,,,,,,,,4,47,6.4,0,4807250,Dr. Gaurav,,CricHeroes scorecard v2
1241,FALL_OF_WICKET,2,26158010,2092140,JCC Box Cricket League,Box Cricket,2026-07-17,Heera Box Cricket,Jaipur,7,13914777,Mavericks,13914721,Outliers,Mavericks,Resulted,20 runs,1,13914777,Mavericks,50,5,10,7.0,0,7.14,0,0,0,0,0.0,0,0,0,0,,,,,,,,,,,,,,,,,,,,,,,,,,,,,5,49,6.4,0,52038417,Vikas,,CricHeroes scorecard v2
1242,FALL_OF_WICKET,2,26158010,2092140,JCC Box Cricket League,Box Cricket,2026-07-17,Heera Box Cricket,Jaipur,7,13914777,Mavericks,13914721,Outliers,Mavericks,Resulted,20 runs,2,13914721,Outliers,30,4,2,7.0,0,4.29,0,0,0,0,0.0,0,0,0,0,,,,,,,,,,,,,,,,,,,,,,,,,,,,,1,14,3.0,0,50368899,Naman Mavericks,,CricHeroes scorecard v2
1243,FALL_OF_WICKET,2,26158010,2092140,JCC Box Cricket League,Box Cricket,2026-07-17,Heera Box Cricket,Jaipur,7,13914777,Mavericks,13914721,Outliers,Mavericks,Resulted,20 runs,2,13914721,Outliers,30,4,2,7.0,0,4.29,0,0,0,0,0.0,0,0,0,0,,,,,,,,,,,,,,,,,,,,,,,,,,,,,2,15,3.2,0,50368843,Harnoor Singh,,CricHeroes scorecard v2
1244,FALL_OF_WICKET,2,26158010,2092140,JCC Box Cricket League,Box Cricket,2026-07-17,Heera Box Cricket,Jaipur,7,13914777,Mavericks,13914721,Outliers,Mavericks,Resulted,20 runs,2,13914721,Outliers,30,4,2,7.0,0,4.29,0,0,0,0,0.0,0,0,0,0,,,,,,,,,,,,,,,,,,,,,,,,,,,,,3,16,4.0,0,1748478,Nishant Gupta,,CricHeroes scorecard v2
1245,FALL_OF_WICKET,2,26158010,2092140,JCC Box Cricket League,Box Cricket,2026-07-17,Heera Box Cricket,Jaipur,7,13914777,Mavericks,13914721,Outliers,Mavericks,Resulted,20 runs,2,13914721,Outliers,30,4,2,7.0,0,4.29,0,0,0,0,0.0,0,0,0,0,,,,,,,,,,,,,,,,,,,,,,,,,,,,,4,29,6.0,0,50368913,Rudraksh,,CricHeroes scorecard v2
1246,FALL_OF_WICKET,2,26158038,2092140,JCC Box Cricket League,Box Cricket,2026-07-17,Heera Box Cricket,Jaipur,7,13914777,Mavericks,13914529,Neuro strikers,Neuro strikers,Resulted,7 wickets,1,13914777,Mavericks,46,2,2,7.0,0,6.57,0,0,0,0,0.0,0,0,0,0,,,,,,,,,,,,,,,,,,,,,,,,,,,,,1,32,5.0,0,12843502,Uddhav Chaudhary,,CricHeroes scorecard v2
1247,FALL_OF_WICKET,2,26158038,2092140,JCC Box Cricket League,Box Cricket,2026-07-17,Heera Box Cricket,Jaipur,7,13914777,Mavericks,13914529,Neuro strikers,Neuro strikers,Resulted,7 wickets,1,13914777,Mavericks,46,2,2,7.0,0,6.57,0,0,0,0,0.0,0,0,0,0,,,,,,,,,,,,,,,,,,,,,,,,,,,,,2,36,5.4,0,5228456,Anil Rawat,,CricHeroes scorecard v2
1248,FALL_OF_WICKET,2,26158038,2092140,JCC Box Cricket League,Box Cricket,2026-07-17,Heera Box Cricket,Jaipur,7,13914777,Mavericks,13914529,Neuro strikers,Neuro strikers,Resulted,7 wickets,2,13914529,Neuro strikers,50,0,0,5.0,0,10.0,0,0,0,0,0.0,0,0,0,0,,,,,,,,,,,,,,,,,,,,,,,,,,,,,,,,,,,,CricHeroes scorecard v2
1249,FALL_OF_WICKET,2,26088240,2092140,JCC Box Cricket League,Box Cricket,2026-07-12,Turf8teen10,Jaipur,7,13914529,Neuro strikers,13914777,Mavericks,Mavericks,Resulted,6 wickets,1,13914529,Neuro strikers,32,4,6,7.0,0,4.57,0,0,0,0,0.0,0,0,0,0,,,,,,,,,,,,,,,,,,,,,,,,,,,,,1,3,0.5,0,33295238,Mahesh kumar,,CricHeroes scorecard v2
1250,FALL_OF_WICKET,2,26088240,2092140,JCC Box Cricket League,Box Cricket,2026-07-12,Turf8teen10,Jaipur,7,13914529,Neuro strikers,13914777,Mavericks,Mavericks,Resulted,6 wickets,1,13914529,Neuro strikers,32,4,6,7.0,0,4.57,0,0,0,0,0.0,0,0,0,0,,,,,,,,,,,,,,,,,,,,,,,,,,,,,2,6,2.0,0,49460120,Sagar,,CricHeroes scorecard v2
1251,FALL_OF_WICKET,2,26088240,2092140,JCC Box Cricket League,Box Cricket,2026-07-12,Turf8teen10,Jaipur,7,13914529,Neuro strikers,13914777,Mavericks,Mavericks,Resulted,6 wickets,1,13914529,Neuro strikers,32,4,6,7.0,0,4.57,0,0,0,0,0.0,0,0,0,0,,,,,,,,,,,,,,,,,,,,,,,,,,,,,3,10,3.5,0,52038035,Sarthak Rathore ,,CricHeroes scorecard v2
1252,FALL_OF_WICKET,2,26088240,2092140,JCC Box Cricket League,Box Cricket,2026-07-12,Turf8teen10,Jaipur,7,13914529,Neuro strikers,13914777,Mavericks,Mavericks,Resulted,6 wickets,1,13914529,Neuro strikers,32,4,6,7.0,0,4.57,0,0,0,0,0.0,0,0,0,0,,,,,,,,,,,,,,,,,,,,,,,,,,,,,4,15,5.2,0,41945456,Saurabh CBI,,CricHeroes scorecard v2
1253,FALL_OF_WICKET,2,26088240,2092140,JCC Box Cricket League,Box Cricket,2026-07-12,Turf8teen10,Jaipur,7,13914529,Neuro strikers,13914777,Mavericks,Mavericks,Resulted,6 wickets,2,13914777,Mavericks,33,1,2,5.4,0,5.82,0,0,0,0,0.0,0,0,0,0,,,,,,,,,,,,,,,,,,,,,,,,,,,,,1,0,0.2,0,5228456,Anil Rawat,,CricHeroes scorecard v2
1254,FALL_OF_WICKET,2,26085797,2092140,JCC Box Cricket League,Box Cricket,2026-07-12,Turf8teen10,Jaipur,7,13914721,Outliers,13914529,Neuro strikers,Neuro strikers,Resulted,5 wickets,1,13914721,Outliers,84,4,5,7.0,0,12.0,0,0,0,0,0.0,0,0,0,0,,,,,,,,,,,,,,,,,,,,,,,,,,,,,1,63,4.2,0,50368825,Bhairav Deep Touchy,,CricHeroes scorecard v2
1255,FALL_OF_WICKET,2,26085797,2092140,JCC Box Cricket League,Box Cricket,2026-07-12,Turf8teen10,Jaipur,7,13914721,Outliers,13914529,Neuro strikers,Neuro strikers,Resulted,5 wickets,1,13914721,Outliers,84,4,5,7.0,0,12.0,0,0,0,0,0.0,0,0,0,0,,,,,,,,,,,,,,,,,,,,,,,,,,,,,2,63,4.3,0,7989139,Sonu,,CricHeroes scorecard v2
1256,FALL_OF_WICKET,2,26085797,2092140,JCC Box Cricket League,Box Cricket,2026-07-12,Turf8teen10,Jaipur,7,13914721,Outliers,13914529,Neuro strikers,Neuro strikers,Resulted,5 wickets,1,13914721,Outliers,84,4,5,7.0,0,12.0,0,0,0,0,0.0,0,0,0,0,,,,,,,,,,,,,,,,,,,,,,,,,,,,,3,71,5.2,0,15649695,Ankit,,CricHeroes scorecard v2
1257,FALL_OF_WICKET,2,26085797,2092140,JCC Box Cricket League,Box Cricket,2026-07-12,Turf8teen10,Jaipur,7,13914721,Outliers,13914529,Neuro strikers,Neuro strikers,Resulted,5 wickets,1,13914721,Outliers,84,4,5,7.0,0,12.0,0,0,0,0,0.0,0,0,0,0,,,,,,,,,,,,,,,,,,,,,,,,,,,,,4,84,7.0,0,50368899,Naman Mavericks,,CricHeroes scorecard v2
1258,FALL_OF_WICKET,2,26085797,2092140,JCC Box Cricket League,Box Cricket,2026-07-12,Turf8teen10,Jaipur,7,13914721,Outliers,13914529,Neuro strikers,Neuro strikers,Resulted,5 wickets,2,13914529,Neuro strikers,90,2,9,6.4,0,13.5,0,0,0,0,0.0,0,0,0,0,,,,,,,,,,,,,,,,,,,,,,,,,,,,,1,49,3.5,0,33295238,Mahesh kumar,,CricHeroes scorecard v2
1259,FALL_OF_WICKET,2,26085797,2092140,JCC Box Cricket League,Box Cricket,2026-07-12,Turf8teen10,Jaipur,7,13914721,Outliers,13914529,Neuro strikers,Neuro strikers,Resulted,5 wickets,2,13914529,Neuro strikers,90,2,9,6.4,0,13.5,0,0,0,0,0.0,0,0,0,0,,,,,,,,,,,,,,,,,,,,,,,,,,,,,2,69,5.2,0,8131458,Lakshay,,CricHeroes scorecard v2
1260,FALL_OF_WICKET,2,26083705,2092140,JCC Box Cricket League,Box Cricket,2026-07-12,Turf8teen10,Jaipur,7,13914777,Mavericks,13914721,Outliers,Mavericks,Resulted,33 runs,1,13914777,Mavericks,81,2,4,7.0,0,11.57,0,0,0,0,0.0,0,0,0,0,,,,,,,,,,,,,,,,,,,,,,,,,,,,,1,0,1.0,0,4807250,Dr. Gaurav,,CricHeroes scorecard v2
1261,FALL_OF_WICKET,2,26083705,2092140,JCC Box Cricket League,Box Cricket,2026-07-12,Turf8teen10,Jaipur,7,13914777,Mavericks,13914721,Outliers,Mavericks,Resulted,33 runs,1,13914777,Mavericks,81,2,4,7.0,0,11.57,0,0,0,0,0.0,0,0,0,0,,,,,,,,,,,,,,,,,,,,,,,,,,,,,2,61,6.0,0,7977983,Rahul  Kasliwal,,CricHeroes scorecard v2
1262,FALL_OF_WICKET,2,26083705,2092140,JCC Box Cricket League,Box Cricket,2026-07-12,Turf8teen10,Jaipur,7,13914777,Mavericks,13914721,Outliers,Mavericks,Resulted,33 runs,2,13914721,Outliers,48,1,2,7.0,0,6.86,0,0,0,0,0.0,0,0,0,0,,,,,,,,,,,,,,,,,,,,,,,,,,,,,1,42,5.5,0,50368899,Naman Mavericks,,CricHeroes scorecard v2
1263,FALL_OF_WICKET,2,25936004,2092140,JCC Box Cricket League,Box Cricket,2026-07-03,Turf8teen10,Jaipur,7,13914529,Neuro strikers,13914721,Outliers,Neuro strikers,Resulted,37 runs,1,13914529,Neuro strikers,71,3,11,7.0,0,10.14,0,0,0,0,0.0,0,0,0,0,,,,,,,,,,,,,,,,,,,,,,,,,,,,,1,22,1.3,0,49460120,Sagar,,CricHeroes scorecard v2
1264,FALL_OF_WICKET,2,25936004,2092140,JCC Box Cricket League,Box Cricket,2026-07-03,Turf8teen10,Jaipur,7,13914529,Neuro strikers,13914721,Outliers,Neuro strikers,Resulted,37 runs,1,13914529,Neuro strikers,71,3,11,7.0,0,10.14,0,0,0,0,0.0,0,0,0,0,,,,,,,,,,,,,,,,,,,,,,,,,,,,,2,34,2.5,0,33295238,Mahesh kumar,,CricHeroes scorecard v2
1265,FALL_OF_WICKET,2,25936004,2092140,JCC Box Cricket League,Box Cricket,2026-07-03,Turf8teen10,Jaipur,7,13914529,Neuro strikers,13914721,Outliers,Neuro strikers,Resulted,37 runs,1,13914529,Neuro strikers,71,3,11,7.0,0,10.14,0,0,0,0,0.0,0,0,0,0,,,,,,,,,,,,,,,,,,,,,,,,,,,,,3,61,4.5,0,50368825,Bhairav Deep Touchy,,CricHeroes scorecard v2
1266,FALL_OF_WICKET,2,25936004,2092140,JCC Box Cricket League,Box Cricket,2026-07-03,Turf8teen10,Jaipur,7,13914529,Neuro strikers,13914721,Outliers,Neuro strikers,Resulted,37 runs,2,13914721,Outliers,34,4,4,7.0,0,4.86,0,0,0,0,0.0,0,0,0,0,,,,,,,,,,,,,,,,,,,,,,,,,,,,,1,7,1.3,0,21015521,Satvik Todwal,,CricHeroes scorecard v2
1267,FALL_OF_WICKET,2,25936004,2092140,JCC Box Cricket League,Box Cricket,2026-07-03,Turf8teen10,Jaipur,7,13914529,Neuro strikers,13914721,Outliers,Neuro strikers,Resulted,37 runs,2,13914721,Outliers,34,4,4,7.0,0,4.86,0,0,0,0,0.0,0,0,0,0,,,,,,,,,,,,,,,,,,,,,,,,,,,,,2,13,1.5,0,50368899,Naman Mavericks,,CricHeroes scorecard v2
1268,FALL_OF_WICKET,2,25936004,2092140,JCC Box Cricket League,Box Cricket,2026-07-03,Turf8teen10,Jaipur,7,13914529,Neuro strikers,13914721,Outliers,Neuro strikers,Resulted,37 runs,2,13914721,Outliers,34,4,4,7.0,0,4.86,0,0,0,0,0.0,0,0,0,0,,,,,,,,,,,,,,,,,,,,,,,,,,,,,3,22,3.5,0,565841,Harish Jangid,,CricHeroes scorecard v2
1269,FALL_OF_WICKET,2,25936004,2092140,JCC Box Cricket League,Box Cricket,2026-07-03,Turf8teen10,Jaipur,7,13914529,Neuro strikers,13914721,Outliers,Neuro strikers,Resulted,37 runs,2,13914721,Outliers,34,4,4,7.0,0,4.86,0,0,0,0,0.0,0,0,0,0,,,,,,,,,,,,,,,,,,,,,,,,,,,,,4,34,6.3,0,50368913,Rudraksh,,CricHeroes scorecard v2
1270,FALL_OF_WICKET,2,25935138,2092140,JCC Box Cricket League,Box Cricket,2026-07-03,Turf8teen10,Jaipur,7,13914777,Mavericks,13914721,Outliers,Outliers,Resulted,1 wicket,1,13914777,Mavericks,50,3,3,7.0,0,7.14,0,0,0,0,0.0,0,0,0,0,,,,,,,,,,,,,,,,,,,,,,,,,,,,,1,24,2.2,0,12843502,Uddhav Chaudhary,,CricHeroes scorecard v2
1271,FALL_OF_WICKET,2,25935138,2092140,JCC Box Cricket League,Box Cricket,2026-07-03,Turf8teen10,Jaipur,7,13914777,Mavericks,13914721,Outliers,Outliers,Resulted,1 wicket,1,13914777,Mavericks,50,3,3,7.0,0,7.14,0,0,0,0,0.0,0,0,0,0,,,,,,,,,,,,,,,,,,,,,,,,,,,,,2,40,5.0,0,5228456,Anil Rawat,,CricHeroes scorecard v2
1272,FALL_OF_WICKET,2,25935138,2092140,JCC Box Cricket League,Box Cricket,2026-07-03,Turf8teen10,Jaipur,7,13914777,Mavericks,13914721,Outliers,Outliers,Resulted,1 wicket,1,13914777,Mavericks,50,3,3,7.0,0,7.14,0,0,0,0,0.0,0,0,0,0,,,,,,,,,,,,,,,,,,,,,,,,,,,,,3,48,5.3,0,49460259,Nitesh,,CricHeroes scorecard v2
1273,FALL_OF_WICKET,2,25935138,2092140,JCC Box Cricket League,Box Cricket,2026-07-03,Turf8teen10,Jaipur,7,13914777,Mavericks,13914721,Outliers,Outliers,Resulted,1 wicket,2,13914721,Outliers,54,6,9,5.5,0,9.26,0,0,0,0,0.0,0,0,0,0,,,,,,,,,,,,,,,,,,,,,,,,,,,,,1,5,1.0,0,50368899,Naman Mavericks,,CricHeroes scorecard v2
1274,FALL_OF_WICKET,2,25935138,2092140,JCC Box Cricket League,Box Cricket,2026-07-03,Turf8teen10,Jaipur,7,13914777,Mavericks,13914721,Outliers,Outliers,Resulted,1 wicket,2,13914721,Outliers,54,6,9,5.5,0,9.26,0,0,0,0,0.0,0,0,0,0,,,,,,,,,,,,,,,,,,,,,,,,,,,,,2,5,1.2,0,21015521,Satvik Todwal,,CricHeroes scorecard v2
1275,FALL_OF_WICKET,2,25935138,2092140,JCC Box Cricket League,Box Cricket,2026-07-03,Turf8teen10,Jaipur,7,13914777,Mavericks,13914721,Outliers,Outliers,Resulted,1 wicket,2,13914721,Outliers,54,6,9,5.5,0,9.26,0,0,0,0,0.0,0,0,0,0,,,,,,,,,,,,,,,,,,,,,,,,,,,,,3,5,1.3,0,7977983,Rahul  Kasliwal,,CricHeroes scorecard v2
1276,FALL_OF_WICKET,2,25935138,2092140,JCC Box Cricket League,Box Cricket,2026-07-03,Turf8teen10,Jaipur,7,13914777,Mavericks,13914721,Outliers,Outliers,Resulted,1 wicket,2,13914721,Outliers,54,6,9,5.5,0,9.26,0,0,0,0,0.0,0,0,0,0,,,,,,,,,,,,,,,,,,,,,,,,,,,,,4,38,4.1,0,31438284,Dhruv Paliwal,,CricHeroes scorecard v2
1277,FALL_OF_WICKET,2,25935138,2092140,JCC Box Cricket League,Box Cricket,2026-07-03,Turf8teen10,Jaipur,7,13914777,Mavericks,13914721,Outliers,Outliers,Resulted,1 wicket,2,13914721,Outliers,54,6,9,5.5,0,9.26,0,0,0,0,0.0,0,0,0,0,,,,,,,,,,,,,,,,,,,,,,,,,,,,,5,44,4.4,0,50368913,Rudraksh,,CricHeroes scorecard v2
1278,FALL_OF_WICKET,2,25935138,2092140,JCC Box Cricket League,Box Cricket,2026-07-03,Turf8teen10,Jaipur,7,13914777,Mavericks,13914721,Outliers,Outliers,Resulted,1 wicket,2,13914721,Outliers,54,6,9,5.5,0,9.26,0,0,0,0,0.0,0,0,0,0,,,,,,,,,,,,,,,,,,,,,,,,,,,,,6,46,4.5,0,52038452,Krshna,,CricHeroes scorecard v2
1279,FALL_OF_WICKET,2,25934291,2092140,JCC Box Cricket League,Box Cricket,2026-07-03,Turf8teen10,Jaipur,7,13914777,Mavericks,13914529,Neuro strikers,Neuro strikers,Resulted,6 wickets,1,13914777,Mavericks,53,8,9,7.0,0,7.57,0,0,0,0,0.0,0,0,0,0,,,,,,,,,,,,,,,,,,,,,,,,,,,,,1,0,0.3,0,5228456,Anil Rawat,,CricHeroes scorecard v2
1280,FALL_OF_WICKET,2,25934291,2092140,JCC Box Cricket League,Box Cricket,2026-07-03,Turf8teen10,Jaipur,7,13914777,Mavericks,13914529,Neuro strikers,Neuro strikers,Resulted,6 wickets,1,13914777,Mavericks,53,8,9,7.0,0,7.57,0,0,0,0,0.0,0,0,0,0,,,,,,,,,,,,,,,,,,,,,,,,,,,,,2,12,2.0,0,49460259,Nitesh,,CricHeroes scorecard v2
1281,FALL_OF_WICKET,2,25934291,2092140,JCC Box Cricket League,Box Cricket,2026-07-03,Turf8teen10,Jaipur,7,13914777,Mavericks,13914529,Neuro strikers,Neuro strikers,Resulted,6 wickets,1,13914777,Mavericks,53,8,9,7.0,0,7.57,0,0,0,0,0.0,0,0,0,0,,,,,,,,,,,,,,,,,,,,,,,,,,,,,3,12,2.2,0,3217470,Rahul Rathore,,CricHeroes scorecard v2
1282,FALL_OF_WICKET,2,25934291,2092140,JCC Box Cricket League,Box Cricket,2026-07-03,Turf8teen10,Jaipur,7,13914777,Mavericks,13914529,Neuro strikers,Neuro strikers,Resulted,6 wickets,1,13914777,Mavericks,53,8,9,7.0,0,7.57,0,0,0,0,0.0,0,0,0,0,,,,,,,,,,,,,,,,,,,,,,,,,,,,,4,18,2.5,0,4807250,Dr. Gaurav,,CricHeroes scorecard v2
1283,FALL_OF_WICKET,2,25934291,2092140,JCC Box Cricket League,Box Cricket,2026-07-03,Turf8teen10,Jaipur,7,13914777,Mavericks,13914529,Neuro strikers,Neuro strikers,Resulted,6 wickets,1,13914777,Mavericks,53,8,9,7.0,0,7.57,0,0,0,0,0.0,0,0,0,0,,,,,,,,,,,,,,,,,,,,,,,,,,,,,5,18,3.4,0,15803869,Nitin Setia,,CricHeroes scorecard v2
1284,FALL_OF_WICKET,2,25934291,2092140,JCC Box Cricket League,Box Cricket,2026-07-03,Turf8teen10,Jaipur,7,13914777,Mavericks,13914529,Neuro strikers,Neuro strikers,Resulted,6 wickets,1,13914777,Mavericks,53,8,9,7.0,0,7.57,0,0,0,0,0.0,0,0,0,0,,,,,,,,,,,,,,,,,,,,,,,,,,,,,6,45,6.1,0,38735959,Siddharth Rao,,CricHeroes scorecard v2
1285,FALL_OF_WICKET,2,25934291,2092140,JCC Box Cricket League,Box Cricket,2026-07-03,Turf8teen10,Jaipur,7,13914777,Mavericks,13914529,Neuro strikers,Neuro strikers,Resulted,6 wickets,1,13914777,Mavericks,53,8,9,7.0,0,7.57,0,0,0,0,0.0,0,0,0,0,,,,,,,,,,,,,,,,,,,,,,,,,,,,,7,46,6.3,0,2238721,Adhip Choudhary,,CricHeroes scorecard v2
1286,FALL_OF_WICKET,2,25934291,2092140,JCC Box Cricket League,Box Cricket,2026-07-03,Turf8teen10,Jaipur,7,13914777,Mavericks,13914529,Neuro strikers,Neuro strikers,Resulted,6 wickets,1,13914777,Mavericks,53,8,9,7.0,0,7.57,0,0,0,0,0.0,0,0,0,0,,,,,,,,,,,,,,,,,,,,,,,,,,,,,8,53,7.0,0,12843502,Uddhav Chaudhary,,CricHeroes scorecard v2
1287,FALL_OF_WICKET,2,25934291,2092140,JCC Box Cricket League,Box Cricket,2026-07-03,Turf8teen10,Jaipur,7,13914777,Mavericks,13914529,Neuro strikers,Neuro strikers,Resulted,6 wickets,2,13914529,Neuro strikers,54,1,6,5.2,0,10.13,0,0,0,0,0.0,0,0,0,0,,,,,,,,,,,,,,,,,,,,,,,,,,,,,1,44,3.2,0,33295238,Mahesh kumar,,CricHeroes scorecard v2
1288,FALL_OF_WICKET,2,25791542,2092140,JCC Box Cricket League,Box Cricket,2026-06-26,Turf8teen10,Jaipur,10,13914529,Neuro strikers,13914777,Mavericks,Mavericks,Resulted,7 wickets,1,13914529,Neuro strikers,86,5,3,10.0,0,8.6,0,0,0,0,0.0,0,0,0,0,,,,,,,,,,,,,,,,,,,,,,,,,,,,,1,23,2.1,0,33295238,Mahesh kumar,,CricHeroes scorecard v2
1289,FALL_OF_WICKET,2,25791542,2092140,JCC Box Cricket League,Box Cricket,2026-06-26,Turf8teen10,Jaipur,10,13914529,Neuro strikers,13914777,Mavericks,Mavericks,Resulted,7 wickets,1,13914529,Neuro strikers,86,5,3,10.0,0,8.6,0,0,0,0,0.0,0,0,0,0,,,,,,,,,,,,,,,,,,,,,,,,,,,,,2,59,7.1,0,49460120,Sagar,,CricHeroes scorecard v2
1290,FALL_OF_WICKET,2,25791542,2092140,JCC Box Cricket League,Box Cricket,2026-06-26,Turf8teen10,Jaipur,10,13914529,Neuro strikers,13914777,Mavericks,Mavericks,Resulted,7 wickets,1,13914529,Neuro strikers,86,5,3,10.0,0,8.6,0,0,0,0,0.0,0,0,0,0,,,,,,,,,,,,,,,,,,,,,,,,,,,,,3,65,8.0,0,50368825,Bhairav Deep Touchy,,CricHeroes scorecard v2
1291,FALL_OF_WICKET,2,25791542,2092140,JCC Box Cricket League,Box Cricket,2026-06-26,Turf8teen10,Jaipur,10,13914529,Neuro strikers,13914777,Mavericks,Mavericks,Resulted,7 wickets,1,13914529,Neuro strikers,86,5,3,10.0,0,8.6,0,0,0,0,0.0,0,0,0,0,,,,,,,,,,,,,,,,,,,,,,,,,,,,,4,80,9.3,0,3217470,Rahul Rathore,,CricHeroes scorecard v2
1292,FALL_OF_WICKET,2,25791542,2092140,JCC Box Cricket League,Box Cricket,2026-06-26,Turf8teen10,Jaipur,10,13914529,Neuro strikers,13914777,Mavericks,Mavericks,Resulted,7 wickets,1,13914529,Neuro strikers,86,5,3,10.0,0,8.6,0,0,0,0,0.0,0,0,0,0,,,,,,,,,,,,,,,,,,,,,,,,,,,,,5,82,9.5,0,52038035,Sarthak Rathore ,,CricHeroes scorecard v2
1293,FALL_OF_WICKET,2,25791542,2092140,JCC Box Cricket League,Box Cricket,2026-06-26,Turf8teen10,Jaipur,10,13914529,Neuro strikers,13914777,Mavericks,Mavericks,Resulted,7 wickets,2,13914777,Mavericks,92,1,7,8.2,0,11.04,0,0,0,0,0.0,0,0,0,0,,,,,,,,,,,,,,,,,,,,,,,,,,,,,1,58,4.0,0,49460259,Nitesh,,CricHeroes scorecard v2
1294,FALL_OF_WICKET,2,25791580,2092140,JCC Box Cricket League,Box Cricket,2026-06-26,Turf8teen10,Jaipur,10,13914529,Neuro strikers,13914721,Outliers,Outliers,Resulted,7 wickets,1,13914529,Neuro strikers,61,3,7,10.0,0,6.1,0,0,0,0,0.0,0,0,0,0,,,,,,,,,,,,,,,,,,,,,,,,,,,,,1,5,1.2,0,3217470,Rahul Rathore,,CricHeroes scorecard v2
1295,FALL_OF_WICKET,2,25791580,2092140,JCC Box Cricket League,Box Cricket,2026-06-26,Turf8teen10,Jaipur,10,13914529,Neuro strikers,13914721,Outliers,Outliers,Resulted,7 wickets,1,13914529,Neuro strikers,61,3,7,10.0,0,6.1,0,0,0,0,0.0,0,0,0,0,,,,,,,,,,,,,,,,,,,,,,,,,,,,,2,47,7.0,0,50368825,Bhairav Deep Touchy,,CricHeroes scorecard v2
1296,FALL_OF_WICKET,2,25791580,2092140,JCC Box Cricket League,Box Cricket,2026-06-26,Turf8teen10,Jaipur,10,13914529,Neuro strikers,13914721,Outliers,Outliers,Resulted,7 wickets,1,13914529,Neuro strikers,61,3,7,10.0,0,6.1,0,0,0,0,0.0,0,0,0,0,,,,,,,,,,,,,,,,,,,,,,,,,,,,,3,55,9.2,0,33295238,Mahesh kumar,,CricHeroes scorecard v2
1297,FALL_OF_WICKET,2,25791580,2092140,JCC Box Cricket League,Box Cricket,2026-06-26,Turf8teen10,Jaipur,10,13914529,Neuro strikers,13914721,Outliers,Outliers,Resulted,7 wickets,2,13914721,Outliers,63,2,1,5.4,0,11.12,0,0,0,0,0.0,0,0,0,0,,,,,,,,,,,,,,,,,,,,,,,,,,,,,1,6,0.3,0,50368899,Naman Mavericks,,CricHeroes scorecard v2
1298,FALL_OF_WICKET,2,25791580,2092140,JCC Box Cricket League,Box Cricket,2026-06-26,Turf8teen10,Jaipur,10,13914529,Neuro strikers,13914721,Outliers,Outliers,Resulted,7 wickets,2,13914721,Outliers,63,2,1,5.4,0,11.12,0,0,0,0,0.0,0,0,0,0,,,,,,,,,,,,,,,,,,,,,,,,,,,,,2,9,1.5,0,21015521,Satvik Todwal,,CricHeroes scorecard v2
1299,FALL_OF_WICKET,2,25791561,2092140,JCC Box Cricket League,Box Cricket,2026-06-26,Turf8teen10,Jaipur,10,13914721,Outliers,13914777,Mavericks,Mavericks,Resulted,4 wickets,1,13914721,Outliers,64,3,6,10.0,0,6.4,0,0,0,0,0.0,0,0,0,0,,,,,,,,,,,,,,,,,,,,,,,,,,,,,1,4,0.5,0,565841,Harish Jangid,,CricHeroes scorecard v2
1300,FALL_OF_WICKET,2,25791561,2092140,JCC Box Cricket League,Box Cricket,2026-06-26,Turf8teen10,Jaipur,10,13914721,Outliers,13914777,Mavericks,Mavericks,Resulted,4 wickets,1,13914721,Outliers,64,3,6,10.0,0,6.4,0,0,0,0,0.0,0,0,0,0,,,,,,,,,,,,,,,,,,,,,,,,,,,,,2,25,3.4,0,6259155,Anagh Nandwana,,CricHeroes scorecard v2
1301,FALL_OF_WICKET,2,25791561,2092140,JCC Box Cricket League,Box Cricket,2026-06-26,Turf8teen10,Jaipur,10,13914721,Outliers,13914777,Mavericks,Mavericks,Resulted,4 wickets,1,13914721,Outliers,64,3,6,10.0,0,6.4,0,0,0,0,0.0,0,0,0,0,,,,,,,,,,,,,,,,,,,,,,,,,,,,,3,60,9.3,0,50368843,Harnoor Singh,,CricHeroes scorecard v2
1302,FALL_OF_WICKET,2,25791561,2092140,JCC Box Cricket League,Box Cricket,2026-06-26,Turf8teen10,Jaipur,10,13914721,Outliers,13914777,Mavericks,Mavericks,Resulted,4 wickets,2,13914777,Mavericks,69,4,1,6.1,0,11.19,0,0,0,0,0.0,0,0,0,0,,,,,,,,,,,,,,,,,,,,,,,,,,,,,1,38,3.1,0,52017845,Prashant Ramchandani,,CricHeroes scorecard v2
1303,FALL_OF_WICKET,2,25791561,2092140,JCC Box Cricket League,Box Cricket,2026-06-26,Turf8teen10,Jaipur,10,13914721,Outliers,13914777,Mavericks,Mavericks,Resulted,4 wickets,2,13914777,Mavericks,69,4,1,6.1,0,11.19,0,0,0,0,0.0,0,0,0,0,,,,,,,,,,,,,,,,,,,,,,,,,,,,,2,44,3.3,0,6314755,Navin Gurjar,,CricHeroes scorecard v2
1304,FALL_OF_WICKET,2,25791561,2092140,JCC Box Cricket League,Box Cricket,2026-06-26,Turf8teen10,Jaipur,10,13914721,Outliers,13914777,Mavericks,Mavericks,Resulted,4 wickets,2,13914777,Mavericks,69,4,1,6.1,0,11.19,0,0,0,0,0.0,0,0,0,0,,,,,,,,,,,,,,,,,,,,,,,,,,,,,3,62,5.4,0,49460259,Nitesh,,CricHeroes scorecard v2
1305,FALL_OF_WICKET,2,25791561,2092140,JCC Box Cricket League,Box Cricket,2026-06-26,Turf8teen10,Jaipur,10,13914721,Outliers,13914777,Mavericks,Mavericks,Resulted,4 wickets,2,13914777,Mavericks,69,4,1,6.1,0,11.19,0,0,0,0,0.0,0,0,0,0,,,,,,,,,,,,,,,,,,,,,,,,,,,,,4,63,6.0,0,15803869,Nitin Setia,,CricHeroes scorecard v2
1306,FALL_OF_WICKET,2,25625341,2092140,JCC Box Cricket League,Box Cricket,2026-06-19,Turf8teen10,Jaipur,7,13914777,Mavericks,13914721,Outliers,Outliers,Resulted,4 wickets,1,13914777,Mavericks,57,5,5,7.0,0,8.14,0,0,0,0,0.0,0,0,0,0,,,,,,,,,,,,,,,,,,,,,,,,,,,,,1,0,0.1,0,5228456,Anil Rawat,,CricHeroes scorecard v2
1307,FALL_OF_WICKET,2,25625341,2092140,JCC Box Cricket League,Box Cricket,2026-06-19,Turf8teen10,Jaipur,7,13914777,Mavericks,13914721,Outliers,Outliers,Resulted,4 wickets,1,13914777,Mavericks,57,5,5,7.0,0,8.14,0,0,0,0,0.0,0,0,0,0,,,,,,,,,,,,,,,,,,,,,,,,,,,,,2,29,3.4,0,3217470,Rahul Rathore,,CricHeroes scorecard v2
1308,FALL_OF_WICKET,2,25625341,2092140,JCC Box Cricket League,Box Cricket,2026-06-19,Turf8teen10,Jaipur,7,13914777,Mavericks,13914721,Outliers,Outliers,Resulted,4 wickets,1,13914777,Mavericks,57,5,5,7.0,0,8.14,0,0,0,0,0.0,0,0,0,0,,,,,,,,,,,,,,,,,,,,,,,,,,,,,3,40,4.5,0,52038417,Vikas,,CricHeroes scorecard v2
1309,FALL_OF_WICKET,2,25625341,2092140,JCC Box Cricket League,Box Cricket,2026-06-19,Turf8teen10,Jaipur,7,13914777,Mavericks,13914721,Outliers,Outliers,Resulted,4 wickets,1,13914777,Mavericks,57,5,5,7.0,0,8.14,0,0,0,0,0.0,0,0,0,0,,,,,,,,,,,,,,,,,,,,,,,,,,,,,4,41,5.2,0,4807250,Dr. Gaurav,,CricHeroes scorecard v2
1310,FALL_OF_WICKET,2,25625341,2092140,JCC Box Cricket League,Box Cricket,2026-06-19,Turf8teen10,Jaipur,7,13914777,Mavericks,13914721,Outliers,Outliers,Resulted,4 wickets,1,13914777,Mavericks,57,5,5,7.0,0,8.14,0,0,0,0,0.0,0,0,0,0,,,,,,,,,,,,,,,,,,,,,,,,,,,,,5,57,6.5,0,38735959,Siddharth Rao,,CricHeroes scorecard v2
1311,FALL_OF_WICKET,2,25625341,2092140,JCC Box Cricket League,Box Cricket,2026-06-19,Turf8teen10,Jaipur,7,13914777,Mavericks,13914721,Outliers,Outliers,Resulted,4 wickets,2,13914721,Outliers,59,2,5,5.1,0,11.42,0,0,0,0,0.0,0,0,0,0,,,,,,,,,,,,,,,,,,,,,,,,,,,,,1,0,0.1,0,21015521,Satvik Todwal,,CricHeroes scorecard v2
1312,FALL_OF_WICKET,2,25625341,2092140,JCC Box Cricket League,Box Cricket,2026-06-19,Turf8teen10,Jaipur,7,13914777,Mavericks,13914721,Outliers,Outliers,Resulted,4 wickets,2,13914721,Outliers,59,2,5,5.1,0,11.42,0,0,0,0,0.0,0,0,0,0,,,,,,,,,,,,,,,,,,,,,,,,,,,,,2,22,1.2,0,31438284,Dhruv Paliwal,,CricHeroes scorecard v2
1313,FALL_OF_WICKET,2,25625328,2092140,JCC Box Cricket League,Box Cricket,2026-06-19,Turf8teen10,Jaipur,7,13914529,Neuro strikers,13914721,Outliers,Outliers,Resulted,4 wickets,1,13914529,Neuro strikers,74,1,5,7.0,0,10.57,0,0,0,0,0.0,0,0,0,0,,,,,,,,,,,,,,,,,,,,,,,,,,,,,1,27,2.1,0,50368825,Bhairav Deep Touchy,,CricHeroes scorecard v2
1314,FALL_OF_WICKET,2,25625328,2092140,JCC Box Cricket League,Box Cricket,2026-06-19,Turf8teen10,Jaipur,7,13914529,Neuro strikers,13914721,Outliers,Outliers,Resulted,4 wickets,2,13914721,Outliers,78,2,8,6.3,0,12.0,0,0,0,0,0.0,0,0,0,0,,,,,,,,,,,,,,,,,,,,,,,,,,,,,1,18,1.5,0,31438284,Dhruv Paliwal,,CricHeroes scorecard v2
1315,FALL_OF_WICKET,2,25625328,2092140,JCC Box Cricket League,Box Cricket,2026-06-19,Turf8teen10,Jaipur,7,13914529,Neuro strikers,13914721,Outliers,Outliers,Resulted,4 wickets,2,13914721,Outliers,78,2,8,6.3,0,12.0,0,0,0,0,0.0,0,0,0,0,,,,,,,,,,,,,,,,,,,,,,,,,,,,,2,67,5.2,0,33295238,Mahesh kumar,,CricHeroes scorecard v2
1316,FALL_OF_WICKET,2,25625285,2092140,JCC Box Cricket League,Box Cricket,2026-06-19,Turf8teen10,Jaipur,7,13914777,Mavericks,13914529,Neuro strikers,Mavericks,Resulted,24 runs,1,13914777,Mavericks,69,3,3,7.0,0,9.86,0,0,0,0,0.0,0,0,0,0,,,,,,,,,,,,,,,,,,,,,,,,,,,,,1,26,2.4,0,5228456,Anil Rawat,,CricHeroes scorecard v2
1317,FALL_OF_WICKET,2,25625285,2092140,JCC Box Cricket League,Box Cricket,2026-06-19,Turf8teen10,Jaipur,7,13914777,Mavericks,13914529,Neuro strikers,Mavericks,Resulted,24 runs,1,13914777,Mavericks,69,3,3,7.0,0,9.86,0,0,0,0,0.0,0,0,0,0,,,,,,,,,,,,,,,,,,,,,,,,,,,,,2,67,6.4,0,38735959,Siddharth Rao,,CricHeroes scorecard v2
1318,FALL_OF_WICKET,2,25625285,2092140,JCC Box Cricket League,Box Cricket,2026-06-19,Turf8teen10,Jaipur,7,13914777,Mavericks,13914529,Neuro strikers,Mavericks,Resulted,24 runs,1,13914777,Mavericks,69,3,3,7.0,0,9.86,0,0,0,0,0.0,0,0,0,0,,,,,,,,,,,,,,,,,,,,,,,,,,,,,3,69,7.0,0,4807250,Dr. Gaurav,,CricHeroes scorecard v2
1319,FALL_OF_WICKET,2,25625285,2092140,JCC Box Cricket League,Box Cricket,2026-06-19,Turf8teen10,Jaipur,7,13914777,Mavericks,13914529,Neuro strikers,Mavericks,Resulted,24 runs,2,13914529,Neuro strikers,45,2,3,7.0,0,6.43,0,0,0,0,0.0,0,0,0,0,,,,,,,,,,,,,,,,,,,,,,,,,,,,,1,38,3.5,0,49460120,Sagar,,CricHeroes scorecard v2
1320,FALL_OF_WICKET,2,25625285,2092140,JCC Box Cricket League,Box Cricket,2026-06-19,Turf8teen10,Jaipur,7,13914777,Mavericks,13914529,Neuro strikers,Mavericks,Resulted,24 runs,2,13914529,Neuro strikers,45,2,3,7.0,0,6.43,0,0,0,0,0.0,0,0,0,0,,,,,,,,,,,,,,,,,,,,,,,,,,,,,2,45,5.4,0,50368825,Bhairav Deep Touchy,,CricHeroes scorecard v2
1321,FALL_OF_WICKET,2,25517051,2092140,JCC Box Cricket League,Box Cricket,2026-06-14,Turf8teen10,Jaipur,7,13914529,Neuro strikers,13914777,Mavericks,Neuro strikers,Resulted,42 runs,1,13914529,Neuro strikers,110,1,4,7.0,0,15.71,0,0,0,0,0.0,0,0,0,0,,,,,,,,,,,,,,,,,,,,,,,,,,,,,1,103,6.4,0,50368825,Bhairav Deep Touchy,,CricHeroes scorecard v2
1322,FALL_OF_WICKET,2,25517051,2092140,JCC Box Cricket League,Box Cricket,2026-06-14,Turf8teen10,Jaipur,7,13914529,Neuro strikers,13914777,Mavericks,Neuro strikers,Resulted,42 runs,2,13914777,Mavericks,68,2,5,7.0,0,9.71,0,0,0,0,0.0,0,0,0,0,,,,,,,,,,,,,,,,,,,,,,,,,,,,,1,25,2.5,0,5228456,Anil Rawat,,CricHeroes scorecard v2
1323,FALL_OF_WICKET,2,25517051,2092140,JCC Box Cricket League,Box Cricket,2026-06-14,Turf8teen10,Jaipur,7,13914529,Neuro strikers,13914777,Mavericks,Neuro strikers,Resulted,42 runs,2,13914777,Mavericks,68,2,5,7.0,0,9.71,0,0,0,0,0.0,0,0,0,0,,,,,,,,,,,,,,,,,,,,,,,,,,,,,2,30,4.0,0,50368818,Sanjeev Meena Brewvana Owner,,CricHeroes scorecard v2
1324,FALL_OF_WICKET,2,25499868,2092140,JCC Box Cricket League,Box Cricket,2026-06-14,Turf8teen10,Jaipur,7,13914777,Mavericks,13914721,Outliers,,Tie,Tie,1,13914777,Mavericks,78,5,4,7.0,0,11.14,0,0,0,0,0.0,0,0,0,0,,,,,,,,,,,,,,,,,,,,,,,,,,,,,1,25,2.2,0,52038417,Vikas,,CricHeroes scorecard v2
1325,FALL_OF_WICKET,2,25499868,2092140,JCC Box Cricket League,Box Cricket,2026-06-14,Turf8teen10,Jaipur,7,13914777,Mavericks,13914721,Outliers,,Tie,Tie,1,13914777,Mavericks,78,5,4,7.0,0,11.14,0,0,0,0,0.0,0,0,0,0,,,,,,,,,,,,,,,,,,,,,,,,,,,,,2,44,3.4,0,5228456,Anil Rawat,,CricHeroes scorecard v2
1326,FALL_OF_WICKET,2,25499868,2092140,JCC Box Cricket League,Box Cricket,2026-06-14,Turf8teen10,Jaipur,7,13914777,Mavericks,13914721,Outliers,,Tie,Tie,1,13914777,Mavericks,78,5,4,7.0,0,11.14,0,0,0,0,0.0,0,0,0,0,,,,,,,,,,,,,,,,,,,,,,,,,,,,,3,44,4.0,0,15803869,Nitin Setia,,CricHeroes scorecard v2
1327,FALL_OF_WICKET,2,25499868,2092140,JCC Box Cricket League,Box Cricket,2026-06-14,Turf8teen10,Jaipur,7,13914777,Mavericks,13914721,Outliers,,Tie,Tie,1,13914777,Mavericks,78,5,4,7.0,0,11.14,0,0,0,0,0.0,0,0,0,0,,,,,,,,,,,,,,,,,,,,,,,,,,,,,4,67,6.2,0,49460259,Nitesh,,CricHeroes scorecard v2
1328,FALL_OF_WICKET,2,25499868,2092140,JCC Box Cricket League,Box Cricket,2026-06-14,Turf8teen10,Jaipur,7,13914777,Mavericks,13914721,Outliers,,Tie,Tie,1,13914777,Mavericks,78,5,4,7.0,0,11.14,0,0,0,0,0.0,0,0,0,0,,,,,,,,,,,,,,,,,,,,,,,,,,,,,5,67,6.3,0,52038452,Krshna,,CricHeroes scorecard v2
1329,FALL_OF_WICKET,2,25499868,2092140,JCC Box Cricket League,Box Cricket,2026-06-14,Turf8teen10,Jaipur,7,13914777,Mavericks,13914721,Outliers,,Tie,Tie,2,13914721,Outliers,78,2,9,7.0,0,11.14,0,0,0,0,0.0,0,0,0,0,,,,,,,,,,,,,,,,,,,,,,,,,,,,,1,8,1.1,0,50368843,Harnoor Singh,,CricHeroes scorecard v2
1330,FALL_OF_WICKET,2,25499868,2092140,JCC Box Cricket League,Box Cricket,2026-06-14,Turf8teen10,Jaipur,7,13914777,Mavericks,13914721,Outliers,,Tie,Tie,2,13914721,Outliers,78,2,9,7.0,0,11.14,0,0,0,0,0.0,0,0,0,0,,,,,,,,,,,,,,,,,,,,,,,,,,,,,2,16,2.1,0,25304305,Naman Mittal,,CricHeroes scorecard v2
1331,FALL_OF_WICKET,2,25499900,2092140,JCC Box Cricket League,Box Cricket,2026-06-14,Turf8teen10,Jaipur,7,13914529,Neuro strikers,13914721,Outliers,Neuro strikers,Resulted,23 runs,1,13914529,Neuro strikers,74,2,3,7.0,0,10.57,0,0,0,0,0.0,0,0,0,0,,,,,,,,,,,,,,,,,,,,,,,,,,,,,1,18,3.0,0,52017845,Prashant Ramchandani,,CricHeroes scorecard v2
1332,FALL_OF_WICKET,2,25499900,2092140,JCC Box Cricket League,Box Cricket,2026-06-14,Turf8teen10,Jaipur,7,13914529,Neuro strikers,13914721,Outliers,Neuro strikers,Resulted,23 runs,1,13914529,Neuro strikers,74,2,3,7.0,0,10.57,0,0,0,0,0.0,0,0,0,0,,,,,,,,,,,,,,,,,,,,,,,,,,,,,1,35,5.0,0,52038035,Sarthak Rathore ,,CricHeroes scorecard v2
1333,FALL_OF_WICKET,2,25499900,2092140,JCC Box Cricket League,Box Cricket,2026-06-14,Turf8teen10,Jaipur,7,13914529,Neuro strikers,13914721,Outliers,Neuro strikers,Resulted,23 runs,1,13914529,Neuro strikers,74,2,3,7.0,0,10.57,0,0,0,0,0.0,0,0,0,0,,,,,,,,,,,,,,,,,,,,,,,,,,,,,2,58,6.1,0,50368825,Bhairav Deep Touchy,,CricHeroes scorecard v2
1334,FALL_OF_WICKET,2,25499900,2092140,JCC Box Cricket League,Box Cricket,2026-06-14,Turf8teen10,Jaipur,7,13914529,Neuro strikers,13914721,Outliers,Neuro strikers,Resulted,23 runs,2,13914721,Outliers,51,5,8,7.0,0,7.29,0,0,0,0,0.0,0,0,0,0,,,,,,,,,,,,,,,,,,,,,,,,,,,,,1,3,0.4,0,50368899,Naman Mavericks,,CricHeroes scorecard v2
1335,FALL_OF_WICKET,2,25499900,2092140,JCC Box Cricket League,Box Cricket,2026-06-14,Turf8teen10,Jaipur,7,13914529,Neuro strikers,13914721,Outliers,Neuro strikers,Resulted,23 runs,2,13914721,Outliers,51,5,8,7.0,0,7.29,0,0,0,0,0.0,0,0,0,0,,,,,,,,,,,,,,,,,,,,,,,,,,,,,2,13,2.0,0,50368843,Harnoor Singh,,CricHeroes scorecard v2
1336,FALL_OF_WICKET,2,25499900,2092140,JCC Box Cricket League,Box Cricket,2026-06-14,Turf8teen10,Jaipur,7,13914529,Neuro strikers,13914721,Outliers,Neuro strikers,Resulted,23 runs,2,13914721,Outliers,51,5,8,7.0,0,7.29,0,0,0,0,0.0,0,0,0,0,,,,,,,,,,,,,,,,,,,,,,,,,,,,,3,31,5.2,0,25304305,Naman Mittal,,CricHeroes scorecard v2
1337,FALL_OF_WICKET,2,25499900,2092140,JCC Box Cricket League,Box Cricket,2026-06-14,Turf8teen10,Jaipur,7,13914529,Neuro strikers,13914721,Outliers,Neuro strikers,Resulted,23 runs,2,13914721,Outliers,51,5,8,7.0,0,7.29,0,0,0,0,0.0,0,0,0,0,,,,,,,,,,,,,,,,,,,,,,,,,,,,,4,43,6.2,0,7989139,Sonu,,CricHeroes scorecard v2
1338,FALL_OF_WICKET,2,25499900,2092140,JCC Box Cricket League,Box Cricket,2026-06-14,Turf8teen10,Jaipur,7,13914529,Neuro strikers,13914721,Outliers,Neuro strikers,Resulted,23 runs,2,13914721,Outliers,51,5,8,7.0,0,7.29,0,0,0,0,0.0,0,0,0,0,,,,,,,,,,,,,,,,,,,,,,,,,,,,,5,43,6.4,0,52038517,Raghav Patodia,,CricHeroes scorecard v2
1339,FALL_OF_WICKET,2,25499848,2092140,JCC Box Cricket League,Box Cricket,2026-06-14,Turf8teen10,Jaipur,7,13914777,Mavericks,13914529,Neuro strikers,Mavericks,Resulted,36 runs,1,13914777,Mavericks,82,0,11,7.0,0,11.71,0,0,0,0,0.0,0,0,0,0,,,,,,,,,,,,,,,,,,,,,,,,,,,,,1,53,5.0,0,49460259,Nitesh,,CricHeroes scorecard v2
1340,FALL_OF_WICKET,2,25499848,2092140,JCC Box Cricket League,Box Cricket,2026-06-14,Turf8teen10,Jaipur,7,13914777,Mavericks,13914529,Neuro strikers,Mavericks,Resulted,36 runs,2,13914529,Neuro strikers,46,3,5,7.0,0,6.57,0,0,0,0,0.0,0,0,0,0,,,,,,,,,,,,,,,,,,,,,,,,,,,,,1,12,1.1,0,50368825,Bhairav Deep Touchy,,CricHeroes scorecard v2
1341,FALL_OF_WICKET,2,25499848,2092140,JCC Box Cricket League,Box Cricket,2026-06-14,Turf8teen10,Jaipur,7,13914777,Mavericks,13914529,Neuro strikers,Mavericks,Resulted,36 runs,2,13914529,Neuro strikers,46,3,5,7.0,0,6.57,0,0,0,0,0.0,0,0,0,0,,,,,,,,,,,,,,,,,,,,,,,,,,,,,2,40,4.4,0,49460120,Sagar,,CricHeroes scorecard v2
1342,FALL_OF_WICKET,2,25499848,2092140,JCC Box Cricket League,Box Cricket,2026-06-14,Turf8teen10,Jaipur,7,13914777,Mavericks,13914529,Neuro strikers,Mavericks,Resulted,36 runs,2,13914529,Neuro strikers,46,3,5,7.0,0,6.57,0,0,0,0,0.0,0,0,0,0,,,,,,,,,,,,,,,,,,,,,,,,,,,,,3,44,5.5,0,52038035,Sarthak Rathore ,,CricHeroes scorecard v2
1343,FALL_OF_WICKET,3,27439735,2141686,JCC Season 3,Box Cricket,2026-10-02,Kodai Box Cricket,Jaipur,7,13914721,Outliers,13914777,Mavericks,Outliers,resulted,7 runs,1,13914721,Outliers,55,2,4,7.0,0,7.86,0,0,0,0,0.0,0,0,0,0,,,,,,,,,,,,,,,,,,,,,,,,,,,,,1,6,1.1,0,52038452,Krshna,,CricHeroes scorecard v2
1344,FALL_OF_WICKET,3,27439735,2141686,JCC Season 3,Box Cricket,2026-10-02,Kodai Box Cricket,Jaipur,7,13914721,Outliers,13914777,Mavericks,Outliers,resulted,7 runs,1,13914721,Outliers,55,2,4,7.0,0,7.86,0,0,0,0,0.0,0,0,0,0,,,,,,,,,,,,,,,,,,,,,,,,,,,,,2,34,4.3,0,15803869,Nitin Setia,,CricHeroes scorecard v2
1345,FALL_OF_WICKET,3,27439735,2141686,JCC Season 3,Box Cricket,2026-10-02,Kodai Box Cricket,Jaipur,7,13914721,Outliers,13914777,Mavericks,Outliers,resulted,7 runs,2,13914777,Mavericks,48,4,2,7.0,0,6.86,0,0,0,0,0.0,0,0,0,0,,,,,,,,,,,,,,,,,,,,,,,,,,,,,1,2,0.4,0,45916629,Rohit Rathore,,CricHeroes scorecard v2
1346,FALL_OF_WICKET,3,27439735,2141686,JCC Season 3,Box Cricket,2026-10-02,Kodai Box Cricket,Jaipur,7,13914721,Outliers,13914777,Mavericks,Outliers,resulted,7 runs,2,13914777,Mavericks,48,4,2,7.0,0,6.86,0,0,0,0,0.0,0,0,0,0,,,,,,,,,,,,,,,,,,,,,,,,,,,,,2,25,4.1,0,3217470,Rahul Rathore,,CricHeroes scorecard v2
1347,FALL_OF_WICKET,3,27439735,2141686,JCC Season 3,Box Cricket,2026-10-02,Kodai Box Cricket,Jaipur,7,13914721,Outliers,13914777,Mavericks,Outliers,resulted,7 runs,2,13914777,Mavericks,48,4,2,7.0,0,6.86,0,0,0,0,0.0,0,0,0,0,,,,,,,,,,,,,,,,,,,,,,,,,,,,,3,40,5.4,0,52760329,Jaivardhan Pathak,,CricHeroes scorecard v2
1348,FALL_OF_WICKET,3,27439735,2141686,JCC Season 3,Box Cricket,2026-10-02,Kodai Box Cricket,Jaipur,7,13914721,Outliers,13914777,Mavericks,Outliers,resulted,7 runs,2,13914777,Mavericks,48,4,2,7.0,0,6.86,0,0,0,0,0.0,0,0,0,0,,,,,,,,,,,,,,,,,,,,,,,,,,,,,4,48,7.0,0,565841,Harish Jangid,,CricHeroes scorecard v2
1349,FALL_OF_WICKET,3,27438765,2141686,JCC Season 3,Box Cricket,2026-10-02,Kodai Box Cricket,Jaipur,7,14263394,VIKINGS,13914529,Neuro strikers,VIKINGS,resulted,10 runs,1,14263394,VIKINGS,69,2,8,7.0,0,9.86,0,0,0,0,0.0,0,0,0,0,,,,,,,,,,,,,,,,,,,,,,,,,,,,,1,43,4.2,0,33295238,Mahesh kumar,,CricHeroes scorecard v2
1350,FALL_OF_WICKET,3,27438765,2141686,JCC Season 3,Box Cricket,2026-10-02,Kodai Box Cricket,Jaipur,7,14263394,VIKINGS,13914529,Neuro strikers,VIKINGS,resulted,10 runs,1,14263394,VIKINGS,69,2,8,7.0,0,9.86,0,0,0,0,0.0,0,0,0,0,,,,,,,,,,,,,,,,,,,,,,,,,,,,,2,64,6.3,0,32622039,Rishi Agarwal,,CricHeroes scorecard v2
1351,FALL_OF_WICKET,3,27438765,2141686,JCC Season 3,Box Cricket,2026-10-02,Kodai Box Cricket,Jaipur,7,14263394,VIKINGS,13914529,Neuro strikers,VIKINGS,resulted,10 runs,2,13914529,Neuro strikers,59,1,2,7.0,0,8.43,0,0,0,0,0.0,0,0,0,0,,,,,,,,,,,,,,,,,,,,,,,,,,,,,1,29,4.1,0,49460120,Sagar,,CricHeroes scorecard v2
1352,FALL_OF_WICKET,3,27437864,2141686,JCC Season 3,Box Cricket,2026-10-02,Kodai Box Cricket,Jaipur,7,13914777,Mavericks,14263394,VIKINGS,VIKINGS,resulted,7 wickets,1,13914777,Mavericks,48,3,5,7.0,0,6.86,0,0,0,0,0.0,0,0,0,0,,,,,,,,,,,,,,,,,,,,,,,,,,,,,1,28,2.4,0,565841,Harish Jangid,,CricHeroes scorecard v2
1353,FALL_OF_WICKET,3,27437864,2141686,JCC Season 3,Box Cricket,2026-10-02,Kodai Box Cricket,Jaipur,7,13914777,Mavericks,14263394,VIKINGS,VIKINGS,resulted,7 wickets,1,13914777,Mavericks,48,3,5,7.0,0,6.86,0,0,0,0,0.0,0,0,0,0,,,,,,,,,,,,,,,,,,,,,,,,,,,,,2,35,4.0,0,3217470,Rahul Rathore,,CricHeroes scorecard v2
1354,FALL_OF_WICKET,3,27437864,2141686,JCC Season 3,Box Cricket,2026-10-02,Kodai Box Cricket,Jaipur,7,13914777,Mavericks,14263394,VIKINGS,VIKINGS,resulted,7 wickets,1,13914777,Mavericks,48,3,5,7.0,0,6.86,0,0,0,0,0.0,0,0,0,0,,,,,,,,,,,,,,,,,,,,,,,,,,,,,3,38,5.1,0,45916629,Rohit Rathore,,CricHeroes scorecard v2
1355,FALL_OF_WICKET,3,27437864,2141686,JCC Season 3,Box Cricket,2026-10-02,Kodai Box Cricket,Jaipur,7,13914777,Mavericks,14263394,VIKINGS,VIKINGS,resulted,7 wickets,2,14263394,VIKINGS,49,1,5,4.1,0,11.76,0,0,0,0,0.0,0,0,0,0,,,,,,,,,,,,,,,,,,,,,,,,,,,,,1,37,3.2,0,33295238,Mahesh kumar,,CricHeroes scorecard v2
1356,FALL_OF_WICKET,3,27436899,2141686,JCC Season 3,Box Cricket,2026-10-02,Kodai Box Cricket,Jaipur,7,13914721,Outliers,13914529,Neuro strikers,Neuro strikers,resulted,5 wickets,1,13914721,Outliers,53,3,4,7.0,0,7.57,0,0,0,0,0.0,0,0,0,0,,,,,,,,,,,,,,,,,,,,,,,,,,,,,1,6,0.3,0,15803869,Nitin Setia,,CricHeroes scorecard v2
1357,FALL_OF_WICKET,3,27436899,2141686,JCC Season 3,Box Cricket,2026-10-02,Kodai Box Cricket,Jaipur,7,13914721,Outliers,13914529,Neuro strikers,Neuro strikers,resulted,5 wickets,1,13914721,Outliers,53,3,4,7.0,0,7.57,0,0,0,0,0.0,0,0,0,0,,,,,,,,,,,,,,,,,,,,,,,,,,,,,2,37,3.3,0,50368899,Naman Mavericks,,CricHeroes scorecard v2
1358,FALL_OF_WICKET,3,27436899,2141686,JCC Season 3,Box Cricket,2026-10-02,Kodai Box Cricket,Jaipur,7,13914721,Outliers,13914529,Neuro strikers,Neuro strikers,resulted,5 wickets,1,13914721,Outliers,53,3,4,7.0,0,7.57,0,0,0,0,0.0,0,0,0,0,,,,,,,,,,,,,,,,,,,,,,,,,,,,,3,49,6.1,0,50368913,Rudraksh,,CricHeroes scorecard v2
1359,FALL_OF_WICKET,3,27436899,2141686,JCC Season 3,Box Cricket,2026-10-02,Kodai Box Cricket,Jaipur,7,13914721,Outliers,13914529,Neuro strikers,Neuro strikers,resulted,5 wickets,2,13914529,Neuro strikers,56,0,4,5.3,0,10.18,0,0,0,0,0.0,0,0,0,0,,,,,,,,,,,,,,,,,,,,,,,,,,,,,,,,,,,,CricHeroes scorecard v2
1360,FALL_OF_WICKET,3,27302684,2141686,JCC Season 3,Limited Overs,2026-09-25,Box Cricket Kodai,Jaipur,7,13914777,Mavericks,13914529,Neuro strikers,Neuro strikers,resulted,3 wickets,1,13914777,Mavericks,29,4,0,7.0,0,4.14,0,0,0,0,0.0,0,0,0,0,,,,,,,,,,,,,,,,,,,,,,,,,,,,,1,13,1.5,0,3217470,Rahul Rathore,,CricHeroes scorecard v2
1361,FALL_OF_WICKET,3,27302684,2141686,JCC Season 3,Limited Overs,2026-09-25,Box Cricket Kodai,Jaipur,7,13914777,Mavericks,13914529,Neuro strikers,Neuro strikers,resulted,3 wickets,1,13914777,Mavericks,29,4,0,7.0,0,4.14,0,0,0,0,0.0,0,0,0,0,,,,,,,,,,,,,,,,,,,,,,,,,,,,,2,13,2.1,0,565841,Harish Jangid,,CricHeroes scorecard v2
1362,FALL_OF_WICKET,3,27302684,2141686,JCC Season 3,Limited Overs,2026-09-25,Box Cricket Kodai,Jaipur,7,13914777,Mavericks,13914529,Neuro strikers,Neuro strikers,resulted,3 wickets,1,13914777,Mavericks,29,4,0,7.0,0,4.14,0,0,0,0,0.0,0,0,0,0,,,,,,,,,,,,,,,,,,,,,,,,,,,,,3,17,4.2,0,52760329,Jaivardhan Pathak,,CricHeroes scorecard v2
1363,FALL_OF_WICKET,3,27302684,2141686,JCC Season 3,Limited Overs,2026-09-25,Box Cricket Kodai,Jaipur,7,13914777,Mavericks,13914529,Neuro strikers,Neuro strikers,resulted,3 wickets,1,13914777,Mavericks,29,4,0,7.0,0,4.14,0,0,0,0,0.0,0,0,0,0,,,,,,,,,,,,,,,,,,,,,,,,,,,,,4,26,6.4,0,49460259,Nitesh,,CricHeroes scorecard v2
1364,FALL_OF_WICKET,3,27302684,2141686,JCC Season 3,Limited Overs,2026-09-25,Box Cricket Kodai,Jaipur,7,13914777,Mavericks,13914529,Neuro strikers,Neuro strikers,resulted,3 wickets,2,13914529,Neuro strikers,30,1,4,3.0,0,10.0,0,0,0,0,0.0,0,0,0,0,,,,,,,,,,,,,,,,,,,,,,,,,,,,,1,0,0.1,0,41945456,Saurabh CBI,,CricHeroes scorecard v2
1365,FALL_OF_WICKET,3,27301928,2141686,JCC Season 3,Limited Overs,2026-09-25,Kodai Box Cricket,Jaipur,7,13914721,Outliers,14263394,VIKINGS,VIKINGS,resulted,3 wickets,1,13914721,Outliers,39,5,6,7.0,0,5.57,0,0,0,0,0.0,0,0,0,0,,,,,,,,,,,,,,,,,,,,,,,,,,,,,1,5,1.1,0,52957941,Madhav Sharma,,CricHeroes scorecard v2
1366,FALL_OF_WICKET,3,27301928,2141686,JCC Season 3,Limited Overs,2026-09-25,Kodai Box Cricket,Jaipur,7,13914721,Outliers,14263394,VIKINGS,VIKINGS,resulted,3 wickets,1,13914721,Outliers,39,5,6,7.0,0,5.57,0,0,0,0,0.0,0,0,0,0,,,,,,,,,,,,,,,,,,,,,,,,,,,,,2,7,1.4,0,50368913,Rudraksh,,CricHeroes scorecard v2
1367,FALL_OF_WICKET,3,27301928,2141686,JCC Season 3,Limited Overs,2026-09-25,Kodai Box Cricket,Jaipur,7,13914721,Outliers,14263394,VIKINGS,VIKINGS,resulted,3 wickets,1,13914721,Outliers,39,5,6,7.0,0,5.57,0,0,0,0,0.0,0,0,0,0,,,,,,,,,,,,,,,,,,,,,,,,,,,,,3,10,2.2,0,52957809,Siddharth Rao Jcc,,CricHeroes scorecard v2
1368,FALL_OF_WICKET,3,27301928,2141686,JCC Season 3,Limited Overs,2026-09-25,Kodai Box Cricket,Jaipur,7,13914721,Outliers,14263394,VIKINGS,VIKINGS,resulted,3 wickets,1,13914721,Outliers,39,5,6,7.0,0,5.57,0,0,0,0,0.0,0,0,0,0,,,,,,,,,,,,,,,,,,,,,,,,,,,,,4,16,3.4,0,52038452,Krshna,,CricHeroes scorecard v2
1369,FALL_OF_WICKET,3,27301928,2141686,JCC Season 3,Limited Overs,2026-09-25,Kodai Box Cricket,Jaipur,7,13914721,Outliers,14263394,VIKINGS,VIKINGS,resulted,3 wickets,1,13914721,Outliers,39,5,6,7.0,0,5.57,0,0,0,0,0.0,0,0,0,0,,,,,,,,,,,,,,,,,,,,,,,,,,,,,5,39,7.0,0,54005754,Devvrat Singh,,CricHeroes scorecard v2
1370,FALL_OF_WICKET,3,27301928,2141686,JCC Season 3,Limited Overs,2026-09-25,Kodai Box Cricket,Jaipur,7,13914721,Outliers,14263394,VIKINGS,VIKINGS,resulted,3 wickets,2,14263394,VIKINGS,40,2,6,4.4,0,8.57,0,0,0,0,0.0,0,0,0,0,,,,,,,,,,,,,,,,,,,,,,,,,,,,,1,35,3.2,0,6314755,Navin Gurjar,,CricHeroes scorecard v2
1371,FALL_OF_WICKET,3,27301928,2141686,JCC Season 3,Limited Overs,2026-09-25,Kodai Box Cricket,Jaipur,7,13914721,Outliers,14263394,VIKINGS,VIKINGS,resulted,3 wickets,2,14263394,VIKINGS,40,2,6,4.4,0,8.57,0,0,0,0,0.0,0,0,0,0,,,,,,,,,,,,,,,,,,,,,,,,,,,,,2,38,4.3,0,33295238,Mahesh kumar,,CricHeroes scorecard v2
1372,FALL_OF_WICKET,3,27301235,2141686,JCC Season 3,Limited Overs,2026-09-25,Kodai Box Cricket,Jaipur,7,13914529,Neuro strikers,13914721,Outliers,Outliers,resulted,5 wickets,1,13914529,Neuro strikers,23,5,7,7.0,0,3.29,0,0,0,0,0.0,0,0,0,0,,,,,,,,,,,,,,,,,,,,,,,,,,,,,1,3,2.0,0,49460120,Sagar,,CricHeroes scorecard v2
1373,FALL_OF_WICKET,3,27301235,2141686,JCC Season 3,Limited Overs,2026-09-25,Kodai Box Cricket,Jaipur,7,13914529,Neuro strikers,13914721,Outliers,Outliers,resulted,5 wickets,1,13914529,Neuro strikers,23,5,7,7.0,0,3.29,0,0,0,0,0.0,0,0,0,0,,,,,,,,,,,,,,,,,,,,,,,,,,,,,2,5,2.5,0,7977983,Rahul  Kasliwal,,CricHeroes scorecard v2
1374,FALL_OF_WICKET,3,27301235,2141686,JCC Season 3,Limited Overs,2026-09-25,Kodai Box Cricket,Jaipur,7,13914529,Neuro strikers,13914721,Outliers,Outliers,resulted,5 wickets,1,13914529,Neuro strikers,23,5,7,7.0,0,3.29,0,0,0,0,0.0,0,0,0,0,,,,,,,,,,,,,,,,,,,,,,,,,,,,,3,15,5.4,0,5228456,Anil Rawat,,CricHeroes scorecard v2
1375,FALL_OF_WICKET,3,27301235,2141686,JCC Season 3,Limited Overs,2026-09-25,Kodai Box Cricket,Jaipur,7,13914529,Neuro strikers,13914721,Outliers,Outliers,resulted,5 wickets,1,13914529,Neuro strikers,23,5,7,7.0,0,3.29,0,0,0,0,0.0,0,0,0,0,,,,,,,,,,,,,,,,,,,,,,,,,,,,,4,23,6.4,0,45916629,Rohit Rathore,,CricHeroes scorecard v2
1376,FALL_OF_WICKET,3,27301235,2141686,JCC Season 3,Limited Overs,2026-09-25,Kodai Box Cricket,Jaipur,7,13914529,Neuro strikers,13914721,Outliers,Outliers,resulted,5 wickets,1,13914529,Neuro strikers,23,5,7,7.0,0,3.29,0,0,0,0,0.0,0,0,0,0,,,,,,,,,,,,,,,,,,,,,,,,,,,,,5,23,7.0,0,41945456,Saurabh CBI,,CricHeroes scorecard v2
1377,FALL_OF_WICKET,3,27301235,2141686,JCC Season 3,Limited Overs,2026-09-25,Kodai Box Cricket,Jaipur,7,13914529,Neuro strikers,13914721,Outliers,Outliers,resulted,5 wickets,2,13914721,Outliers,24,0,3,2.4,0,9.0,0,0,0,0,0.0,0,0,0,0,,,,,,,,,,,,,,,,,,,,,,,,,,,,,,,,,,,,CricHeroes scorecard v2
1378,FALL_OF_WICKET,3,27300331,2141686,JCC Season 3,Limited Overs,2026-09-25,Box Cricket Kodai,Jaipur,7,13914777,Mavericks,14263394,VIKINGS,Mavericks,resulted,8 runs,1,13914777,Mavericks,38,3,3,7.0,0,5.43,0,0,0,0,0.0,0,0,0,0,,,,,,,,,,,,,,,,,,,,,,,,,,,,,1,1,0.2,0,45916629,Rohit Rathore,,CricHeroes scorecard v2
1379,FALL_OF_WICKET,3,27300331,2141686,JCC Season 3,Limited Overs,2026-09-25,Box Cricket Kodai,Jaipur,7,13914777,Mavericks,14263394,VIKINGS,Mavericks,resulted,8 runs,1,13914777,Mavericks,38,3,3,7.0,0,5.43,0,0,0,0,0.0,0,0,0,0,,,,,,,,,,,,,,,,,,,,,,,,,,,,,2,23,3.3,0,565841,Harish Jangid,,CricHeroes scorecard v2
1380,FALL_OF_WICKET,3,27300331,2141686,JCC Season 3,Limited Overs,2026-09-25,Box Cricket Kodai,Jaipur,7,13914777,Mavericks,14263394,VIKINGS,Mavericks,resulted,8 runs,1,13914777,Mavericks,38,3,3,7.0,0,5.43,0,0,0,0,0.0,0,0,0,0,,,,,,,,,,,,,,,,,,,,,,,,,,,,,3,25,4.3,0,3217470,Rahul Rathore,,CricHeroes scorecard v2
1381,FALL_OF_WICKET,3,27300331,2141686,JCC Season 3,Limited Overs,2026-09-25,Box Cricket Kodai,Jaipur,7,13914777,Mavericks,14263394,VIKINGS,Mavericks,resulted,8 runs,2,14263394,VIKINGS,30,4,5,7.0,0,4.29,0,0,0,0,0.0,0,0,0,0,,,,,,,,,,,,,,,,,,,,,,,,,,,,,1,11,2.4,0,33295238,Mahesh kumar,,CricHeroes scorecard v2
1382,FALL_OF_WICKET,3,27300331,2141686,JCC Season 3,Limited Overs,2026-09-25,Box Cricket Kodai,Jaipur,7,13914777,Mavericks,14263394,VIKINGS,Mavericks,resulted,8 runs,2,14263394,VIKINGS,30,4,5,7.0,0,4.29,0,0,0,0,0.0,0,0,0,0,,,,,,,,,,,,,,,,,,,,,,,,,,,,,2,12,3.1,0,50368825,Bhairav Deep,,CricHeroes scorecard v2
1383,FALL_OF_WICKET,3,27300331,2141686,JCC Season 3,Limited Overs,2026-09-25,Box Cricket Kodai,Jaipur,7,13914777,Mavericks,14263394,VIKINGS,Mavericks,resulted,8 runs,2,14263394,VIKINGS,30,4,5,7.0,0,4.29,0,0,0,0,0.0,0,0,0,0,,,,,,,,,,,,,,,,,,,,,,,,,,,,,3,18,4.4,0,38946978,Yash Pareek,,CricHeroes scorecard v2
1384,FALL_OF_WICKET,3,27300331,2141686,JCC Season 3,Limited Overs,2026-09-25,Box Cricket Kodai,Jaipur,7,13914777,Mavericks,14263394,VIKINGS,Mavericks,resulted,8 runs,2,14263394,VIKINGS,30,4,5,7.0,0,4.29,0,0,0,0,0.0,0,0,0,0,,,,,,,,,,,,,,,,,,,,,,,,,,,,,4,21,5.2,0,1748478,Nishant Gupta,,CricHeroes scorecard v2
1385,FALL_OF_WICKET,3,27186480,2141686,JCC Season 3,Box Cricket,2026-09-18,Kodai Box Cricket,Jaipur,7,13914529,Neuro strikers,14263394,VIKINGS,Neuro strikers,resulted,40 runs,1,13914529,Neuro strikers,87,1,10,7.0,0,12.43,0,0,0,0,0.0,0,0,0,0,,,,,,,,,,,,,,,,,,,,,,,,,,,,,1,77,6.2,0,5228456,Anil Rawat,,CricHeroes scorecard v2
1386,FALL_OF_WICKET,3,27186480,2141686,JCC Season 3,Box Cricket,2026-09-18,Kodai Box Cricket,Jaipur,7,13914529,Neuro strikers,14263394,VIKINGS,Neuro strikers,resulted,40 runs,2,14263394,VIKINGS,47,5,7,7.0,0,6.71,0,0,0,0,0.0,0,0,0,0,,,,,,,,,,,,,,,,,,,,,,,,,,,,,1,40,5.2,0,50368825,Bhairav Deep,,CricHeroes scorecard v2
1387,FALL_OF_WICKET,3,27186480,2141686,JCC Season 3,Box Cricket,2026-09-18,Kodai Box Cricket,Jaipur,7,13914529,Neuro strikers,14263394,VIKINGS,Neuro strikers,resulted,40 runs,2,14263394,VIKINGS,47,5,7,7.0,0,6.71,0,0,0,0,0.0,0,0,0,0,,,,,,,,,,,,,,,,,,,,,,,,,,,,,2,40,5.4,0,53313171,Bhaskar Rathore,,CricHeroes scorecard v2
1388,FALL_OF_WICKET,3,27186480,2141686,JCC Season 3,Box Cricket,2026-09-18,Kodai Box Cricket,Jaipur,7,13914529,Neuro strikers,14263394,VIKINGS,Neuro strikers,resulted,40 runs,2,14263394,VIKINGS,47,5,7,7.0,0,6.71,0,0,0,0,0.0,0,0,0,0,,,,,,,,,,,,,,,,,,,,,,,,,,,,,3,47,6.3,0,33295238,Mahesh kumar,,CricHeroes scorecard v2
1389,FALL_OF_WICKET,3,27186480,2141686,JCC Season 3,Box Cricket,2026-09-18,Kodai Box Cricket,Jaipur,7,13914529,Neuro strikers,14263394,VIKINGS,Neuro strikers,resulted,40 runs,2,14263394,VIKINGS,47,5,7,7.0,0,6.71,0,0,0,0,0.0,0,0,0,0,,,,,,,,,,,,,,,,,,,,,,,,,,,,,4,47,6.4,0,1748478,Nishant Gupta,,CricHeroes scorecard v2
1390,FALL_OF_WICKET,3,27186480,2141686,JCC Season 3,Box Cricket,2026-09-18,Kodai Box Cricket,Jaipur,7,13914529,Neuro strikers,14263394,VIKINGS,Neuro strikers,resulted,40 runs,2,14263394,VIKINGS,47,5,7,7.0,0,6.71,0,0,0,0,0.0,0,0,0,0,,,,,,,,,,,,,,,,,,,,,,,,,,,,,5,47,7.0,0,9429841,Opal,,CricHeroes scorecard v2
1391,FALL_OF_WICKET,3,27185697,2141686,JCC Season 3,Box Cricket,2026-09-18,Kodai Box Cricket,Jaipur,7,13914721,Outliers,13914777,Mavericks,Mavericks,resulted,7 wickets,1,13914721,Outliers,47,4,5,7.0,0,6.71,0,0,0,0,0.0,0,0,0,0,,,,,,,,,,,,,,,,,,,,,,,,,,,,,1,3,1.2,0,15803869,Nitin Setia,,CricHeroes scorecard v2
1392,FALL_OF_WICKET,3,27185697,2141686,JCC Season 3,Box Cricket,2026-09-18,Kodai Box Cricket,Jaipur,7,13914721,Outliers,13914777,Mavericks,Mavericks,resulted,7 wickets,1,13914721,Outliers,47,4,5,7.0,0,6.71,0,0,0,0,0.0,0,0,0,0,,,,,,,,,,,,,,,,,,,,,,,,,,,,,2,33,4.2,0,52957941,Madhav Sharma,,CricHeroes scorecard v2
1393,FALL_OF_WICKET,3,27185697,2141686,JCC Season 3,Box Cricket,2026-09-18,Kodai Box Cricket,Jaipur,7,13914721,Outliers,13914777,Mavericks,Mavericks,resulted,7 wickets,1,13914721,Outliers,47,4,5,7.0,0,6.71,0,0,0,0,0.0,0,0,0,0,,,,,,,,,,,,,,,,,,,,,,,,,,,,,3,42,5.1,0,50368899,Naman Mavericks,,CricHeroes scorecard v2
1394,FALL_OF_WICKET,3,27185697,2141686,JCC Season 3,Box Cricket,2026-09-18,Kodai Box Cricket,Jaipur,7,13914721,Outliers,13914777,Mavericks,Mavericks,resulted,7 wickets,1,13914721,Outliers,47,4,5,7.0,0,6.71,0,0,0,0,0.0,0,0,0,0,,,,,,,,,,,,,,,,,,,,,,,,,,,,,4,45,6.3,0,52957809,Siddharth Rao Jcc,,CricHeroes scorecard v2
1395,FALL_OF_WICKET,3,27185697,2141686,JCC Season 3,Box Cricket,2026-09-18,Kodai Box Cricket,Jaipur,7,13914721,Outliers,13914777,Mavericks,Mavericks,resulted,7 wickets,2,13914777,Mavericks,48,0,1,6.3,0,7.38,0,0,0,0,0.0,0,0,0,0,,,,,,,,,,,,,,,,,,,,,,,,,,,,,,,,,,,,CricHeroes scorecard v2
1396,FALL_OF_WICKET,3,27184789,2141686,JCC Season 3,Box Cricket,2026-09-18,Kodai Box Cricket,Jaipur,7,13914721,Outliers,14263394,VIKINGS,Outliers,resulted,5 runs,1,13914721,Outliers,35,3,7,7.0,0,5.0,0,0,0,0,0.0,0,0,0,0,,,,,,,,,,,,,,,,,,,,,,,,,,,,,1,14,1.1,0,15803869,Nitin Setia,,CricHeroes scorecard v2
1397,FALL_OF_WICKET,3,27184789,2141686,JCC Season 3,Box Cricket,2026-09-18,Kodai Box Cricket,Jaipur,7,13914721,Outliers,14263394,VIKINGS,Outliers,resulted,5 runs,1,13914721,Outliers,35,3,7,7.0,0,5.0,0,0,0,0,0.0,0,0,0,0,,,,,,,,,,,,,,,,,,,,,,,,,,,,,2,18,3.4,0,52957941,Madhav Sharma,,CricHeroes scorecard v2
1398,FALL_OF_WICKET,3,27184789,2141686,JCC Season 3,Box Cricket,2026-09-18,Kodai Box Cricket,Jaipur,7,13914721,Outliers,14263394,VIKINGS,Outliers,resulted,5 runs,1,13914721,Outliers,35,3,7,7.0,0,5.0,0,0,0,0,0.0,0,0,0,0,,,,,,,,,,,,,,,,,,,,,,,,,,,,,3,19,4.0,0,50368899,Naman Mavericks,,CricHeroes scorecard v2
1399,FALL_OF_WICKET,3,27184789,2141686,JCC Season 3,Box Cricket,2026-09-18,Kodai Box Cricket,Jaipur,7,13914721,Outliers,14263394,VIKINGS,Outliers,resulted,5 runs,2,14263394,VIKINGS,30,4,3,7.0,0,4.29,0,0,0,0,0.0,0,0,0,0,,,,,,,,,,,,,,,,,,,,,,,,,,,,,1,8,1.1,0,33295238,Mahesh kumar,,CricHeroes scorecard v2
1400,FALL_OF_WICKET,3,27184789,2141686,JCC Season 3,Box Cricket,2026-09-18,Kodai Box Cricket,Jaipur,7,13914721,Outliers,14263394,VIKINGS,Outliers,resulted,5 runs,2,14263394,VIKINGS,30,4,3,7.0,0,4.29,0,0,0,0,0.0,0,0,0,0,,,,,,,,,,,,,,,,,,,,,,,,,,,,,2,14,2.3,0,50368825,Bhairav Deep,,CricHeroes scorecard v2
1401,FALL_OF_WICKET,3,27184789,2141686,JCC Season 3,Box Cricket,2026-09-18,Kodai Box Cricket,Jaipur,7,13914721,Outliers,14263394,VIKINGS,Outliers,resulted,5 runs,2,14263394,VIKINGS,30,4,3,7.0,0,4.29,0,0,0,0,0.0,0,0,0,0,,,,,,,,,,,,,,,,,,,,,,,,,,,,,3,18,3.3,0,53313171,Bhaskar Rathore,,CricHeroes scorecard v2
1402,FALL_OF_WICKET,3,27184789,2141686,JCC Season 3,Box Cricket,2026-09-18,Kodai Box Cricket,Jaipur,7,13914721,Outliers,14263394,VIKINGS,Outliers,resulted,5 runs,2,14263394,VIKINGS,30,4,3,7.0,0,4.29,0,0,0,0,0.0,0,0,0,0,,,,,,,,,,,,,,,,,,,,,,,,,,,,,4,25,5.4,0,1748478,Nishant Gupta,,CricHeroes scorecard v2
1403,FALL_OF_WICKET,3,27184046,2141686,JCC Season 3,Box Cricket,2026-09-18,Kodai Box Cricket,Jaipur,7,13914529,Neuro strikers,13914777,Mavericks,Neuro strikers,resulted,6 runs,1,13914529,Neuro strikers,34,5,6,7.0,0,4.86,0,0,0,0,0.0,0,0,0,0,,,,,,,,,,,,,,,,,,,,,,,,,,,,,1,14,1.4,0,49460120,Sagar,,CricHeroes scorecard v2
1404,FALL_OF_WICKET,3,27184046,2141686,JCC Season 3,Box Cricket,2026-09-18,Kodai Box Cricket,Jaipur,7,13914529,Neuro strikers,13914777,Mavericks,Neuro strikers,resulted,6 runs,1,13914529,Neuro strikers,34,5,6,7.0,0,4.86,0,0,0,0,0.0,0,0,0,0,,,,,,,,,,,,,,,,,,,,,,,,,,,,,2,15,2.5,0,7977983,Rahul  Kasliwal,,CricHeroes scorecard v2
1405,FALL_OF_WICKET,3,27184046,2141686,JCC Season 3,Box Cricket,2026-09-18,Kodai Box Cricket,Jaipur,7,13914529,Neuro strikers,13914777,Mavericks,Neuro strikers,resulted,6 runs,1,13914529,Neuro strikers,34,5,6,7.0,0,4.86,0,0,0,0,0.0,0,0,0,0,,,,,,,,,,,,,,,,,,,,,,,,,,,,,3,18,4.1,0,4807250,Dr. Gaurav,,CricHeroes scorecard v2
1406,FALL_OF_WICKET,3,27184046,2141686,JCC Season 3,Box Cricket,2026-09-18,Kodai Box Cricket,Jaipur,7,13914529,Neuro strikers,13914777,Mavericks,Neuro strikers,resulted,6 runs,1,13914529,Neuro strikers,34,5,6,7.0,0,4.86,0,0,0,0,0.0,0,0,0,0,,,,,,,,,,,,,,,,,,,,,,,,,,,,,4,21,5.0,0,5228456,Anil Rawat,,CricHeroes scorecard v2
1407,FALL_OF_WICKET,3,27184046,2141686,JCC Season 3,Box Cricket,2026-09-18,Kodai Box Cricket,Jaipur,7,13914529,Neuro strikers,13914777,Mavericks,Neuro strikers,resulted,6 runs,1,13914529,Neuro strikers,34,5,6,7.0,0,4.86,0,0,0,0,0.0,0,0,0,0,,,,,,,,,,,,,,,,,,,,,,,,,,,,,5,30,6.4,0,52038417,Vikas,,CricHeroes scorecard v2
1408,FALL_OF_WICKET,3,27184046,2141686,JCC Season 3,Box Cricket,2026-09-18,Kodai Box Cricket,Jaipur,7,13914529,Neuro strikers,13914777,Mavericks,Neuro strikers,resulted,6 runs,2,13914777,Mavericks,28,3,0,7.0,0,4.0,0,0,0,0,0.0,0,0,0,0,,,,,,,,,,,,,,,,,,,,,,,,,,,,,1,12,2.5,0,3217470,Rahul Rathore,,CricHeroes scorecard v2
1409,FALL_OF_WICKET,3,27184046,2141686,JCC Season 3,Box Cricket,2026-09-18,Kodai Box Cricket,Jaipur,7,13914529,Neuro strikers,13914777,Mavericks,Neuro strikers,resulted,6 runs,2,13914777,Mavericks,28,3,0,7.0,0,4.0,0,0,0,0,0.0,0,0,0,0,,,,,,,,,,,,,,,,,,,,,,,,,,,,,1,20,5.0,0,4321458,pankaj tanwar,,CricHeroes scorecard v2
1410,FALL_OF_WICKET,3,27184046,2141686,JCC Season 3,Box Cricket,2026-09-18,Kodai Box Cricket,Jaipur,7,13914529,Neuro strikers,13914777,Mavericks,Neuro strikers,resulted,6 runs,2,13914777,Mavericks,28,3,0,7.0,0,4.0,0,0,0,0,0.0,0,0,0,0,,,,,,,,,,,,,,,,,,,,,,,,,,,,,2,25,6.2,0,52760329,Jaivardhan Pathak,,CricHeroes scorecard v2
1411,FALL_OF_WICKET,3,27184046,2141686,JCC Season 3,Box Cricket,2026-09-18,Kodai Box Cricket,Jaipur,7,13914529,Neuro strikers,13914777,Mavericks,Neuro strikers,resulted,6 runs,2,13914777,Mavericks,28,3,0,7.0,0,4.0,0,0,0,0,0.0,0,0,0,0,,,,,,,,,,,,,,,,,,,,,,,,,,,,,3,28,7.0,0,565841,Harish Jangid,,CricHeroes scorecard v2
1412,FALL_OF_WICKET,3,27075175,2141686,JCC Season 3,Limited Overs,2026-09-11,Kodai Box Cricket 2,Jaipur,7,13914529,Neuro strikers,13914721,Outliers,Outliers,resulted,5 wickets,1,13914529,Neuro strikers,42,2,9,7.0,0,6.0,0,0,0,0,0.0,0,0,0,0,,,,,,,,,,,,,,,,,,,,,,,,,,,,,1,1,0.3,0,5228456,Anil Rawat,,CricHeroes scorecard v2
1413,FALL_OF_WICKET,3,27075175,2141686,JCC Season 3,Limited Overs,2026-09-11,Kodai Box Cricket 2,Jaipur,7,13914529,Neuro strikers,13914721,Outliers,Outliers,resulted,5 wickets,1,13914529,Neuro strikers,42,2,9,7.0,0,6.0,0,0,0,0,0.0,0,0,0,0,,,,,,,,,,,,,,,,,,,,,,,,,,,,,2,42,6.5,0,49460120,Sagar,,CricHeroes scorecard v2
1414,FALL_OF_WICKET,3,27075175,2141686,JCC Season 3,Limited Overs,2026-09-11,Kodai Box Cricket 2,Jaipur,7,13914529,Neuro strikers,13914721,Outliers,Outliers,resulted,5 wickets,2,13914721,Outliers,43,2,3,6.0,0,7.17,0,0,0,0,0.0,0,0,0,0,,,,,,,,,,,,,,,,,,,,,,,,,,,,,1,3,1.3,0,52760329,Jaivardhan Pathak,,CricHeroes scorecard v2
1415,FALL_OF_WICKET,3,27075175,2141686,JCC Season 3,Limited Overs,2026-09-11,Kodai Box Cricket 2,Jaipur,7,13914529,Neuro strikers,13914721,Outliers,Outliers,resulted,5 wickets,2,13914721,Outliers,43,2,3,6.0,0,7.17,0,0,0,0,0.0,0,0,0,0,,,,,,,,,,,,,,,,,,,,,,,,,,,,,2,19,2.4,0,50368899,Naman Mavericks,,CricHeroes scorecard v2
1416,FALL_OF_WICKET,3,27074232,2141686,JCC Season 3,Limited Overs,2026-09-11,Box Cricket Kodai,Jaipur,7,13914529,Neuro strikers,14263394,VIKINGS,VIKINGS,resulted,4 wickets,1,13914529,Neuro strikers,65,4,10,7.0,0,9.29,0,0,0,0,0.0,0,0,0,0,,,,,,,,,,,,,,,,,,,,,,,,,,,,,1,54,5.0,0,5228456,Anil Rawat,,CricHeroes scorecard v2
1417,FALL_OF_WICKET,3,27074232,2141686,JCC Season 3,Limited Overs,2026-09-11,Box Cricket Kodai,Jaipur,7,13914529,Neuro strikers,14263394,VIKINGS,VIKINGS,resulted,4 wickets,1,13914529,Neuro strikers,65,4,10,7.0,0,9.29,0,0,0,0,0.0,0,0,0,0,,,,,,,,,,,,,,,,,,,,,,,,,,,,,2,54,5.1,0,49460120,Sagar,,CricHeroes scorecard v2
1418,FALL_OF_WICKET,3,27074232,2141686,JCC Season 3,Limited Overs,2026-09-11,Box Cricket Kodai,Jaipur,7,13914529,Neuro strikers,14263394,VIKINGS,VIKINGS,resulted,4 wickets,1,13914529,Neuro strikers,65,4,10,7.0,0,9.29,0,0,0,0,0.0,0,0,0,0,,,,,,,,,,,,,,,,,,,,,,,,,,,,,3,60,6.0,0,4807250,Dr. Gaurav,,CricHeroes scorecard v2
1419,FALL_OF_WICKET,3,27074232,2141686,JCC Season 3,Limited Overs,2026-09-11,Box Cricket Kodai,Jaipur,7,13914529,Neuro strikers,14263394,VIKINGS,VIKINGS,resulted,4 wickets,1,13914529,Neuro strikers,65,4,10,7.0,0,9.29,0,0,0,0,0.0,0,0,0,0,,,,,,,,,,,,,,,,,,,,,,,,,,,,,4,60,6.1,0,8590477,Aditya M.,,CricHeroes scorecard v2
1420,FALL_OF_WICKET,3,27074232,2141686,JCC Season 3,Limited Overs,2026-09-11,Box Cricket Kodai,Jaipur,7,13914529,Neuro strikers,14263394,VIKINGS,VIKINGS,resulted,4 wickets,2,14263394,VIKINGS,66,1,8,5.3,0,12.0,0,0,0,0,0.0,0,0,0,0,,,,,,,,,,,,,,,,,,,,,,,,,,,,,1,56,3.5,0,50368825,Bhairav Deep,,CricHeroes scorecard v2
1421,FALL_OF_WICKET,3,27051912,2141686,JCC Season 3,Box Cricket,2026-09-09,Kodai Box Cricket,Jaipur,7,14263394,VIKINGS,13914721,Outliers,Outliers,resulted,5 wickets,1,14263394,VIKINGS,48,2,2,7.0,0,6.86,0,0,0,0,0.0,0,0,0,0,,,,,,,,,,,,,,,,,,,,,,,,,,,,,1,28,4.0,0,50368825,Bhairav Deep,,CricHeroes scorecard v2
1422,FALL_OF_WICKET,3,27051912,2141686,JCC Season 3,Box Cricket,2026-09-09,Kodai Box Cricket,Jaipur,7,14263394,VIKINGS,13914721,Outliers,Outliers,resulted,5 wickets,1,14263394,VIKINGS,48,2,2,7.0,0,6.86,0,0,0,0,0.0,0,0,0,0,,,,,,,,,,,,,,,,,,,,,,,,,,,,,2,38,6.0,0,6314755,Navin Gurjar,,CricHeroes scorecard v2
1423,FALL_OF_WICKET,3,27051912,2141686,JCC Season 3,Box Cricket,2026-09-09,Kodai Box Cricket,Jaipur,7,14263394,VIKINGS,13914721,Outliers,Outliers,resulted,5 wickets,2,13914721,Outliers,54,1,1,3.1,0,17.05,0,0,0,0,0.0,0,0,0,0,,,,,,,,,,,,,,,,,,,,,,,,,,,,,1,7,1.1,0,15803869,Nitin Setia,,CricHeroes scorecard v2
1424,FALL_OF_WICKET,3,27051371,2141686,JCC Season 3,Box Cricket,2026-09-09,Kodai Box Cricket,Jaipur,7,13914777,Mavericks,13914529,Neuro strikers,Mavericks,resulted,21 runs,1,13914777,Mavericks,64,2,4,7.0,0,9.14,0,0,0,0,0.0,0,0,0,0,,,,,,,,,,,,,,,,,,,,,,,,,,,,,1,4,1.0,0,3217470,Rahul Rathore,,CricHeroes scorecard v2
1425,FALL_OF_WICKET,3,27051371,2141686,JCC Season 3,Box Cricket,2026-09-09,Kodai Box Cricket,Jaipur,7,13914777,Mavericks,13914529,Neuro strikers,Mavericks,resulted,21 runs,1,13914777,Mavericks,64,2,4,7.0,0,9.14,0,0,0,0,0.0,0,0,0,0,,,,,,,,,,,,,,,,,,,,,,,,,,,,,2,17,3.4,0,52760329,Jaivardhan Pathak,,CricHeroes scorecard v2
1426,FALL_OF_WICKET,3,27051371,2141686,JCC Season 3,Box Cricket,2026-09-09,Kodai Box Cricket,Jaipur,7,13914777,Mavericks,13914529,Neuro strikers,Mavericks,resulted,21 runs,2,13914529,Neuro strikers,43,3,1,7.0,0,6.14,0,0,0,0,0.0,0,0,0,0,,,,,,,,,,,,,,,,,,,,,,,,,,,,,1,4,1.2,0,49460120,Sagar,,CricHeroes scorecard v2
1427,FALL_OF_WICKET,3,27051371,2141686,JCC Season 3,Box Cricket,2026-09-09,Kodai Box Cricket,Jaipur,7,13914777,Mavericks,13914529,Neuro strikers,Mavericks,resulted,21 runs,2,13914529,Neuro strikers,43,3,1,7.0,0,6.14,0,0,0,0,0.0,0,0,0,0,,,,,,,,,,,,,,,,,,,,,,,,,,,,,2,11,3.0,0,41945456,Saurabh CBI,,CricHeroes scorecard v2
1428,FALL_OF_WICKET,3,27051371,2141686,JCC Season 3,Box Cricket,2026-09-09,Kodai Box Cricket,Jaipur,7,13914777,Mavericks,13914529,Neuro strikers,Mavericks,resulted,21 runs,2,13914529,Neuro strikers,43,3,1,7.0,0,6.14,0,0,0,0,0.0,0,0,0,0,,,,,,,,,,,,,,,,,,,,,,,,,,,,,3,17,5.0,0,5228456,Anil Rawat,,CricHeroes scorecard v2
1429,FALL_OF_WICKET,3,27050716,2141686,JCC Season 3,Box Cricket,2026-09-09,Kodai Box Cricket,Jaipur,7,13914777,Mavericks,14263394,VIKINGS,Mavericks,resulted,3 runs,1,13914777,Mavericks,40,5,11,7.0,0,5.71,0,0,0,0,0.0,0,0,0,0,,,,,,,,,,,,,,,,,,,,,,,,,,,,,1,16,1.1,0,565841,Harish Jangid,,CricHeroes scorecard v2
1430,FALL_OF_WICKET,3,27050716,2141686,JCC Season 3,Box Cricket,2026-09-09,Kodai Box Cricket,Jaipur,7,13914777,Mavericks,14263394,VIKINGS,Mavericks,resulted,3 runs,1,13914777,Mavericks,40,5,11,7.0,0,5.71,0,0,0,0,0.0,0,0,0,0,,,,,,,,,,,,,,,,,,,,,,,,,,,,,2,17,1.2,0,52760329,Jaivardhan Pathak,,CricHeroes scorecard v2
1431,FALL_OF_WICKET,3,27050716,2141686,JCC Season 3,Box Cricket,2026-09-09,Kodai Box Cricket,Jaipur,7,13914777,Mavericks,14263394,VIKINGS,Mavericks,resulted,3 runs,1,13914777,Mavericks,40,5,11,7.0,0,5.71,0,0,0,0,0.0,0,0,0,0,,,,,,,,,,,,,,,,,,,,,,,,,,,,,3,17,2.0,0,8131458,Lakshay,,CricHeroes scorecard v2
1432,FALL_OF_WICKET,3,27050716,2141686,JCC Season 3,Box Cricket,2026-09-09,Kodai Box Cricket,Jaipur,7,13914777,Mavericks,14263394,VIKINGS,Mavericks,resulted,3 runs,1,13914777,Mavericks,40,5,11,7.0,0,5.71,0,0,0,0,0.0,0,0,0,0,,,,,,,,,,,,,,,,,,,,,,,,,,,,,4,26,2.5,0,3217470,Rahul Rathore,,CricHeroes scorecard v2
1433,FALL_OF_WICKET,3,27050716,2141686,JCC Season 3,Box Cricket,2026-09-09,Kodai Box Cricket,Jaipur,7,13914777,Mavericks,14263394,VIKINGS,Mavericks,resulted,3 runs,1,13914777,Mavericks,40,5,11,7.0,0,5.71,0,0,0,0,0.0,0,0,0,0,,,,,,,,,,,,,,,,,,,,,,,,,,,,,5,37,5.5,0,49460259,Nitesh,,CricHeroes scorecard v2
1434,FALL_OF_WICKET,3,27050716,2141686,JCC Season 3,Box Cricket,2026-09-09,Kodai Box Cricket,Jaipur,7,13914777,Mavericks,14263394,VIKINGS,Mavericks,resulted,3 runs,2,14263394,VIKINGS,37,2,1,7.0,0,5.29,0,0,0,0,0.0,0,0,0,0,,,,,,,,,,,,,,,,,,,,,,,,,,,,,1,6,2.2,0,50368825,Bhairav Deep,,CricHeroes scorecard v2
1435,FALL_OF_WICKET,3,27050716,2141686,JCC Season 3,Box Cricket,2026-09-09,Kodai Box Cricket,Jaipur,7,13914777,Mavericks,14263394,VIKINGS,Mavericks,resulted,3 runs,2,14263394,VIKINGS,37,2,1,7.0,0,5.29,0,0,0,0,0.0,0,0,0,0,,,,,,,,,,,,,,,,,,,,,,,,,,,,,2,26,5.3,0,6314755,Navin Gurjar,,CricHeroes scorecard v2
1436,FALL_OF_WICKET,3,27049931,2141686,JCC Season 3,Box Cricket,2026-09-09,Kodai Box Cricket,Jaipur,7,13914529,Neuro strikers,13914721,Outliers,Neuro strikers,resulted,11 runs,1,13914529,Neuro strikers,62,2,9,7.0,0,8.86,0,0,0,0,0.0,0,0,0,0,,,,,,,,,,,,,,,,,,,,,,,,,,,,,1,42,5.1,0,49460120,Sagar,,CricHeroes scorecard v2
1437,FALL_OF_WICKET,3,27049931,2141686,JCC Season 3,Box Cricket,2026-09-09,Kodai Box Cricket,Jaipur,7,13914529,Neuro strikers,13914721,Outliers,Neuro strikers,resulted,11 runs,1,13914529,Neuro strikers,62,2,9,7.0,0,8.86,0,0,0,0,0.0,0,0,0,0,,,,,,,,,,,,,,,,,,,,,,,,,,,,,2,44,5.3,0,7977983,Rahul  Kasliwal,,CricHeroes scorecard v2
1438,FALL_OF_WICKET,3,27049931,2141686,JCC Season 3,Box Cricket,2026-09-09,Kodai Box Cricket,Jaipur,7,13914529,Neuro strikers,13914721,Outliers,Neuro strikers,resulted,11 runs,2,13914721,Outliers,51,4,6,7.0,0,7.29,0,0,0,0,0.0,0,0,0,0,,,,,,,,,,,,,,,,,,,,,,,,,,,,,1,26,3.1,0,52957941,Madhav Sharma,,CricHeroes scorecard v2
1439,FALL_OF_WICKET,3,27049931,2141686,JCC Season 3,Box Cricket,2026-09-09,Kodai Box Cricket,Jaipur,7,13914529,Neuro strikers,13914721,Outliers,Neuro strikers,resulted,11 runs,2,13914721,Outliers,51,4,6,7.0,0,7.29,0,0,0,0,0.0,0,0,0,0,,,,,,,,,,,,,,,,,,,,,,,,,,,,,2,28,3.4,0,50368913,Rudraksh,,CricHeroes scorecard v2
1440,FALL_OF_WICKET,3,27049931,2141686,JCC Season 3,Box Cricket,2026-09-09,Kodai Box Cricket,Jaipur,7,13914529,Neuro strikers,13914721,Outliers,Neuro strikers,resulted,11 runs,2,13914721,Outliers,51,4,6,7.0,0,7.29,0,0,0,0,0.0,0,0,0,0,,,,,,,,,,,,,,,,,,,,,,,,,,,,,3,45,5.2,0,50368899,Naman Mavericks,,CricHeroes scorecard v2
1441,FALL_OF_WICKET,3,27049931,2141686,JCC Season 3,Box Cricket,2026-09-09,Kodai Box Cricket,Jaipur,7,13914529,Neuro strikers,13914721,Outliers,Neuro strikers,resulted,11 runs,2,13914721,Outliers,51,4,6,7.0,0,7.29,0,0,0,0,0.0,0,0,0,0,,,,,,,,,,,,,,,,,,,,,,,,,,,,,4,51,7.0,0,52957809,Siddharth Rao Jcc,,CricHeroes scorecard v2
1442,FALL_OF_WICKET,3,26739667,2141686,JCC Season 3,Box Cricket,2026-08-21,Kodai Box Cricket,Jaipur,7,14263394,VIKINGS,13914529,Neuro strikers,VIKINGS,resulted,16 runs,1,14263394,VIKINGS,66,3,9,7.0,0,9.43,0,0,0,0,0.0,0,0,0,0,,,,,,,,,,,,,,,,,,,,,,,,,,,,,1,22,2.3,0,53313171,Bhaskar Rathore,,CricHeroes scorecard v2
1443,FALL_OF_WICKET,3,26739667,2141686,JCC Season 3,Box Cricket,2026-08-21,Kodai Box Cricket,Jaipur,7,14263394,VIKINGS,13914529,Neuro strikers,VIKINGS,resulted,16 runs,1,14263394,VIKINGS,66,3,9,7.0,0,9.43,0,0,0,0,0.0,0,0,0,0,,,,,,,,,,,,,,,,,,,,,,,,,,,,,2,28,3.3,0,50368825,Bhairav Deep,,CricHeroes scorecard v2
1444,FALL_OF_WICKET,3,26739667,2141686,JCC Season 3,Box Cricket,2026-08-21,Kodai Box Cricket,Jaipur,7,14263394,VIKINGS,13914529,Neuro strikers,VIKINGS,resulted,16 runs,1,14263394,VIKINGS,66,3,9,7.0,0,9.43,0,0,0,0,0.0,0,0,0,0,,,,,,,,,,,,,,,,,,,,,,,,,,,,,3,53,6.3,0,38946978,Yash Pareek,,CricHeroes scorecard v2
1445,FALL_OF_WICKET,3,26739667,2141686,JCC Season 3,Box Cricket,2026-08-21,Kodai Box Cricket,Jaipur,7,14263394,VIKINGS,13914529,Neuro strikers,VIKINGS,resulted,16 runs,2,13914529,Neuro strikers,50,3,7,7.0,0,7.14,0,0,0,0,0.0,0,0,0,0,,,,,,,,,,,,,,,,,,,,,,,,,,,,,1,6,0.4,0,5228456,Anil Rawat,,CricHeroes scorecard v2
1446,FALL_OF_WICKET,3,26739667,2141686,JCC Season 3,Box Cricket,2026-08-21,Kodai Box Cricket,Jaipur,7,14263394,VIKINGS,13914529,Neuro strikers,VIKINGS,resulted,16 runs,2,13914529,Neuro strikers,50,3,7,7.0,0,7.14,0,0,0,0,0.0,0,0,0,0,,,,,,,,,,,,,,,,,,,,,,,,,,,,,2,22,3.0,0,49460120,Sagar,,CricHeroes scorecard v2
1447,FALL_OF_WICKET,3,26739667,2141686,JCC Season 3,Box Cricket,2026-08-21,Kodai Box Cricket,Jaipur,7,14263394,VIKINGS,13914529,Neuro strikers,VIKINGS,resulted,16 runs,2,13914529,Neuro strikers,50,3,7,7.0,0,7.14,0,0,0,0,0.0,0,0,0,0,,,,,,,,,,,,,,,,,,,,,,,,,,,,,3,35,4.1,0,41945456,Saurabh CBI,,CricHeroes scorecard v2
1448,FALL_OF_WICKET,3,26738741,2141686,JCC Season 3,Box Cricket,2026-08-21,Kodai Box Cricket,Jaipur,7,14263394,VIKINGS,13914721,Outliers,VIKINGS,resulted,19 runs,1,14263394,VIKINGS,72,4,12,7.0,0,10.29,0,0,0,0,0.0,0,0,0,0,,,,,,,,,,,,,,,,,,,,,,,,,,,,,1,8,0.4,0,53313171,Bhaskar Rathore,,CricHeroes scorecard v2
1449,FALL_OF_WICKET,3,26738741,2141686,JCC Season 3,Box Cricket,2026-08-21,Kodai Box Cricket,Jaipur,7,14263394,VIKINGS,13914721,Outliers,VIKINGS,resulted,19 runs,1,14263394,VIKINGS,72,4,12,7.0,0,10.29,0,0,0,0,0.0,0,0,0,0,,,,,,,,,,,,,,,,,,,,,,,,,,,,,2,10,1.1,0,50368825,Bhairav Deep,,CricHeroes scorecard v2
1450,FALL_OF_WICKET,3,26738741,2141686,JCC Season 3,Box Cricket,2026-08-21,Kodai Box Cricket,Jaipur,7,14263394,VIKINGS,13914721,Outliers,VIKINGS,resulted,19 runs,1,14263394,VIKINGS,72,4,12,7.0,0,10.29,0,0,0,0,0.0,0,0,0,0,,,,,,,,,,,,,,,,,,,,,,,,,,,,,3,37,3.1,0,1748478,Nishant Gupta,,CricHeroes scorecard v2
1451,FALL_OF_WICKET,3,26738741,2141686,JCC Season 3,Box Cricket,2026-08-21,Kodai Box Cricket,Jaipur,7,14263394,VIKINGS,13914721,Outliers,VIKINGS,resulted,19 runs,1,14263394,VIKINGS,72,4,12,7.0,0,10.29,0,0,0,0,0.0,0,0,0,0,,,,,,,,,,,,,,,,,,,,,,,,,,,,,4,60,6.0,0,38946978,Yash Pareek,,CricHeroes scorecard v2
1452,FALL_OF_WICKET,3,26738741,2141686,JCC Season 3,Box Cricket,2026-08-21,Kodai Box Cricket,Jaipur,7,14263394,VIKINGS,13914721,Outliers,VIKINGS,resulted,19 runs,2,13914721,Outliers,53,5,6,7.0,0,7.57,0,0,0,0,0.0,0,0,0,0,,,,,,,,,,,,,,,,,,,,,,,,,,,,,1,13,1.4,0,50368899,Naman Mavericks,,CricHeroes scorecard v2
1453,FALL_OF_WICKET,3,26738741,2141686,JCC Season 3,Box Cricket,2026-08-21,Kodai Box Cricket,Jaipur,7,14263394,VIKINGS,13914721,Outliers,VIKINGS,resulted,19 runs,2,13914721,Outliers,53,5,6,7.0,0,7.57,0,0,0,0,0.0,0,0,0,0,,,,,,,,,,,,,,,,,,,,,,,,,,,,,2,20,2.5,0,52957809,Siddharth Rao Jcc,,CricHeroes scorecard v2
1454,FALL_OF_WICKET,3,26738741,2141686,JCC Season 3,Box Cricket,2026-08-21,Kodai Box Cricket,Jaipur,7,14263394,VIKINGS,13914721,Outliers,VIKINGS,resulted,19 runs,2,13914721,Outliers,53,5,6,7.0,0,7.57,0,0,0,0,0.0,0,0,0,0,,,,,,,,,,,,,,,,,,,,,,,,,,,,,3,25,4.0,0,50368913,Rudraksh,,CricHeroes scorecard v2
1455,FALL_OF_WICKET,3,26738741,2141686,JCC Season 3,Box Cricket,2026-08-21,Kodai Box Cricket,Jaipur,7,14263394,VIKINGS,13914721,Outliers,VIKINGS,resulted,19 runs,2,13914721,Outliers,53,5,6,7.0,0,7.57,0,0,0,0,0.0,0,0,0,0,,,,,,,,,,,,,,,,,,,,,,,,,,,,,4,40,4.5,0,52957941,Madhav Sharma,,CricHeroes scorecard v2
1456,FALL_OF_WICKET,3,26738741,2141686,JCC Season 3,Box Cricket,2026-08-21,Kodai Box Cricket,Jaipur,7,14263394,VIKINGS,13914721,Outliers,VIKINGS,resulted,19 runs,2,13914721,Outliers,53,5,6,7.0,0,7.57,0,0,0,0,0.0,0,0,0,0,,,,,,,,,,,,,,,,,,,,,,,,,,,,,5,53,6.5,0,15803869,Nitin Setia,,CricHeroes scorecard v2
1457,FALL_OF_WICKET,3,26738090,2141686,JCC Season 3,Box Cricket,2026-08-21,Kodai Box Cricket,Jaipur,7,13914777,Mavericks,13914529,Neuro strikers,Neuro strikers,resulted,5 wickets,1,13914777,Mavericks,40,3,6,7.0,0,5.71,0,0,0,0,0.0,0,0,0,0,,,,,,,,,,,,,,,,,,,,,,,,,,,,,1,21,2.0,0,565841,Harish Jangid,,CricHeroes scorecard v2
1458,FALL_OF_WICKET,3,26738090,2141686,JCC Season 3,Box Cricket,2026-08-21,Kodai Box Cricket,Jaipur,7,13914777,Mavericks,13914529,Neuro strikers,Neuro strikers,resulted,5 wickets,1,13914777,Mavericks,40,3,6,7.0,0,5.71,0,0,0,0,0.0,0,0,0,0,,,,,,,,,,,,,,,,,,,,,,,,,,,,,2,31,3.2,0,45916629,Rohit Rathore,,CricHeroes scorecard v2
1459,FALL_OF_WICKET,3,26738090,2141686,JCC Season 3,Box Cricket,2026-08-21,Kodai Box Cricket,Jaipur,7,13914777,Mavericks,13914529,Neuro strikers,Neuro strikers,resulted,5 wickets,1,13914777,Mavericks,40,3,6,7.0,0,5.71,0,0,0,0,0.0,0,0,0,0,,,,,,,,,,,,,,,,,,,,,,,,,,,,,3,39,6.4,0,3217470,Rahul Rathore,,CricHeroes scorecard v2
1460,FALL_OF_WICKET,3,26738090,2141686,JCC Season 3,Box Cricket,2026-08-21,Kodai Box Cricket,Jaipur,7,13914777,Mavericks,13914529,Neuro strikers,Neuro strikers,resulted,5 wickets,2,13914529,Neuro strikers,44,2,2,5.4,0,7.76,0,0,0,0,0.0,0,0,0,0,,,,,,,,,,,,,,,,,,,,,,,,,,,,,1,2,0.4,0,49460120,Sagar,,CricHeroes scorecard v2
1461,FALL_OF_WICKET,3,26738090,2141686,JCC Season 3,Box Cricket,2026-08-21,Kodai Box Cricket,Jaipur,7,13914777,Mavericks,13914529,Neuro strikers,Neuro strikers,resulted,5 wickets,2,13914529,Neuro strikers,44,2,2,5.4,0,7.76,0,0,0,0,0.0,0,0,0,0,,,,,,,,,,,,,,,,,,,,,,,,,,,,,2,28,4.2,0,5228456,Anil Rawat,,CricHeroes scorecard v2
1462,FALL_OF_WICKET,3,26737213,2141686,JCC Season 3,Box Cricket,2026-08-21,Kodai Box Cricket,Jaipur,7,13914777,Mavericks,13914721,Outliers,Mavericks,resulted,32 runs,1,13914777,Mavericks,83,1,4,7.0,0,11.86,0,0,0,0,0.0,0,0,0,0,,,,,,,,,,,,,,,,,,,,,,,,,,,,,1,16,2.1,0,45916629,Rohit Rathore,,CricHeroes scorecard v2
1463,FALL_OF_WICKET,3,26737213,2141686,JCC Season 3,Box Cricket,2026-08-21,Kodai Box Cricket,Jaipur,7,13914777,Mavericks,13914721,Outliers,Mavericks,resulted,32 runs,2,13914721,Outliers,51,1,8,7.0,0,7.29,0,0,0,0,0.0,0,0,0,0,,,,,,,,,,,,,,,,,,,,,,,,,,,,,1,7,0.5,0,52957941,Madhav Sharma,,CricHeroes scorecard v2
1464,FALL_OF_WICKET,3,26619577,2141686,JCC Season 3,Box Cricket,2026-08-14,Kodai Box Cricket,Jaipur,7,13914721,Outliers,13914529,Neuro strikers,Neuro strikers,resulted,7 wickets,1,13914721,Outliers,26,3,6,7.0,0,3.71,0,0,0,0,0.0,0,0,0,0,,,,,,,,,,,,,,,,,,,,,,,,,,,,,1,2,1.0,0,52957941,Madhav Sharma,,CricHeroes scorecard v2
1465,FALL_OF_WICKET,3,26619577,2141686,JCC Season 3,Box Cricket,2026-08-14,Kodai Box Cricket,Jaipur,7,13914721,Outliers,13914529,Neuro strikers,Neuro strikers,resulted,7 wickets,1,13914721,Outliers,26,3,6,7.0,0,3.71,0,0,0,0,0.0,0,0,0,0,,,,,,,,,,,,,,,,,,,,,,,,,,,,,1,5,3.0,0,52038452,Krshna,,CricHeroes scorecard v2
1466,FALL_OF_WICKET,3,26619577,2141686,JCC Season 3,Box Cricket,2026-08-14,Kodai Box Cricket,Jaipur,7,13914721,Outliers,13914529,Neuro strikers,Neuro strikers,resulted,7 wickets,1,13914721,Outliers,26,3,6,7.0,0,3.71,0,0,0,0,0.0,0,0,0,0,,,,,,,,,,,,,,,,,,,,,,,,,,,,,2,22,5.3,0,50368899,Naman Mavericks,,CricHeroes scorecard v2
1467,FALL_OF_WICKET,3,26619577,2141686,JCC Season 3,Box Cricket,2026-08-14,Kodai Box Cricket,Jaipur,7,13914721,Outliers,13914529,Neuro strikers,Neuro strikers,resulted,7 wickets,1,13914721,Outliers,26,3,6,7.0,0,3.71,0,0,0,0,0.0,0,0,0,0,,,,,,,,,,,,,,,,,,,,,,,,,,,,,3,22,5.5,0,50368913,Rudraksh,,CricHeroes scorecard v2
1468,FALL_OF_WICKET,3,26619577,2141686,JCC Season 3,Box Cricket,2026-08-14,Kodai Box Cricket,Jaipur,7,13914721,Outliers,13914529,Neuro strikers,Neuro strikers,resulted,7 wickets,2,13914529,Neuro strikers,30,0,2,2.1,0,13.85,0,0,0,0,0.0,0,0,0,0,,,,,,,,,,,,,,,,,,,,,,,,,,,,,,,,,,,,CricHeroes scorecard v2
1469,FALL_OF_WICKET,3,26618736,2141686,JCC Season 3,Box Cricket,2026-08-14,Kodai Box Cricket,Jaipur,7,14263394,VIKINGS,13914529,Neuro strikers,Neuro strikers,resulted,3 wickets,1,14263394,VIKINGS,49,4,5,7.0,0,7.0,0,0,0,0,0.0,0,0,0,0,,,,,,,,,,,,,,,,,,,,,,,,,,,,,1,26,3.0,0,33295238,Mahesh kumar,,CricHeroes scorecard v2
1470,FALL_OF_WICKET,3,26618736,2141686,JCC Season 3,Box Cricket,2026-08-14,Kodai Box Cricket,Jaipur,7,14263394,VIKINGS,13914529,Neuro strikers,Neuro strikers,resulted,3 wickets,1,14263394,VIKINGS,49,4,5,7.0,0,7.0,0,0,0,0,0.0,0,0,0,0,,,,,,,,,,,,,,,,,,,,,,,,,,,,,2,35,4.4,0,6314755,Navin Gurjar,,CricHeroes scorecard v2
1471,FALL_OF_WICKET,3,26618736,2141686,JCC Season 3,Box Cricket,2026-08-14,Kodai Box Cricket,Jaipur,7,14263394,VIKINGS,13914529,Neuro strikers,Neuro strikers,resulted,3 wickets,1,14263394,VIKINGS,49,4,5,7.0,0,7.0,0,0,0,0,0.0,0,0,0,0,,,,,,,,,,,,,,,,,,,,,,,,,,,,,3,42,6.0,0,38946978,Yash Pareek,,CricHeroes scorecard v2
1472,FALL_OF_WICKET,3,26618736,2141686,JCC Season 3,Box Cricket,2026-08-14,Kodai Box Cricket,Jaipur,7,14263394,VIKINGS,13914529,Neuro strikers,Neuro strikers,resulted,3 wickets,1,14263394,VIKINGS,49,4,5,7.0,0,7.0,0,0,0,0,0.0,0,0,0,0,,,,,,,,,,,,,,,,,,,,,,,,,,,,,4,49,7.0,0,50368825,Bhairav Deep,,CricHeroes scorecard v2
1473,FALL_OF_WICKET,3,26618736,2141686,JCC Season 3,Box Cricket,2026-08-14,Kodai Box Cricket,Jaipur,7,14263394,VIKINGS,13914529,Neuro strikers,Neuro strikers,resulted,3 wickets,2,13914529,Neuro strikers,50,4,11,6.5,0,7.32,0,0,0,0,0.0,0,0,0,0,,,,,,,,,,,,,,,,,,,,,,,,,,,,,1,39,5.0,0,49460120,Sagar,,CricHeroes scorecard v2
1474,FALL_OF_WICKET,3,26618736,2141686,JCC Season 3,Box Cricket,2026-08-14,Kodai Box Cricket,Jaipur,7,14263394,VIKINGS,13914529,Neuro strikers,Neuro strikers,resulted,3 wickets,2,13914529,Neuro strikers,50,4,11,6.5,0,7.32,0,0,0,0,0.0,0,0,0,0,,,,,,,,,,,,,,,,,,,,,,,,,,,,,2,42,5.5,0,7977983,Rahul  Kasliwal,,CricHeroes scorecard v2
1475,FALL_OF_WICKET,3,26618736,2141686,JCC Season 3,Box Cricket,2026-08-14,Kodai Box Cricket,Jaipur,7,14263394,VIKINGS,13914529,Neuro strikers,Neuro strikers,resulted,3 wickets,2,13914529,Neuro strikers,50,4,11,6.5,0,7.32,0,0,0,0,0.0,0,0,0,0,,,,,,,,,,,,,,,,,,,,,,,,,,,,,3,48,6.1,0,41945456,Saurabh CBI,,CricHeroes scorecard v2
1476,FALL_OF_WICKET,3,26618736,2141686,JCC Season 3,Box Cricket,2026-08-14,Kodai Box Cricket,Jaipur,7,14263394,VIKINGS,13914529,Neuro strikers,Neuro strikers,resulted,3 wickets,2,13914529,Neuro strikers,50,4,11,6.5,0,7.32,0,0,0,0,0.0,0,0,0,0,,,,,,,,,,,,,,,,,,,,,,,,,,,,,4,49,6.4,0,5228456,Anil Rawat,,CricHeroes scorecard v2
1477,FALL_OF_WICKET,3,26618296,2141686,JCC Season 3,Box Cricket,2026-08-14,Kodai Box Cricket,Jaipur,7,13914777,Mavericks,13914721,Outliers,Outliers,resulted,6 wickets,1,13914777,Mavericks,20,2,3,7.0,0,2.86,0,0,0,0,0.0,0,0,0,0,,,,,,,,,,,,,,,,,,,,,,,,,,,,,1,9,3.5,0,49460259,Nitesh,,CricHeroes scorecard v2
1478,FALL_OF_WICKET,3,26618296,2141686,JCC Season 3,Box Cricket,2026-08-14,Kodai Box Cricket,Jaipur,7,13914777,Mavericks,13914721,Outliers,Outliers,resulted,6 wickets,1,13914777,Mavericks,20,2,3,7.0,0,2.86,0,0,0,0,0.0,0,0,0,0,,,,,,,,,,,,,,,,,,,,,,,,,,,,,2,10,4.5,0,1218133,Ankit,,CricHeroes scorecard v2
1479,FALL_OF_WICKET,3,26618296,2141686,JCC Season 3,Box Cricket,2026-08-14,Kodai Box Cricket,Jaipur,7,13914777,Mavericks,13914721,Outliers,Outliers,resulted,6 wickets,2,13914721,Outliers,21,0,2,1.2,0,15.75,0,0,0,0,0.0,0,0,0,0,,,,,,,,,,,,,,,,,,,,,,,,,,,,,,,,,,,,CricHeroes scorecard v2
1480,FALL_OF_WICKET,3,26617337,2141686,JCC Season 3,Box Cricket,2026-08-14,Kodai Box Cricket,Jaipur,7,13914777,Mavericks,14263394,VIKINGS,VIKINGS,resulted,6 wickets,1,13914777,Mavericks,49,4,12,7.0,0,7.0,0,0,0,0,0.0,0,0,0,0,,,,,,,,,,,,,,,,,,,,,,,,,,,,,1,9,1.2,0,49460259,Nitesh,,CricHeroes scorecard v2
1481,FALL_OF_WICKET,3,26617337,2141686,JCC Season 3,Box Cricket,2026-08-14,Kodai Box Cricket,Jaipur,7,13914777,Mavericks,14263394,VIKINGS,VIKINGS,resulted,6 wickets,1,13914777,Mavericks,49,4,12,7.0,0,7.0,0,0,0,0,0.0,0,0,0,0,,,,,,,,,,,,,,,,,,,,,,,,,,,,,2,11,1.4,0,3217470,Rahul Rathore,,CricHeroes scorecard v2
1482,FALL_OF_WICKET,3,26617337,2141686,JCC Season 3,Box Cricket,2026-08-14,Kodai Box Cricket,Jaipur,7,13914777,Mavericks,14263394,VIKINGS,VIKINGS,resulted,6 wickets,1,13914777,Mavericks,49,4,12,7.0,0,7.0,0,0,0,0,0.0,0,0,0,0,,,,,,,,,,,,,,,,,,,,,,,,,,,,,3,11,2.0,0,1218133,Ankit,,CricHeroes scorecard v2
1483,FALL_OF_WICKET,3,26617337,2141686,JCC Season 3,Box Cricket,2026-08-14,Kodai Box Cricket,Jaipur,7,13914777,Mavericks,14263394,VIKINGS,VIKINGS,resulted,6 wickets,1,13914777,Mavericks,49,4,12,7.0,0,7.0,0,0,0,0,0.0,0,0,0,0,,,,,,,,,,,,,,,,,,,,,,,,,,,,,4,18,2.2,0,2238721,Adhip Choudhary,,CricHeroes scorecard v2
1484,FALL_OF_WICKET,3,26617337,2141686,JCC Season 3,Box Cricket,2026-08-14,Kodai Box Cricket,Jaipur,7,13914777,Mavericks,14263394,VIKINGS,VIKINGS,resulted,6 wickets,2,14263394,VIKINGS,52,0,5,4.3,0,11.56,0,0,0,0,0.0,0,0,0,0,,,,,,,,,,,,,,,,,,,,,,,,,,,,,,,,,,,,CricHeroes scorecard v2
1485,FALL_OF_WICKET,3,26504462,2141686,JCC Season 3,Box Cricket,2026-08-07,Kodai Box Cricket,Jaipur,7,13914777,Mavericks,14263394,VIKINGS,Mavericks,resulted,11 runs,1,13914777,Mavericks,50,5,7,7.0,0,7.14,0,0,0,0,0.0,0,0,0,0,,,,,,,,,,,,,,,,,,,,,,,,,,,,,1,4,0.2,0,3217470,Rahul Rathore,,CricHeroes scorecard v2
1486,FALL_OF_WICKET,3,26504462,2141686,JCC Season 3,Box Cricket,2026-08-07,Kodai Box Cricket,Jaipur,7,13914777,Mavericks,14263394,VIKINGS,Mavericks,resulted,11 runs,1,13914777,Mavericks,50,5,7,7.0,0,7.14,0,0,0,0,0.0,0,0,0,0,,,,,,,,,,,,,,,,,,,,,,,,,,,,,2,4,0.5,0,45916629,Rohit Rathore,,CricHeroes scorecard v2
1487,FALL_OF_WICKET,3,26504462,2141686,JCC Season 3,Box Cricket,2026-08-07,Kodai Box Cricket,Jaipur,7,13914777,Mavericks,14263394,VIKINGS,Mavericks,resulted,11 runs,1,13914777,Mavericks,50,5,7,7.0,0,7.14,0,0,0,0,0.0,0,0,0,0,,,,,,,,,,,,,,,,,,,,,,,,,,,,,3,10,1.4,0,49460259,Nitesh,,CricHeroes scorecard v2
1488,FALL_OF_WICKET,3,26504462,2141686,JCC Season 3,Box Cricket,2026-08-07,Kodai Box Cricket,Jaipur,7,13914777,Mavericks,14263394,VIKINGS,Mavericks,resulted,11 runs,1,13914777,Mavericks,50,5,7,7.0,0,7.14,0,0,0,0,0.0,0,0,0,0,,,,,,,,,,,,,,,,,,,,,,,,,,,,,4,41,5.3,0,8131458,Lakshay,,CricHeroes scorecard v2
1489,FALL_OF_WICKET,3,26504462,2141686,JCC Season 3,Box Cricket,2026-08-07,Kodai Box Cricket,Jaipur,7,13914777,Mavericks,14263394,VIKINGS,Mavericks,resulted,11 runs,1,13914777,Mavericks,50,5,7,7.0,0,7.14,0,0,0,0,0.0,0,0,0,0,,,,,,,,,,,,,,,,,,,,,,,,,,,,,5,41,5.5,0,1218133,Ankit,,CricHeroes scorecard v2
1490,FALL_OF_WICKET,3,26504462,2141686,JCC Season 3,Box Cricket,2026-08-07,Kodai Box Cricket,Jaipur,7,13914777,Mavericks,14263394,VIKINGS,Mavericks,resulted,11 runs,2,14263394,VIKINGS,39,7,5,7.0,0,5.57,0,0,0,0,0.0,0,0,0,0,,,,,,,,,,,,,,,,,,,,,,,,,,,,,1,13,2.1,0,33295238,Mahesh kumar,,CricHeroes scorecard v2
1491,FALL_OF_WICKET,3,26504462,2141686,JCC Season 3,Box Cricket,2026-08-07,Kodai Box Cricket,Jaipur,7,13914777,Mavericks,14263394,VIKINGS,Mavericks,resulted,11 runs,2,14263394,VIKINGS,39,7,5,7.0,0,5.57,0,0,0,0,0.0,0,0,0,0,,,,,,,,,,,,,,,,,,,,,,,,,,,,,2,16,2.4,0,50368825,Bhairav Deep Touchy,,CricHeroes scorecard v2
1492,FALL_OF_WICKET,3,26504462,2141686,JCC Season 3,Box Cricket,2026-08-07,Kodai Box Cricket,Jaipur,7,13914777,Mavericks,14263394,VIKINGS,Mavericks,resulted,11 runs,2,14263394,VIKINGS,39,7,5,7.0,0,5.57,0,0,0,0,0.0,0,0,0,0,,,,,,,,,,,,,,,,,,,,,,,,,,,,,3,24,3.3,0,6314755,Navin Gurjar,,CricHeroes scorecard v2
1493,FALL_OF_WICKET,3,26504462,2141686,JCC Season 3,Box Cricket,2026-08-07,Kodai Box Cricket,Jaipur,7,13914777,Mavericks,14263394,VIKINGS,Mavericks,resulted,11 runs,2,14263394,VIKINGS,39,7,5,7.0,0,5.57,0,0,0,0,0.0,0,0,0,0,,,,,,,,,,,,,,,,,,,,,,,,,,,,,4,25,3.5,0,38946978,Yash Pareek,,CricHeroes scorecard v2
1494,FALL_OF_WICKET,3,26504462,2141686,JCC Season 3,Box Cricket,2026-08-07,Kodai Box Cricket,Jaipur,7,13914777,Mavericks,14263394,VIKINGS,Mavericks,resulted,11 runs,2,14263394,VIKINGS,39,7,5,7.0,0,5.57,0,0,0,0,0.0,0,0,0,0,,,,,,,,,,,,,,,,,,,,,,,,,,,,,5,31,4.4,0,52017845,Prashant Ramchandani,,CricHeroes scorecard v2
1495,FALL_OF_WICKET,3,26504462,2141686,JCC Season 3,Box Cricket,2026-08-07,Kodai Box Cricket,Jaipur,7,13914777,Mavericks,14263394,VIKINGS,Mavericks,resulted,11 runs,2,14263394,VIKINGS,39,7,5,7.0,0,5.57,0,0,0,0,0.0,0,0,0,0,,,,,,,,,,,,,,,,,,,,,,,,,,,,,6,33,5.4,0,9429841,Opal,,CricHeroes scorecard v2
1496,FALL_OF_WICKET,3,26504462,2141686,JCC Season 3,Box Cricket,2026-08-07,Kodai Box Cricket,Jaipur,7,13914777,Mavericks,14263394,VIKINGS,Mavericks,resulted,11 runs,2,14263394,VIKINGS,39,7,5,7.0,0,5.57,0,0,0,0,0.0,0,0,0,0,,,,,,,,,,,,,,,,,,,,,,,,,,,,,7,39,7.0,0,1748478,Nishant Gupta,,CricHeroes scorecard v2
1497,FALL_OF_WICKET,3,26503704,2141686,JCC Season 3,Box Cricket,2026-08-07,Kodai Box Cricket,Jaipur,7,13914529,Neuro strikers,13914777,Mavericks,Mavericks,resulted,3 wickets,1,13914529,Neuro strikers,46,3,12,7.0,0,6.57,0,0,0,0,0.0,0,0,0,0,,,,,,,,,,,,,,,,,,,,,,,,,,,,,1,6,0.4,0,49460120,Sagar,,CricHeroes scorecard v2
1498,FALL_OF_WICKET,3,26503704,2141686,JCC Season 3,Box Cricket,2026-08-07,Kodai Box Cricket,Jaipur,7,13914529,Neuro strikers,13914777,Mavericks,Mavericks,resulted,3 wickets,1,13914529,Neuro strikers,46,3,12,7.0,0,6.57,0,0,0,0,0.0,0,0,0,0,,,,,,,,,,,,,,,,,,,,,,,,,,,,,2,8,1.2,0,7977983,Rahul  Kasliwal,,CricHeroes scorecard v2
1499,FALL_OF_WICKET,3,26503704,2141686,JCC Season 3,Box Cricket,2026-08-07,Kodai Box Cricket,Jaipur,7,13914529,Neuro strikers,13914777,Mavericks,Mavericks,resulted,3 wickets,1,13914529,Neuro strikers,46,3,12,7.0,0,6.57,0,0,0,0,0.0,0,0,0,0,,,,,,,,,,,,,,,,,,,,,,,,,,,,,3,16,2.3,0,5228456,Anil Rawat,,CricHeroes scorecard v2
1500,FALL_OF_WICKET,3,26503704,2141686,JCC Season 3,Box Cricket,2026-08-07,Kodai Box Cricket,Jaipur,7,13914529,Neuro strikers,13914777,Mavericks,Mavericks,resulted,3 wickets,2,13914777,Mavericks,48,2,6,6.5,0,7.02,0,0,0,0,0.0,0,0,0,0,,,,,,,,,,,,,,,,,,,,,,,,,,,,,1,21,4.2,0,3217470,Rahul Rathore,,CricHeroes scorecard v2
1501,FALL_OF_WICKET,3,26503704,2141686,JCC Season 3,Box Cricket,2026-08-07,Kodai Box Cricket,Jaipur,7,13914529,Neuro strikers,13914777,Mavericks,Mavericks,resulted,3 wickets,2,13914777,Mavericks,48,2,6,6.5,0,7.02,0,0,0,0,0.0,0,0,0,0,,,,,,,,,,,,,,,,,,,,,,,,,,,,,2,44,6.4,0,49460259,Nitesh,,CricHeroes scorecard v2
1502,FALL_OF_WICKET,3,26502665,2141686,JCC Season 3,Box Cricket,2026-08-07,Kodai Box Cricket,Jaipur,7,14263394,VIKINGS,13914721,Outliers,VIKINGS,resulted,16 runs,1,14263394,VIKINGS,61,3,12,7.0,0,8.71,0,0,0,0,0.0,0,0,0,0,,,,,,,,,,,,,,,,,,,,,,,,,,,,,1,12,2.1,0,50368825,Bhairav Deep Touchy,,CricHeroes scorecard v2
1503,FALL_OF_WICKET,3,26502665,2141686,JCC Season 3,Box Cricket,2026-08-07,Kodai Box Cricket,Jaipur,7,14263394,VIKINGS,13914721,Outliers,VIKINGS,resulted,16 runs,1,14263394,VIKINGS,61,3,12,7.0,0,8.71,0,0,0,0,0.0,0,0,0,0,,,,,,,,,,,,,,,,,,,,,,,,,,,,,2,21,3.4,0,38946978,Yash Pareek,,CricHeroes scorecard v2
1504,FALL_OF_WICKET,3,26502665,2141686,JCC Season 3,Box Cricket,2026-08-07,Kodai Box Cricket,Jaipur,7,14263394,VIKINGS,13914721,Outliers,VIKINGS,resulted,16 runs,1,14263394,VIKINGS,61,3,12,7.0,0,8.71,0,0,0,0,0.0,0,0,0,0,,,,,,,,,,,,,,,,,,,,,,,,,,,,,3,32,5.2,0,33295238,Mahesh kumar,,CricHeroes scorecard v2
1505,FALL_OF_WICKET,3,26502665,2141686,JCC Season 3,Box Cricket,2026-08-07,Kodai Box Cricket,Jaipur,7,14263394,VIKINGS,13914721,Outliers,VIKINGS,resulted,16 runs,2,13914721,Outliers,45,6,13,7.0,0,6.43,0,0,0,0,0.0,0,0,0,0,,,,,,,,,,,,,,,,,,,,,,,,,,,,,1,17,2.0,0,50368899,Naman Mavericks,,CricHeroes scorecard v2
1506,FALL_OF_WICKET,3,26502665,2141686,JCC Season 3,Box Cricket,2026-08-07,Kodai Box Cricket,Jaipur,7,14263394,VIKINGS,13914721,Outliers,VIKINGS,resulted,16 runs,2,13914721,Outliers,45,6,13,7.0,0,6.43,0,0,0,0,0.0,0,0,0,0,,,,,,,,,,,,,,,,,,,,,,,,,,,,,2,27,3.3,0,52957941,Madhav Sharma,,CricHeroes scorecard v2
1507,FALL_OF_WICKET,3,26502665,2141686,JCC Season 3,Box Cricket,2026-08-07,Kodai Box Cricket,Jaipur,7,14263394,VIKINGS,13914721,Outliers,VIKINGS,resulted,16 runs,2,13914721,Outliers,45,6,13,7.0,0,6.43,0,0,0,0,0.0,0,0,0,0,,,,,,,,,,,,,,,,,,,,,,,,,,,,,3,29,3.5,0,50368843,Harnoor Singh,,CricHeroes scorecard v2
1508,FALL_OF_WICKET,3,26502665,2141686,JCC Season 3,Box Cricket,2026-08-07,Kodai Box Cricket,Jaipur,7,14263394,VIKINGS,13914721,Outliers,VIKINGS,resulted,16 runs,2,13914721,Outliers,45,6,13,7.0,0,6.43,0,0,0,0,0.0,0,0,0,0,,,,,,,,,,,,,,,,,,,,,,,,,,,,,4,43,5.0,0,12843502,Uddhav Chaudhary,,CricHeroes scorecard v2
1509,FALL_OF_WICKET,3,26502665,2141686,JCC Season 3,Box Cricket,2026-08-07,Kodai Box Cricket,Jaipur,7,14263394,VIKINGS,13914721,Outliers,VIKINGS,resulted,16 runs,2,13914721,Outliers,45,6,13,7.0,0,6.43,0,0,0,0,0.0,0,0,0,0,,,,,,,,,,,,,,,,,,,,,,,,,,,,,5,43,5.1,0,50368913,Rudraksh,,CricHeroes scorecard v2
1510,FALL_OF_WICKET,3,26502665,2141686,JCC Season 3,Box Cricket,2026-08-07,Kodai Box Cricket,Jaipur,7,14263394,VIKINGS,13914721,Outliers,VIKINGS,resulted,16 runs,2,13914721,Outliers,45,6,13,7.0,0,6.43,0,0,0,0,0.0,0,0,0,0,,,,,,,,,,,,,,,,,,,,,,,,,,,,,6,45,6.3,0,52038452,Krshna,,CricHeroes scorecard v2
1511,FALL_OF_WICKET,3,26501846,2141686,JCC Season 3,Box Cricket,2026-08-07,Kodai Box Cricket,Jaipur,7,13914721,Outliers,13914529,Neuro strikers,Neuro strikers,resulted,6 wickets,1,13914721,Outliers,45,4,5,7.0,0,6.43,0,0,0,0,0.0,0,0,0,0,,,,,,,,,,,,,,,,,,,,,,,,,,,,,1,11,2.0,0,50368899,Naman Mavericks,,CricHeroes scorecard v2
1512,FALL_OF_WICKET,3,26501846,2141686,JCC Season 3,Box Cricket,2026-08-07,Kodai Box Cricket,Jaipur,7,13914721,Outliers,13914529,Neuro strikers,Neuro strikers,resulted,6 wickets,1,13914721,Outliers,45,4,5,7.0,0,6.43,0,0,0,0,0.0,0,0,0,0,,,,,,,,,,,,,,,,,,,,,,,,,,,,,2,24,3.0,0,50368843,Harnoor Singh,,CricHeroes scorecard v2
1513,FALL_OF_WICKET,3,26501846,2141686,JCC Season 3,Box Cricket,2026-08-07,Kodai Box Cricket,Jaipur,7,13914721,Outliers,13914529,Neuro strikers,Neuro strikers,resulted,6 wickets,1,13914721,Outliers,45,4,5,7.0,0,6.43,0,0,0,0,0.0,0,0,0,0,,,,,,,,,,,,,,,,,,,,,,,,,,,,,3,26,4.2,0,52957809,Siddharth Rao Jcc,,CricHeroes scorecard v2
1514,FALL_OF_WICKET,3,26501846,2141686,JCC Season 3,Box Cricket,2026-08-07,Kodai Box Cricket,Jaipur,7,13914721,Outliers,13914529,Neuro strikers,Neuro strikers,resulted,6 wickets,1,13914721,Outliers,45,4,5,7.0,0,6.43,0,0,0,0,0.0,0,0,0,0,,,,,,,,,,,,,,,,,,,,,,,,,,,,,4,27,4.4,0,12843502,Uddhav Chaudhary,,CricHeroes scorecard v2
1515,FALL_OF_WICKET,3,26501846,2141686,JCC Season 3,Box Cricket,2026-08-07,Kodai Box Cricket,Jaipur,7,13914721,Outliers,13914529,Neuro strikers,Neuro strikers,resulted,6 wickets,2,13914529,Neuro strikers,48,1,6,5.3,0,8.73,0,0,0,0,0.0,0,0,0,0,,,,,,,,,,,,,,,,,,,,,,,,,,,,,1,1,0.4,0,5228456,Anil Rawat,,CricHeroes scorecard v2
1516,FALL_OF_WICKET,3,26486511,2141686,JCC Season 3,Box Cricket,2026-08-06,Jai club box,Jaipur,7,13914529,Neuro strikers,14263394,VIKINGS,VIKINGS,Resulted,5 wickets,1,13914529,Neuro strikers,34,7,12,7.0,0,4.86,0,0,0,0,0.0,0,0,0,0,,,,,,,,,,,,,,,,,,,,,,,,,,,,,1,1,0.3,0,49460120,Sagar,,CricHeroes scorecard v2
1517,FALL_OF_WICKET,3,26486511,2141686,JCC Season 3,Box Cricket,2026-08-06,Jai club box,Jaipur,7,13914529,Neuro strikers,14263394,VIKINGS,VIKINGS,Resulted,5 wickets,1,13914529,Neuro strikers,34,7,12,7.0,0,4.86,0,0,0,0,0.0,0,0,0,0,,,,,,,,,,,,,,,,,,,,,,,,,,,,,2,2,1.4,0,5228456,Anil Rawat,,CricHeroes scorecard v2
1518,FALL_OF_WICKET,3,26486511,2141686,JCC Season 3,Box Cricket,2026-08-06,Jai club box,Jaipur,7,13914529,Neuro strikers,14263394,VIKINGS,VIKINGS,Resulted,5 wickets,1,13914529,Neuro strikers,34,7,12,7.0,0,4.86,0,0,0,0,0.0,0,0,0,0,,,,,,,,,,,,,,,,,,,,,,,,,,,,,3,10,3.2,0,7977983,Rahul  Kasliwal,,CricHeroes scorecard v2
1519,FALL_OF_WICKET,3,26486511,2141686,JCC Season 3,Box Cricket,2026-08-06,Jai club box,Jaipur,7,13914529,Neuro strikers,14263394,VIKINGS,VIKINGS,Resulted,5 wickets,1,13914529,Neuro strikers,34,7,12,7.0,0,4.86,0,0,0,0,0.0,0,0,0,0,,,,,,,,,,,,,,,,,,,,,,,,,,,,,4,11,3.3,0,52038417,Vikas,,CricHeroes scorecard v2
1520,FALL_OF_WICKET,3,26486511,2141686,JCC Season 3,Box Cricket,2026-08-06,Jai club box,Jaipur,7,13914529,Neuro strikers,14263394,VIKINGS,VIKINGS,Resulted,5 wickets,1,13914529,Neuro strikers,34,7,12,7.0,0,4.86,0,0,0,0,0.0,0,0,0,0,,,,,,,,,,,,,,,,,,,,,,,,,,,,,5,11,3.4,0,41945456,Saurabh CBI,,CricHeroes scorecard v2
1521,FALL_OF_WICKET,3,26486511,2141686,JCC Season 3,Box Cricket,2026-08-06,Jai club box,Jaipur,7,13914529,Neuro strikers,14263394,VIKINGS,VIKINGS,Resulted,5 wickets,1,13914529,Neuro strikers,34,7,12,7.0,0,4.86,0,0,0,0,0.0,0,0,0,0,,,,,,,,,,,,,,,,,,,,,,,,,,,,,6,12,4.0,0,4807250,Dr. Gaurav,,CricHeroes scorecard v2
1522,FALL_OF_WICKET,3,26486511,2141686,JCC Season 3,Box Cricket,2026-08-06,Jai club box,Jaipur,7,13914529,Neuro strikers,14263394,VIKINGS,VIKINGS,Resulted,5 wickets,1,13914529,Neuro strikers,34,7,12,7.0,0,4.86,0,0,0,0,0.0,0,0,0,0,,,,,,,,,,,,,,,,,,,,,,,,,,,,,7,32,6.4,0,53092215,Raghav Chaturvedi,,CricHeroes scorecard v2
1523,FALL_OF_WICKET,3,26486511,2141686,JCC Season 3,Box Cricket,2026-08-06,Jai club box,Jaipur,7,13914529,Neuro strikers,14263394,VIKINGS,VIKINGS,Resulted,5 wickets,2,14263394,VIKINGS,38,2,9,4.4,0,8.14,0,0,0,0,0.0,0,0,0,0,,,,,,,,,,,,,,,,,,,,,,,,,,,,,1,12,1.4,0,40500,Anagh Nandwana,,CricHeroes scorecard v2
1524,FALL_OF_WICKET,3,26486511,2141686,JCC Season 3,Box Cricket,2026-08-06,Jai club box,Jaipur,7,13914529,Neuro strikers,14263394,VIKINGS,VIKINGS,Resulted,5 wickets,2,14263394,VIKINGS,38,2,9,4.4,0,8.14,0,0,0,0,0.0,0,0,0,0,,,,,,,,,,,,,,,,,,,,,,,,,,,,,2,31,4.1,0,6314755,Navin Gurjar,,CricHeroes scorecard v2
1525,FALL_OF_WICKET,3,26486329,2141686,JCC Season 3,Box Cricket,2026-08-06,Jai club box,Jaipur,7,13914777,Mavericks,13914529,Neuro strikers,Neuro strikers,Resulted,4 wickets,1,13914777,Mavericks,33,8,5,7.0,0,4.71,0,0,0,0,0.0,0,0,0,0,,,,,,,,,,,,,,,,,,,,,,,,,,,,,1,13,2.1,0,49460259,Nitesh,,CricHeroes scorecard v2
1526,FALL_OF_WICKET,3,26486329,2141686,JCC Season 3,Box Cricket,2026-08-06,Jai club box,Jaipur,7,13914777,Mavericks,13914529,Neuro strikers,Neuro strikers,Resulted,4 wickets,1,13914777,Mavericks,33,8,5,7.0,0,4.71,0,0,0,0,0.0,0,0,0,0,,,,,,,,,,,,,,,,,,,,,,,,,,,,,2,19,3.3,0,565841,Harish Jangid,,CricHeroes scorecard v2
1527,FALL_OF_WICKET,3,26486329,2141686,JCC Season 3,Box Cricket,2026-08-06,Jai club box,Jaipur,7,13914777,Mavericks,13914529,Neuro strikers,Neuro strikers,Resulted,4 wickets,1,13914777,Mavericks,33,8,5,7.0,0,4.71,0,0,0,0,0.0,0,0,0,0,,,,,,,,,,,,,,,,,,,,,,,,,,,,,3,19,4.0,0,8131458,Lakshay,,CricHeroes scorecard v2
1528,FALL_OF_WICKET,3,26486329,2141686,JCC Season 3,Box Cricket,2026-08-06,Jai club box,Jaipur,7,13914777,Mavericks,13914529,Neuro strikers,Neuro strikers,Resulted,4 wickets,1,13914777,Mavericks,33,8,5,7.0,0,4.71,0,0,0,0,0.0,0,0,0,0,,,,,,,,,,,,,,,,,,,,,,,,,,,,,4,20,5.0,0,3217470,Rahul Rathore,,CricHeroes scorecard v2
1529,FALL_OF_WICKET,3,26486329,2141686,JCC Season 3,Box Cricket,2026-08-06,Jai club box,Jaipur,7,13914777,Mavericks,13914529,Neuro strikers,Neuro strikers,Resulted,4 wickets,1,13914777,Mavericks,33,8,5,7.0,0,4.71,0,0,0,0,0.0,0,0,0,0,,,,,,,,,,,,,,,,,,,,,,,,,,,,,5,25,5.5,0,1218133,Ankit,,CricHeroes scorecard v2
1530,FALL_OF_WICKET,3,26486329,2141686,JCC Season 3,Box Cricket,2026-08-06,Jai club box,Jaipur,7,13914777,Mavericks,13914529,Neuro strikers,Neuro strikers,Resulted,4 wickets,1,13914777,Mavericks,33,8,5,7.0,0,4.71,0,0,0,0,0.0,0,0,0,0,,,,,,,,,,,,,,,,,,,,,,,,,,,,,6,29,6.1,0,2238721,Adhip Choudhary,,CricHeroes scorecard v2
1531,FALL_OF_WICKET,3,26486329,2141686,JCC Season 3,Box Cricket,2026-08-06,Jai club box,Jaipur,7,13914777,Mavericks,13914529,Neuro strikers,Neuro strikers,Resulted,4 wickets,1,13914777,Mavericks,33,8,5,7.0,0,4.71,0,0,0,0,0.0,0,0,0,0,,,,,,,,,,,,,,,,,,,,,,,,,,,,,7,29,6.2,0,49459939,Abhijeet Singh Shekhawat,,CricHeroes scorecard v2
1532,FALL_OF_WICKET,3,26486329,2141686,JCC Season 3,Box Cricket,2026-08-06,Jai club box,Jaipur,7,13914777,Mavericks,13914529,Neuro strikers,Neuro strikers,Resulted,4 wickets,1,13914777,Mavericks,33,8,5,7.0,0,4.71,0,0,0,0,0.0,0,0,0,0,,,,,,,,,,,,,,,,,,,,,,,,,,,,,8,30,6.3,0,52038517,Raghav Patodia,,CricHeroes scorecard v2
1533,FALL_OF_WICKET,3,26486329,2141686,JCC Season 3,Box Cricket,2026-08-06,Jai club box,Jaipur,7,13914777,Mavericks,13914529,Neuro strikers,Neuro strikers,Resulted,4 wickets,2,13914529,Neuro strikers,34,3,4,5.3,0,6.18,0,0,0,0,0.0,0,0,0,0,,,,,,,,,,,,,,,,,,,,,,,,,,,,,1,0,0.2,0,5228456,Anil Rawat,,CricHeroes scorecard v2
1534,FALL_OF_WICKET,3,26486329,2141686,JCC Season 3,Box Cricket,2026-08-06,Jai club box,Jaipur,7,13914777,Mavericks,13914529,Neuro strikers,Neuro strikers,Resulted,4 wickets,2,13914529,Neuro strikers,34,3,4,5.3,0,6.18,0,0,0,0,0.0,0,0,0,0,,,,,,,,,,,,,,,,,,,,,,,,,,,,,2,30,3.5,0,49460120,Sagar,,CricHeroes scorecard v2
1535,FALL_OF_WICKET,3,26486329,2141686,JCC Season 3,Box Cricket,2026-08-06,Jai club box,Jaipur,7,13914777,Mavericks,13914529,Neuro strikers,Neuro strikers,Resulted,4 wickets,2,13914529,Neuro strikers,34,3,4,5.3,0,6.18,0,0,0,0,0.0,0,0,0,0,,,,,,,,,,,,,,,,,,,,,,,,,,,,,3,30,4.0,0,7977983,Rahul  Kasliwal,,CricHeroes scorecard v2
1536,FALL_OF_WICKET,3,26397455,2141686,JCC Season 3,Limited Overs,2026-07-31,Jai club box,Jaipur,7,13914777,Mavericks,13914721,Outliers,Outliers,Resulted,5 wickets,1,13914777,Mavericks,43,4,2,7.0,0,6.14,0,0,0,0,0.0,0,0,0,0,,,,,,,,,,,,,,,,,,,,,,,,,,,,,1,4,0.3,0,565841,Harish Jangid,,CricHeroes scorecard v2
1537,FALL_OF_WICKET,3,26397455,2141686,JCC Season 3,Limited Overs,2026-07-31,Jai club box,Jaipur,7,13914777,Mavericks,13914721,Outliers,Outliers,Resulted,5 wickets,1,13914777,Mavericks,43,4,2,7.0,0,6.14,0,0,0,0,0.0,0,0,0,0,,,,,,,,,,,,,,,,,,,,,,,,,,,,,2,16,3.2,0,3217470,Rahul Rathore,,CricHeroes scorecard v2
1538,FALL_OF_WICKET,3,26397455,2141686,JCC Season 3,Limited Overs,2026-07-31,Jai club box,Jaipur,7,13914777,Mavericks,13914721,Outliers,Outliers,Resulted,5 wickets,1,13914777,Mavericks,43,4,2,7.0,0,6.14,0,0,0,0,0.0,0,0,0,0,,,,,,,,,,,,,,,,,,,,,,,,,,,,,3,28,5.2,0,49460259,Nitesh,,CricHeroes scorecard v2
1539,FALL_OF_WICKET,3,26397455,2141686,JCC Season 3,Limited Overs,2026-07-31,Jai club box,Jaipur,7,13914777,Mavericks,13914721,Outliers,Outliers,Resulted,5 wickets,1,13914777,Mavericks,43,4,2,7.0,0,6.14,0,0,0,0,0.0,0,0,0,0,,,,,,,,,,,,,,,,,,,,,,,,,,,,,4,43,7.0,0,2238721,Adhip Choudhary,,CricHeroes scorecard v2
1540,FALL_OF_WICKET,3,26397455,2141686,JCC Season 3,Limited Overs,2026-07-31,Jai club box,Jaipur,7,13914777,Mavericks,13914721,Outliers,Outliers,Resulted,5 wickets,2,13914721,Outliers,44,2,2,6.4,0,6.6,0,0,0,0,0.0,0,0,0,0,,,,,,,,,,,,,,,,,,,,,,,,,,,,,1,6,0.3,0,50368899,Naman Mavericks,,CricHeroes scorecard v2
1541,FALL_OF_WICKET,3,26397455,2141686,JCC Season 3,Limited Overs,2026-07-31,Jai club box,Jaipur,7,13914777,Mavericks,13914721,Outliers,Outliers,Resulted,5 wickets,2,13914721,Outliers,44,2,2,6.4,0,6.6,0,0,0,0,0.0,0,0,0,0,,,,,,,,,,,,,,,,,,,,,,,,,,,,,2,28,3.2,0,12843502,Uddhav Chaudhary,,CricHeroes scorecard v2
1542,FALL_OF_WICKET,3,26395983,2141686,JCC Season 3,Limited Overs,2026-07-31,Jai club box,Jaipur,7,13914721,Outliers,14263394,VIKINGS,Outliers,Resulted,20 runs,1,13914721,Outliers,68,3,6,7.0,0,9.71,0,0,0,0,0.0,0,0,0,0,,,,,,,,,,,,,,,,,,,,,,,,,,,,,1,6,0.2,0,50368899,Naman Mavericks,,CricHeroes scorecard v2
1543,FALL_OF_WICKET,3,26395983,2141686,JCC Season 3,Limited Overs,2026-07-31,Jai club box,Jaipur,7,13914721,Outliers,14263394,VIKINGS,Outliers,Resulted,20 runs,1,13914721,Outliers,68,3,6,7.0,0,9.71,0,0,0,0,0.0,0,0,0,0,,,,,,,,,,,,,,,,,,,,,,,,,,,,,2,18,2.0,0,52957809,Siddharth Rao Jcc,,CricHeroes scorecard v2
1544,FALL_OF_WICKET,3,26395983,2141686,JCC Season 3,Limited Overs,2026-07-31,Jai club box,Jaipur,7,13914721,Outliers,14263394,VIKINGS,Outliers,Resulted,20 runs,1,13914721,Outliers,68,3,6,7.0,0,9.71,0,0,0,0,0.0,0,0,0,0,,,,,,,,,,,,,,,,,,,,,,,,,,,,,3,56,5.4,0,52957941,Madhav Sharma,,CricHeroes scorecard v2
1545,FALL_OF_WICKET,3,26395983,2141686,JCC Season 3,Limited Overs,2026-07-31,Jai club box,Jaipur,7,13914721,Outliers,14263394,VIKINGS,Outliers,Resulted,20 runs,2,14263394,VIKINGS,48,3,15,7.0,0,6.86,0,0,0,0,0.0,0,0,0,0,,,,,,,,,,,,,,,,,,,,,,,,,,,,,1,30,4.3,0,33295238,Mahesh kumar,,CricHeroes scorecard v2
1546,FALL_OF_WICKET,3,26395983,2141686,JCC Season 3,Limited Overs,2026-07-31,Jai club box,Jaipur,7,13914721,Outliers,14263394,VIKINGS,Outliers,Resulted,20 runs,2,14263394,VIKINGS,48,3,15,7.0,0,6.86,0,0,0,0,0.0,0,0,0,0,,,,,,,,,,,,,,,,,,,,,,,,,,,,,2,32,5.0,0,38946978,Yash Pareek,,CricHeroes scorecard v2
1547,FALL_OF_WICKET,3,26395983,2141686,JCC Season 3,Limited Overs,2026-07-31,Jai club box,Jaipur,7,13914721,Outliers,14263394,VIKINGS,Outliers,Resulted,20 runs,2,14263394,VIKINGS,48,3,15,7.0,0,6.86,0,0,0,0,0.0,0,0,0,0,,,,,,,,,,,,,,,,,,,,,,,,,,,,,3,46,6.1,0,40500,Anagh Nandwana,,CricHeroes scorecard v2
1548,FALL_OF_WICKET,3,26326478,2141686,JCC Season 3,Limited Overs,2026-07-26,Heera Box Cricket,Jaipur,7,13914529,Neuro strikers,14263394,VIKINGS,Neuro strikers,Resulted,9 runs,1,13914529,Neuro strikers,42,5,14,7.0,0,6.0,0,0,0,0,0.0,0,0,0,0,,,,,,,,,,,,,,,,,,,,,,,,,,,,,1,5,2.0,0,49460120,Sagar,,CricHeroes scorecard v2
1549,FALL_OF_WICKET,3,26326478,2141686,JCC Season 3,Limited Overs,2026-07-26,Heera Box Cricket,Jaipur,7,13914529,Neuro strikers,14263394,VIKINGS,Neuro strikers,Resulted,9 runs,1,13914529,Neuro strikers,42,5,14,7.0,0,6.0,0,0,0,0,0.0,0,0,0,0,,,,,,,,,,,,,,,,,,,,,,,,,,,,,2,5,2.2,0,5228456,Anil Rawat,,CricHeroes scorecard v2
1550,FALL_OF_WICKET,3,26326478,2141686,JCC Season 3,Limited Overs,2026-07-26,Heera Box Cricket,Jaipur,7,13914529,Neuro strikers,14263394,VIKINGS,Neuro strikers,Resulted,9 runs,1,13914529,Neuro strikers,42,5,14,7.0,0,6.0,0,0,0,0,0.0,0,0,0,0,,,,,,,,,,,,,,,,,,,,,,,,,,,,,3,19,4.1,0,7977983,Rahul  Kasliwal,,CricHeroes scorecard v2
1551,FALL_OF_WICKET,3,26326478,2141686,JCC Season 3,Limited Overs,2026-07-26,Heera Box Cricket,Jaipur,7,13914529,Neuro strikers,14263394,VIKINGS,Neuro strikers,Resulted,9 runs,1,13914529,Neuro strikers,42,5,14,7.0,0,6.0,0,0,0,0,0.0,0,0,0,0,,,,,,,,,,,,,,,,,,,,,,,,,,,,,4,27,5.4,0,52038417,Vikas,,CricHeroes scorecard v2
1552,FALL_OF_WICKET,3,26326478,2141686,JCC Season 3,Limited Overs,2026-07-26,Heera Box Cricket,Jaipur,7,13914529,Neuro strikers,14263394,VIKINGS,Neuro strikers,Resulted,9 runs,1,13914529,Neuro strikers,42,5,14,7.0,0,6.0,0,0,0,0,0.0,0,0,0,0,,,,,,,,,,,,,,,,,,,,,,,,,,,,,5,27,6.0,0,4807250,Dr. Gaurav,,CricHeroes scorecard v2
1553,FALL_OF_WICKET,3,26326478,2141686,JCC Season 3,Limited Overs,2026-07-26,Heera Box Cricket,Jaipur,7,13914529,Neuro strikers,14263394,VIKINGS,Neuro strikers,Resulted,9 runs,2,14263394,VIKINGS,33,1,7,7.0,0,4.71,0,0,0,0,0.0,0,0,0,0,,,,,,,,,,,,,,,,,,,,,,,,,,,,,1,11,1.3,0,33295238,Mahesh kumar,,CricHeroes scorecard v2
1554,FALL_OF_WICKET,3,26326478,2141686,JCC Season 3,Limited Overs,2026-07-26,Heera Box Cricket,Jaipur,7,13914529,Neuro strikers,14263394,VIKINGS,Neuro strikers,Resulted,9 runs,2,14263394,VIKINGS,33,1,7,7.0,0,4.71,0,0,0,0,0.0,0,0,0,0,,,,,,,,,,,,,,,,,,,,,,,,,,,,,1,19,5.0,0,6314755,Navin Gurjar,,CricHeroes scorecard v2
1555,FALL_OF_WICKET,3,26286857,2141686,JCC Season 3,Limited Overs,2026-07-24,Heera Box Cricket,Jaipur,7,13914777,Mavericks,13914721,Outliers,Outliers,Resulted,5 wickets,1,13914777,Mavericks,54,3,4,7.0,0,7.71,0,0,0,0,0.0,0,0,0,0,,,,,,,,,,,,,,,,,,,,,,,,,,,,,1,11,2.1,0,49460259,Nitesh,,CricHeroes scorecard v2
1556,FALL_OF_WICKET,3,26286857,2141686,JCC Season 3,Limited Overs,2026-07-24,Heera Box Cricket,Jaipur,7,13914777,Mavericks,13914721,Outliers,Outliers,Resulted,5 wickets,1,13914777,Mavericks,54,3,4,7.0,0,7.71,0,0,0,0,0.0,0,0,0,0,,,,,,,,,,,,,,,,,,,,,,,,,,,,,2,52,6.2,0,565841,Harish Jangid,,CricHeroes scorecard v2
1557,FALL_OF_WICKET,3,26286857,2141686,JCC Season 3,Limited Overs,2026-07-24,Heera Box Cricket,Jaipur,7,13914777,Mavericks,13914721,Outliers,Outliers,Resulted,5 wickets,1,13914777,Mavericks,54,3,4,7.0,0,7.71,0,0,0,0,0.0,0,0,0,0,,,,,,,,,,,,,,,,,,,,,,,,,,,,,3,54,7.0,0,3217470,Rahul Rathore,,CricHeroes scorecard v2
1558,FALL_OF_WICKET,3,26286857,2141686,JCC Season 3,Limited Overs,2026-07-24,Heera Box Cricket,Jaipur,7,13914777,Mavericks,13914721,Outliers,Outliers,Resulted,5 wickets,2,13914721,Outliers,55,1,1,6.5,0,8.05,0,0,0,0,0.0,0,0,0,0,,,,,,,,,,,,,,,,,,,,,,,,,,,,,1,16,1.4,0,50368899,Naman Mavericks,,CricHeroes scorecard v2
1559,FALL_OF_WICKET,3,26286162,2141686,JCC Season 3,Limited Overs,2026-07-24,Heera Box Cricket,Jaipur,7,14263394,VIKINGS,13914777,Mavericks,VIKINGS,Resulted,22 runs,1,14263394,VIKINGS,66,3,15,7.0,0,9.43,0,0,0,0,0.0,0,0,0,0,,,,,,,,,,,,,,,,,,,,,,,,,,,,,1,13,2.5,0,33295238,Mahesh kumar,,CricHeroes scorecard v2
1560,FALL_OF_WICKET,3,26286162,2141686,JCC Season 3,Limited Overs,2026-07-24,Heera Box Cricket,Jaipur,7,14263394,VIKINGS,13914777,Mavericks,VIKINGS,Resulted,22 runs,1,14263394,VIKINGS,66,3,15,7.0,0,9.43,0,0,0,0,0.0,0,0,0,0,,,,,,,,,,,,,,,,,,,,,,,,,,,,,2,44,5.1,0,6314755,Navin Gurjar,,CricHeroes scorecard v2
1561,FALL_OF_WICKET,3,26286162,2141686,JCC Season 3,Limited Overs,2026-07-24,Heera Box Cricket,Jaipur,7,14263394,VIKINGS,13914777,Mavericks,VIKINGS,Resulted,22 runs,1,14263394,VIKINGS,66,3,15,7.0,0,9.43,0,0,0,0,0.0,0,0,0,0,,,,,,,,,,,,,,,,,,,,,,,,,,,,,3,66,7.0,0,50368825,Bhairav Deep Touchy,,CricHeroes scorecard v2
1562,FALL_OF_WICKET,3,26286162,2141686,JCC Season 3,Limited Overs,2026-07-24,Heera Box Cricket,Jaipur,7,14263394,VIKINGS,13914777,Mavericks,VIKINGS,Resulted,22 runs,2,13914777,Mavericks,44,6,2,7.0,0,6.29,0,0,0,0,0.0,0,0,0,0,,,,,,,,,,,,,,,,,,,,,,,,,,,,,1,8,1.1,0,1218133,Ankit,,CricHeroes scorecard v2
1563,FALL_OF_WICKET,3,26286162,2141686,JCC Season 3,Limited Overs,2026-07-24,Heera Box Cricket,Jaipur,7,14263394,VIKINGS,13914777,Mavericks,VIKINGS,Resulted,22 runs,2,13914777,Mavericks,44,6,2,7.0,0,6.29,0,0,0,0,0.0,0,0,0,0,,,,,,,,,,,,,,,,,,,,,,,,,,,,,2,10,2.1,0,8131458,Lakshay,,CricHeroes scorecard v2
1564,FALL_OF_WICKET,3,26286162,2141686,JCC Season 3,Limited Overs,2026-07-24,Heera Box Cricket,Jaipur,7,14263394,VIKINGS,13914777,Mavericks,VIKINGS,Resulted,22 runs,2,13914777,Mavericks,44,6,2,7.0,0,6.29,0,0,0,0,0.0,0,0,0,0,,,,,,,,,,,,,,,,,,,,,,,,,,,,,3,32,4.1,0,565841,Harish Jangid,,CricHeroes scorecard v2
1565,FALL_OF_WICKET,3,26286162,2141686,JCC Season 3,Limited Overs,2026-07-24,Heera Box Cricket,Jaipur,7,14263394,VIKINGS,13914777,Mavericks,VIKINGS,Resulted,22 runs,2,13914777,Mavericks,44,6,2,7.0,0,6.29,0,0,0,0,0.0,0,0,0,0,,,,,,,,,,,,,,,,,,,,,,,,,,,,,4,32,4.3,0,49460259,Nitesh,,CricHeroes scorecard v2
1566,FALL_OF_WICKET,3,26286162,2141686,JCC Season 3,Limited Overs,2026-07-24,Heera Box Cricket,Jaipur,7,14263394,VIKINGS,13914777,Mavericks,VIKINGS,Resulted,22 runs,2,13914777,Mavericks,44,6,2,7.0,0,6.29,0,0,0,0,0.0,0,0,0,0,,,,,,,,,,,,,,,,,,,,,,,,,,,,,5,37,5.4,0,49459939,Abhijeet Singh Shekhawat,,CricHeroes scorecard v2
1567,FALL_OF_WICKET,3,26286162,2141686,JCC Season 3,Limited Overs,2026-07-24,Heera Box Cricket,Jaipur,7,14263394,VIKINGS,13914777,Mavericks,VIKINGS,Resulted,22 runs,2,13914777,Mavericks,44,6,2,7.0,0,6.29,0,0,0,0,0.0,0,0,0,0,,,,,,,,,,,,,,,,,,,,,,,,,,,,,6,44,7.0,0,3217470,Rahul Rathore,,CricHeroes scorecard v2
1568,FALL_OF_WICKET,3,26285487,2141686,JCC Season 3,Limited Overs,2026-07-24,Heera Box Cricket,Jaipur,7,13914721,Outliers,13914529,Neuro strikers,Neuro strikers,Resulted,6 wickets,1,13914721,Outliers,45,2,4,7.0,0,6.43,0,0,0,0,0.0,0,0,0,0,,,,,,,,,,,,,,,,,,,,,,,,,,,,,1,3,1.0,0,23405299,Rishabh Soni,,CricHeroes scorecard v2
1569,FALL_OF_WICKET,3,26285487,2141686,JCC Season 3,Limited Overs,2026-07-24,Heera Box Cricket,Jaipur,7,13914721,Outliers,13914529,Neuro strikers,Neuro strikers,Resulted,6 wickets,1,13914721,Outliers,45,2,4,7.0,0,6.43,0,0,0,0,0.0,0,0,0,0,,,,,,,,,,,,,,,,,,,,,,,,,,,,,2,20,4.1,0,50368913,Rudraksh,,CricHeroes scorecard v2
1570,FALL_OF_WICKET,3,26285487,2141686,JCC Season 3,Limited Overs,2026-07-24,Heera Box Cricket,Jaipur,7,13914721,Outliers,13914529,Neuro strikers,Neuro strikers,Resulted,6 wickets,2,13914529,Neuro strikers,48,0,4,4.0,0,12.0,0,0,0,0,0.0,0,0,0,0,,,,,,,,,,,,,,,,,,,,,,,,,,,,,,,,,,,,CricHeroes scorecard v2
1571,INNINGS,2,26175565,2092140,JCC Box Cricket League,Box Cricket,2026-07-17,Turf8teen10,Jaipur,7,13914529,Neuro strikers,13914777,Mavericks,Neuro strikers,Resulted,26 runs,1,13914529,Neuro strikers,59,4,3,7.0,0,8.43,,,,,,,,,,,,,,,,59,0,,,,,,,,7.0,,4,,,,,,,,,,,,,,,,,,CricHeroes scorecard v2
1572,INNINGS,2,26175565,2092140,JCC Box Cricket League,Box Cricket,2026-07-17,Turf8teen10,Jaipur,7,13914529,Neuro strikers,13914777,Mavericks,Neuro strikers,Resulted,26 runs,2,13914777,Mavericks,33,5,4,7.0,0,4.71,,,,,,,,,,,,,,,,33,0,,,,,,,,7.0,,5,,,,,,,,,,,,,,,,,,CricHeroes scorecard v2
1573,INNINGS,2,26158057,2092140,JCC Box Cricket League,Box Cricket,2026-07-17,Heera Box Cricket,Jaipur,7,13914721,Outliers,13914529,Neuro strikers,Neuro strikers,Resulted,6 wickets,1,13914721,Outliers,51,3,7,7.0,0,7.29,,,,,,,,,,,,,,,,51,0,,,,,,,,7.0,,3,,,,,,,,,,,,,,,,,,CricHeroes scorecard v2
1574,INNINGS,2,26158057,2092140,JCC Box Cricket League,Box Cricket,2026-07-17,Heera Box Cricket,Jaipur,7,13914721,Outliers,13914529,Neuro strikers,Neuro strikers,Resulted,6 wickets,2,13914529,Neuro strikers,52,1,7,6.3,0,8.0,,,,,,,,,,,,,,,,52,0,,,,,,,,6.3,,1,,,,,,,,,,,,,,,,,,CricHeroes scorecard v2
1575,INNINGS,2,26158010,2092140,JCC Box Cricket League,Box Cricket,2026-07-17,Heera Box Cricket,Jaipur,7,13914777,Mavericks,13914721,Outliers,Mavericks,Resulted,20 runs,1,13914777,Mavericks,50,5,10,7.0,0,7.14,,,,,,,,,,,,,,,,50,0,,,,,,,,7.0,,5,,,,,,,,,,,,,,,,,,CricHeroes scorecard v2
1576,INNINGS,2,26158010,2092140,JCC Box Cricket League,Box Cricket,2026-07-17,Heera Box Cricket,Jaipur,7,13914777,Mavericks,13914721,Outliers,Mavericks,Resulted,20 runs,2,13914721,Outliers,30,4,2,7.0,0,4.29,,,,,,,,,,,,,,,,30,0,,,,,,,,7.0,,4,,,,,,,,,,,,,,,,,,CricHeroes scorecard v2
1577,INNINGS,2,26158038,2092140,JCC Box Cricket League,Box Cricket,2026-07-17,Heera Box Cricket,Jaipur,7,13914777,Mavericks,13914529,Neuro strikers,Neuro strikers,Resulted,7 wickets,1,13914777,Mavericks,46,2,2,7.0,0,6.57,,,,,,,,,,,,,,,,46,0,,,,,,,,7.0,,2,,,,,,,,,,,,,,,,,,CricHeroes scorecard v2
1578,INNINGS,2,26158038,2092140,JCC Box Cricket League,Box Cricket,2026-07-17,Heera Box Cricket,Jaipur,7,13914777,Mavericks,13914529,Neuro strikers,Neuro strikers,Resulted,7 wickets,2,13914529,Neuro strikers,50,0,0,5.0,0,10.0,,,,,,,,,,,,,,,,50,0,,,,,,,,5.0,,0,,,,,,,,,,,,,,,,,,CricHeroes scorecard v2
1579,INNINGS,2,26088240,2092140,JCC Box Cricket League,Box Cricket,2026-07-12,Turf8teen10,Jaipur,7,13914529,Neuro strikers,13914777,Mavericks,Mavericks,Resulted,6 wickets,1,13914529,Neuro strikers,32,4,6,7.0,0,4.57,,,,,,,,,,,,,,,,32,0,,,,,,,,7.0,,4,,,,,,,,,,,,,,,,,,CricHeroes scorecard v2
1580,INNINGS,2,26088240,2092140,JCC Box Cricket League,Box Cricket,2026-07-12,Turf8teen10,Jaipur,7,13914529,Neuro strikers,13914777,Mavericks,Mavericks,Resulted,6 wickets,2,13914777,Mavericks,33,1,2,5.4,0,5.82,,,,,,,,,,,,,,,,33,0,,,,,,,,5.4,,1,,,,,,,,,,,,,,,,,,CricHeroes scorecard v2
1581,INNINGS,2,26085797,2092140,JCC Box Cricket League,Box Cricket,2026-07-12,Turf8teen10,Jaipur,7,13914721,Outliers,13914529,Neuro strikers,Neuro strikers,Resulted,5 wickets,1,13914721,Outliers,84,4,5,7.0,0,12.0,,,,,,,,,,,,,,,,84,0,,,,,,,,7.0,,4,,,,,,,,,,,,,,,,,,CricHeroes scorecard v2
1582,INNINGS,2,26085797,2092140,JCC Box Cricket League,Box Cricket,2026-07-12,Turf8teen10,Jaipur,7,13914721,Outliers,13914529,Neuro strikers,Neuro strikers,Resulted,5 wickets,2,13914529,Neuro strikers,90,2,9,6.4,0,13.5,,,,,,,,,,,,,,,,90,0,,,,,,,,6.4,,2,,,,,,,,,,,,,,,,,,CricHeroes scorecard v2
1583,INNINGS,2,26083705,2092140,JCC Box Cricket League,Box Cricket,2026-07-12,Turf8teen10,Jaipur,7,13914777,Mavericks,13914721,Outliers,Mavericks,Resulted,33 runs,1,13914777,Mavericks,81,2,4,7.0,0,11.57,,,,,,,,,,,,,,,,81,0,,,,,,,,7.0,,2,,,,,,,,,,,,,,,,,,CricHeroes scorecard v2
1584,INNINGS,2,26083705,2092140,JCC Box Cricket League,Box Cricket,2026-07-12,Turf8teen10,Jaipur,7,13914777,Mavericks,13914721,Outliers,Mavericks,Resulted,33 runs,2,13914721,Outliers,48,1,2,7.0,0,6.86,,,,,,,,,,,,,,,,48,0,,,,,,,,7.0,,1,,,,,,,,,,,,,,,,,,CricHeroes scorecard v2
1585,INNINGS,2,25936004,2092140,JCC Box Cricket League,Box Cricket,2026-07-03,Turf8teen10,Jaipur,7,13914529,Neuro strikers,13914721,Outliers,Neuro strikers,Resulted,37 runs,1,13914529,Neuro strikers,71,3,11,7.0,0,10.14,,,,,,,,,,,,,,,,71,0,,,,,,,,7.0,,3,,,,,,,,,,,,,,,,,,CricHeroes scorecard v2
1586,INNINGS,2,25936004,2092140,JCC Box Cricket League,Box Cricket,2026-07-03,Turf8teen10,Jaipur,7,13914529,Neuro strikers,13914721,Outliers,Neuro strikers,Resulted,37 runs,2,13914721,Outliers,34,4,4,7.0,0,4.86,,,,,,,,,,,,,,,,34,0,,,,,,,,7.0,,4,,,,,,,,,,,,,,,,,,CricHeroes scorecard v2
1587,INNINGS,2,25935138,2092140,JCC Box Cricket League,Box Cricket,2026-07-03,Turf8teen10,Jaipur,7,13914777,Mavericks,13914721,Outliers,Outliers,Resulted,1 wicket,1,13914777,Mavericks,50,3,3,7.0,0,7.14,,,,,,,,,,,,,,,,50,0,,,,,,,,7.0,,3,,,,,,,,,,,,,,,,,,CricHeroes scorecard v2
1588,INNINGS,2,25935138,2092140,JCC Box Cricket League,Box Cricket,2026-07-03,Turf8teen10,Jaipur,7,13914777,Mavericks,13914721,Outliers,Outliers,Resulted,1 wicket,2,13914721,Outliers,54,6,9,5.5,0,9.26,,,,,,,,,,,,,,,,54,0,,,,,,,,5.5,,6,,,,,,,,,,,,,,,,,,CricHeroes scorecard v2
1589,INNINGS,2,25934291,2092140,JCC Box Cricket League,Box Cricket,2026-07-03,Turf8teen10,Jaipur,7,13914777,Mavericks,13914529,Neuro strikers,Neuro strikers,Resulted,6 wickets,1,13914777,Mavericks,53,8,9,7.0,0,7.57,,,,,,,,,,,,,,,,53,0,,,,,,,,7.0,,8,,,,,,,,,,,,,,,,,,CricHeroes scorecard v2
1590,INNINGS,2,25934291,2092140,JCC Box Cricket League,Box Cricket,2026-07-03,Turf8teen10,Jaipur,7,13914777,Mavericks,13914529,Neuro strikers,Neuro strikers,Resulted,6 wickets,2,13914529,Neuro strikers,54,1,6,5.2,0,10.13,,,,,,,,,,,,,,,,54,0,,,,,,,,5.2,,1,,,,,,,,,,,,,,,,,,CricHeroes scorecard v2
1591,INNINGS,2,25791542,2092140,JCC Box Cricket League,Box Cricket,2026-06-26,Turf8teen10,Jaipur,10,13914529,Neuro strikers,13914777,Mavericks,Mavericks,Resulted,7 wickets,1,13914529,Neuro strikers,86,5,3,10.0,0,8.6,,,,,,,,,,,,,,,,86,0,,,,,,,,10.0,,5,,,,,,,,,,,,,,,,,,CricHeroes scorecard v2
1592,INNINGS,2,25791542,2092140,JCC Box Cricket League,Box Cricket,2026-06-26,Turf8teen10,Jaipur,10,13914529,Neuro strikers,13914777,Mavericks,Mavericks,Resulted,7 wickets,2,13914777,Mavericks,92,1,7,8.2,0,11.04,,,,,,,,,,,,,,,,92,0,,,,,,,,8.2,,1,,,,,,,,,,,,,,,,,,CricHeroes scorecard v2
1593,INNINGS,2,25791580,2092140,JCC Box Cricket League,Box Cricket,2026-06-26,Turf8teen10,Jaipur,10,13914529,Neuro strikers,13914721,Outliers,Outliers,Resulted,7 wickets,1,13914529,Neuro strikers,61,3,7,10.0,0,6.1,,,,,,,,,,,,,,,,61,0,,,,,,,,10.0,,3,,,,,,,,,,,,,,,,,,CricHeroes scorecard v2
1594,INNINGS,2,25791580,2092140,JCC Box Cricket League,Box Cricket,2026-06-26,Turf8teen10,Jaipur,10,13914529,Neuro strikers,13914721,Outliers,Outliers,Resulted,7 wickets,2,13914721,Outliers,63,2,1,5.4,0,11.12,,,,,,,,,,,,,,,,63,0,,,,,,,,5.4,,2,,,,,,,,,,,,,,,,,,CricHeroes scorecard v2
1595,INNINGS,2,25791561,2092140,JCC Box Cricket League,Box Cricket,2026-06-26,Turf8teen10,Jaipur,10,13914721,Outliers,13914777,Mavericks,Mavericks,Resulted,4 wickets,1,13914721,Outliers,64,3,6,10.0,0,6.4,,,,,,,,,,,,,,,,64,0,,,,,,,,10.0,,3,,,,,,,,,,,,,,,,,,CricHeroes scorecard v2
1596,INNINGS,2,25791561,2092140,JCC Box Cricket League,Box Cricket,2026-06-26,Turf8teen10,Jaipur,10,13914721,Outliers,13914777,Mavericks,Mavericks,Resulted,4 wickets,2,13914777,Mavericks,69,4,1,6.1,0,11.19,,,,,,,,,,,,,,,,69,0,,,,,,,,6.1,,4,,,,,,,,,,,,,,,,,,CricHeroes scorecard v2
1597,INNINGS,2,25625341,2092140,JCC Box Cricket League,Box Cricket,2026-06-19,Turf8teen10,Jaipur,7,13914777,Mavericks,13914721,Outliers,Outliers,Resulted,4 wickets,1,13914777,Mavericks,57,5,5,7.0,0,8.14,,,,,,,,,,,,,,,,57,0,,,,,,,,7.0,,5,,,,,,,,,,,,,,,,,,CricHeroes scorecard v2
1598,INNINGS,2,25625341,2092140,JCC Box Cricket League,Box Cricket,2026-06-19,Turf8teen10,Jaipur,7,13914777,Mavericks,13914721,Outliers,Outliers,Resulted,4 wickets,2,13914721,Outliers,59,2,5,5.1,0,11.42,,,,,,,,,,,,,,,,59,0,,,,,,,,5.1,,2,,,,,,,,,,,,,,,,,,CricHeroes scorecard v2
1599,INNINGS,2,25625328,2092140,JCC Box Cricket League,Box Cricket,2026-06-19,Turf8teen10,Jaipur,7,13914529,Neuro strikers,13914721,Outliers,Outliers,Resulted,4 wickets,1,13914529,Neuro strikers,74,1,5,7.0,0,10.57,,,,,,,,,,,,,,,,74,0,,,,,,,,7.0,,1,,,,,,,,,,,,,,,,,,CricHeroes scorecard v2
1600,INNINGS,2,25625328,2092140,JCC Box Cricket League,Box Cricket,2026-06-19,Turf8teen10,Jaipur,7,13914529,Neuro strikers,13914721,Outliers,Outliers,Resulted,4 wickets,2,13914721,Outliers,78,2,8,6.3,0,12.0,,,,,,,,,,,,,,,,78,0,,,,,,,,6.3,,2,,,,,,,,,,,,,,,,,,CricHeroes scorecard v2
1601,INNINGS,2,25625285,2092140,JCC Box Cricket League,Box Cricket,2026-06-19,Turf8teen10,Jaipur,7,13914777,Mavericks,13914529,Neuro strikers,Mavericks,Resulted,24 runs,1,13914777,Mavericks,69,3,3,7.0,0,9.86,,,,,,,,,,,,,,,,69,0,,,,,,,,7.0,,3,,,,,,,,,,,,,,,,,,CricHeroes scorecard v2
1602,INNINGS,2,25625285,2092140,JCC Box Cricket League,Box Cricket,2026-06-19,Turf8teen10,Jaipur,7,13914777,Mavericks,13914529,Neuro strikers,Mavericks,Resulted,24 runs,2,13914529,Neuro strikers,45,2,3,7.0,0,6.43,,,,,,,,,,,,,,,,45,0,,,,,,,,7.0,,2,,,,,,,,,,,,,,,,,,CricHeroes scorecard v2
1603,INNINGS,2,25517051,2092140,JCC Box Cricket League,Box Cricket,2026-06-14,Turf8teen10,Jaipur,7,13914529,Neuro strikers,13914777,Mavericks,Neuro strikers,Resulted,42 runs,1,13914529,Neuro strikers,110,1,4,7.0,0,15.71,,,,,,,,,,,,,,,,110,0,,,,,,,,7.0,,1,,,,,,,,,,,,,,,,,,CricHeroes scorecard v2
1604,INNINGS,2,25517051,2092140,JCC Box Cricket League,Box Cricket,2026-06-14,Turf8teen10,Jaipur,7,13914529,Neuro strikers,13914777,Mavericks,Neuro strikers,Resulted,42 runs,2,13914777,Mavericks,68,2,5,7.0,0,9.71,,,,,,,,,,,,,,,,68,0,,,,,,,,7.0,,2,,,,,,,,,,,,,,,,,,CricHeroes scorecard v2
1605,INNINGS,2,25499868,2092140,JCC Box Cricket League,Box Cricket,2026-06-14,Turf8teen10,Jaipur,7,13914777,Mavericks,13914721,Outliers,,Tie,Tie,1,13914777,Mavericks,78,5,4,7.0,0,11.14,,,,,,,,,,,,,,,,78,0,,,,,,,,7.0,,5,,,,,,,,,,,,,,,,,,CricHeroes scorecard v2
1606,INNINGS,2,25499868,2092140,JCC Box Cricket League,Box Cricket,2026-06-14,Turf8teen10,Jaipur,7,13914777,Mavericks,13914721,Outliers,,Tie,Tie,2,13914721,Outliers,78,2,9,7.0,0,11.14,,,,,,,,,,,,,,,,78,0,,,,,,,,7.0,,2,,,,,,,,,,,,,,,,,,CricHeroes scorecard v2
1607,INNINGS,2,25499900,2092140,JCC Box Cricket League,Box Cricket,2026-06-14,Turf8teen10,Jaipur,7,13914529,Neuro strikers,13914721,Outliers,Neuro strikers,Resulted,23 runs,1,13914529,Neuro strikers,74,2,3,7.0,0,10.57,,,,,,,,,,,,,,,,74,0,,,,,,,,7.0,,2,,,,,,,,,,,,,,,,,,CricHeroes scorecard v2
1608,INNINGS,2,25499900,2092140,JCC Box Cricket League,Box Cricket,2026-06-14,Turf8teen10,Jaipur,7,13914529,Neuro strikers,13914721,Outliers,Neuro strikers,Resulted,23 runs,2,13914721,Outliers,51,5,8,7.0,0,7.29,,,,,,,,,,,,,,,,51,0,,,,,,,,7.0,,5,,,,,,,,,,,,,,,,,,CricHeroes scorecard v2
1609,INNINGS,2,25499848,2092140,JCC Box Cricket League,Box Cricket,2026-06-14,Turf8teen10,Jaipur,7,13914777,Mavericks,13914529,Neuro strikers,Mavericks,Resulted,36 runs,1,13914777,Mavericks,82,0,11,7.0,0,11.71,,,,,,,,,,,,,,,,82,0,,,,,,,,7.0,,0,,,,,,,,,,,,,,,,,,CricHeroes scorecard v2
1610,INNINGS,2,25499848,2092140,JCC Box Cricket League,Box Cricket,2026-06-14,Turf8teen10,Jaipur,7,13914777,Mavericks,13914529,Neuro strikers,Mavericks,Resulted,36 runs,2,13914529,Neuro strikers,46,3,5,7.0,0,6.57,,,,,,,,,,,,,,,,46,0,,,,,,,,7.0,,3,,,,,,,,,,,,,,,,,,CricHeroes scorecard v2
1611,INNINGS,3,27439735,2141686,JCC Season 3,Box Cricket,2026-10-02,Kodai Box Cricket,Jaipur,7,13914721,Outliers,13914777,Mavericks,Outliers,resulted,7 runs,1,13914721,Outliers,55,2,4,7.0,0,7.86,,,,,,,,,,,,,,,,55,0,,,,,,,,7.0,,2,,,,,,,,,,,,,,,,,,CricHeroes scorecard v2
1612,INNINGS,3,27439735,2141686,JCC Season 3,Box Cricket,2026-10-02,Kodai Box Cricket,Jaipur,7,13914721,Outliers,13914777,Mavericks,Outliers,resulted,7 runs,2,13914777,Mavericks,48,4,2,7.0,0,6.86,,,,,,,,,,,,,,,,48,0,,,,,,,,7.0,,4,,,,,,,,,,,,,,,,,,CricHeroes scorecard v2
1613,INNINGS,3,27438765,2141686,JCC Season 3,Box Cricket,2026-10-02,Kodai Box Cricket,Jaipur,7,14263394,VIKINGS,13914529,Neuro strikers,VIKINGS,resulted,10 runs,1,14263394,VIKINGS,69,2,8,7.0,0,9.86,,,,,,,,,,,,,,,,69,0,,,,,,,,7.0,,2,,,,,,,,,,,,,,,,,,CricHeroes scorecard v2
1614,INNINGS,3,27438765,2141686,JCC Season 3,Box Cricket,2026-10-02,Kodai Box Cricket,Jaipur,7,14263394,VIKINGS,13914529,Neuro strikers,VIKINGS,resulted,10 runs,2,13914529,Neuro strikers,59,1,2,7.0,0,8.43,,,,,,,,,,,,,,,,59,0,,,,,,,,7.0,,1,,,,,,,,,,,,,,,,,,CricHeroes scorecard v2
1615,INNINGS,3,27437864,2141686,JCC Season 3,Box Cricket,2026-10-02,Kodai Box Cricket,Jaipur,7,13914777,Mavericks,14263394,VIKINGS,VIKINGS,resulted,7 wickets,1,13914777,Mavericks,48,3,5,7.0,0,6.86,,,,,,,,,,,,,,,,48,0,,,,,,,,7.0,,3,,,,,,,,,,,,,,,,,,CricHeroes scorecard v2
1616,INNINGS,3,27437864,2141686,JCC Season 3,Box Cricket,2026-10-02,Kodai Box Cricket,Jaipur,7,13914777,Mavericks,14263394,VIKINGS,VIKINGS,resulted,7 wickets,2,14263394,VIKINGS,49,1,5,4.1,0,11.76,,,,,,,,,,,,,,,,49,0,,,,,,,,4.1,,1,,,,,,,,,,,,,,,,,,CricHeroes scorecard v2
1617,INNINGS,3,27436899,2141686,JCC Season 3,Box Cricket,2026-10-02,Kodai Box Cricket,Jaipur,7,13914721,Outliers,13914529,Neuro strikers,Neuro strikers,resulted,5 wickets,1,13914721,Outliers,53,3,4,7.0,0,7.57,,,,,,,,,,,,,,,,53,0,,,,,,,,7.0,,3,,,,,,,,,,,,,,,,,,CricHeroes scorecard v2
1618,INNINGS,3,27436899,2141686,JCC Season 3,Box Cricket,2026-10-02,Kodai Box Cricket,Jaipur,7,13914721,Outliers,13914529,Neuro strikers,Neuro strikers,resulted,5 wickets,2,13914529,Neuro strikers,56,0,4,5.3,0,10.18,,,,,,,,,,,,,,,,56,0,,,,,,,,5.3,,0,,,,,,,,,,,,,,,,,,CricHeroes scorecard v2
1619,INNINGS,3,27302684,2141686,JCC Season 3,Limited Overs,2026-09-25,Box Cricket Kodai,Jaipur,7,13914777,Mavericks,13914529,Neuro strikers,Neuro strikers,resulted,3 wickets,1,13914777,Mavericks,29,4,0,7.0,0,4.14,,,,,,,,,,,,,,,,29,0,,,,,,,,7.0,,4,,,,,,,,,,,,,,,,,,CricHeroes scorecard v2
1620,INNINGS,3,27302684,2141686,JCC Season 3,Limited Overs,2026-09-25,Box Cricket Kodai,Jaipur,7,13914777,Mavericks,13914529,Neuro strikers,Neuro strikers,resulted,3 wickets,2,13914529,Neuro strikers,30,1,4,3.0,0,10.0,,,,,,,,,,,,,,,,30,0,,,,,,,,3.0,,1,,,,,,,,,,,,,,,,,,CricHeroes scorecard v2
1621,INNINGS,3,27301928,2141686,JCC Season 3,Limited Overs,2026-09-25,Kodai Box Cricket,Jaipur,7,13914721,Outliers,14263394,VIKINGS,VIKINGS,resulted,3 wickets,1,13914721,Outliers,39,5,6,7.0,0,5.57,,,,,,,,,,,,,,,,39,0,,,,,,,,7.0,,5,,,,,,,,,,,,,,,,,,CricHeroes scorecard v2
1622,INNINGS,3,27301928,2141686,JCC Season 3,Limited Overs,2026-09-25,Kodai Box Cricket,Jaipur,7,13914721,Outliers,14263394,VIKINGS,VIKINGS,resulted,3 wickets,2,14263394,VIKINGS,40,2,6,4.4,0,8.57,,,,,,,,,,,,,,,,40,0,,,,,,,,4.4,,2,,,,,,,,,,,,,,,,,,CricHeroes scorecard v2
1623,INNINGS,3,27301235,2141686,JCC Season 3,Limited Overs,2026-09-25,Kodai Box Cricket,Jaipur,7,13914529,Neuro strikers,13914721,Outliers,Outliers,resulted,5 wickets,1,13914529,Neuro strikers,23,5,7,7.0,0,3.29,,,,,,,,,,,,,,,,23,0,,,,,,,,7.0,,5,,,,,,,,,,,,,,,,,,CricHeroes scorecard v2
1624,INNINGS,3,27301235,2141686,JCC Season 3,Limited Overs,2026-09-25,Kodai Box Cricket,Jaipur,7,13914529,Neuro strikers,13914721,Outliers,Outliers,resulted,5 wickets,2,13914721,Outliers,24,0,3,2.4,0,9.0,,,,,,,,,,,,,,,,24,0,,,,,,,,2.4,,0,,,,,,,,,,,,,,,,,,CricHeroes scorecard v2
1625,INNINGS,3,27300331,2141686,JCC Season 3,Limited Overs,2026-09-25,Box Cricket Kodai,Jaipur,7,13914777,Mavericks,14263394,VIKINGS,Mavericks,resulted,8 runs,1,13914777,Mavericks,38,3,3,7.0,0,5.43,,,,,,,,,,,,,,,,38,0,,,,,,,,7.0,,3,,,,,,,,,,,,,,,,,,CricHeroes scorecard v2
1626,INNINGS,3,27300331,2141686,JCC Season 3,Limited Overs,2026-09-25,Box Cricket Kodai,Jaipur,7,13914777,Mavericks,14263394,VIKINGS,Mavericks,resulted,8 runs,2,14263394,VIKINGS,30,4,5,7.0,0,4.29,,,,,,,,,,,,,,,,30,0,,,,,,,,7.0,,4,,,,,,,,,,,,,,,,,,CricHeroes scorecard v2
1627,INNINGS,3,27186480,2141686,JCC Season 3,Box Cricket,2026-09-18,Kodai Box Cricket,Jaipur,7,13914529,Neuro strikers,14263394,VIKINGS,Neuro strikers,resulted,40 runs,1,13914529,Neuro strikers,87,1,10,7.0,0,12.43,,,,,,,,,,,,,,,,87,0,,,,,,,,7.0,,1,,,,,,,,,,,,,,,,,,CricHeroes scorecard v2
1628,INNINGS,3,27186480,2141686,JCC Season 3,Box Cricket,2026-09-18,Kodai Box Cricket,Jaipur,7,13914529,Neuro strikers,14263394,VIKINGS,Neuro strikers,resulted,40 runs,2,14263394,VIKINGS,47,5,7,7.0,0,6.71,,,,,,,,,,,,,,,,47,0,,,,,,,,7.0,,5,,,,,,,,,,,,,,,,,,CricHeroes scorecard v2
1629,INNINGS,3,27185697,2141686,JCC Season 3,Box Cricket,2026-09-18,Kodai Box Cricket,Jaipur,7,13914721,Outliers,13914777,Mavericks,Mavericks,resulted,7 wickets,1,13914721,Outliers,47,4,5,7.0,0,6.71,,,,,,,,,,,,,,,,47,0,,,,,,,,7.0,,4,,,,,,,,,,,,,,,,,,CricHeroes scorecard v2
1630,INNINGS,3,27185697,2141686,JCC Season 3,Box Cricket,2026-09-18,Kodai Box Cricket,Jaipur,7,13914721,Outliers,13914777,Mavericks,Mavericks,resulted,7 wickets,2,13914777,Mavericks,48,0,1,6.3,0,7.38,,,,,,,,,,,,,,,,48,0,,,,,,,,6.3,,0,,,,,,,,,,,,,,,,,,CricHeroes scorecard v2
1631,INNINGS,3,27184789,2141686,JCC Season 3,Box Cricket,2026-09-18,Kodai Box Cricket,Jaipur,7,13914721,Outliers,14263394,VIKINGS,Outliers,resulted,5 runs,1,13914721,Outliers,35,3,7,7.0,0,5.0,,,,,,,,,,,,,,,,35,0,,,,,,,,7.0,,3,,,,,,,,,,,,,,,,,,CricHeroes scorecard v2
1632,INNINGS,3,27184789,2141686,JCC Season 3,Box Cricket,2026-09-18,Kodai Box Cricket,Jaipur,7,13914721,Outliers,14263394,VIKINGS,Outliers,resulted,5 runs,2,14263394,VIKINGS,30,4,3,7.0,0,4.29,,,,,,,,,,,,,,,,30,0,,,,,,,,7.0,,4,,,,,,,,,,,,,,,,,,CricHeroes scorecard v2
1633,INNINGS,3,27184046,2141686,JCC Season 3,Box Cricket,2026-09-18,Kodai Box Cricket,Jaipur,7,13914529,Neuro strikers,13914777,Mavericks,Neuro strikers,resulted,6 runs,1,13914529,Neuro strikers,34,5,6,7.0,0,4.86,,,,,,,,,,,,,,,,34,0,,,,,,,,7.0,,5,,,,,,,,,,,,,,,,,,CricHeroes scorecard v2
1634,INNINGS,3,27184046,2141686,JCC Season 3,Box Cricket,2026-09-18,Kodai Box Cricket,Jaipur,7,13914529,Neuro strikers,13914777,Mavericks,Neuro strikers,resulted,6 runs,2,13914777,Mavericks,28,3,0,7.0,0,4.0,,,,,,,,,,,,,,,,28,0,,,,,,,,7.0,,3,,,,,,,,,,,,,,,,,,CricHeroes scorecard v2
1635,INNINGS,3,27075175,2141686,JCC Season 3,Limited Overs,2026-09-11,Kodai Box Cricket 2,Jaipur,7,13914529,Neuro strikers,13914721,Outliers,Outliers,resulted,5 wickets,1,13914529,Neuro strikers,42,2,9,7.0,0,6.0,,,,,,,,,,,,,,,,42,0,,,,,,,,7.0,,2,,,,,,,,,,,,,,,,,,CricHeroes scorecard v2
1636,INNINGS,3,27075175,2141686,JCC Season 3,Limited Overs,2026-09-11,Kodai Box Cricket 2,Jaipur,7,13914529,Neuro strikers,13914721,Outliers,Outliers,resulted,5 wickets,2,13914721,Outliers,43,2,3,6.0,0,7.17,,,,,,,,,,,,,,,,43,0,,,,,,,,6.0,,2,,,,,,,,,,,,,,,,,,CricHeroes scorecard v2
1637,INNINGS,3,27074232,2141686,JCC Season 3,Limited Overs,2026-09-11,Box Cricket Kodai,Jaipur,7,13914529,Neuro strikers,14263394,VIKINGS,VIKINGS,resulted,4 wickets,1,13914529,Neuro strikers,65,4,10,7.0,0,9.29,,,,,,,,,,,,,,,,65,0,,,,,,,,7.0,,4,,,,,,,,,,,,,,,,,,CricHeroes scorecard v2
1638,INNINGS,3,27074232,2141686,JCC Season 3,Limited Overs,2026-09-11,Box Cricket Kodai,Jaipur,7,13914529,Neuro strikers,14263394,VIKINGS,VIKINGS,resulted,4 wickets,2,14263394,VIKINGS,66,1,8,5.3,0,12.0,,,,,,,,,,,,,,,,66,0,,,,,,,,5.3,,1,,,,,,,,,,,,,,,,,,CricHeroes scorecard v2
1639,INNINGS,3,27051912,2141686,JCC Season 3,Box Cricket,2026-09-09,Kodai Box Cricket,Jaipur,7,14263394,VIKINGS,13914721,Outliers,Outliers,resulted,5 wickets,1,14263394,VIKINGS,48,2,2,7.0,0,6.86,,,,,,,,,,,,,,,,48,0,,,,,,,,7.0,,2,,,,,,,,,,,,,,,,,,CricHeroes scorecard v2
1640,INNINGS,3,27051912,2141686,JCC Season 3,Box Cricket,2026-09-09,Kodai Box Cricket,Jaipur,7,14263394,VIKINGS,13914721,Outliers,Outliers,resulted,5 wickets,2,13914721,Outliers,54,1,1,3.1,0,17.05,,,,,,,,,,,,,,,,54,0,,,,,,,,3.1,,1,,,,,,,,,,,,,,,,,,CricHeroes scorecard v2
1641,INNINGS,3,27051371,2141686,JCC Season 3,Box Cricket,2026-09-09,Kodai Box Cricket,Jaipur,7,13914777,Mavericks,13914529,Neuro strikers,Mavericks,resulted,21 runs,1,13914777,Mavericks,64,2,4,7.0,0,9.14,,,,,,,,,,,,,,,,64,0,,,,,,,,7.0,,2,,,,,,,,,,,,,,,,,,CricHeroes scorecard v2
1642,INNINGS,3,27051371,2141686,JCC Season 3,Box Cricket,2026-09-09,Kodai Box Cricket,Jaipur,7,13914777,Mavericks,13914529,Neuro strikers,Mavericks,resulted,21 runs,2,13914529,Neuro strikers,43,3,1,7.0,0,6.14,,,,,,,,,,,,,,,,43,0,,,,,,,,7.0,,3,,,,,,,,,,,,,,,,,,CricHeroes scorecard v2
1643,INNINGS,3,27050716,2141686,JCC Season 3,Box Cricket,2026-09-09,Kodai Box Cricket,Jaipur,7,13914777,Mavericks,14263394,VIKINGS,Mavericks,resulted,3 runs,1,13914777,Mavericks,40,5,11,7.0,0,5.71,,,,,,,,,,,,,,,,40,0,,,,,,,,7.0,,5,,,,,,,,,,,,,,,,,,CricHeroes scorecard v2
1644,INNINGS,3,27050716,2141686,JCC Season 3,Box Cricket,2026-09-09,Kodai Box Cricket,Jaipur,7,13914777,Mavericks,14263394,VIKINGS,Mavericks,resulted,3 runs,2,14263394,VIKINGS,37,2,1,7.0,0,5.29,,,,,,,,,,,,,,,,37,0,,,,,,,,7.0,,2,,,,,,,,,,,,,,,,,,CricHeroes scorecard v2
1645,INNINGS,3,27049931,2141686,JCC Season 3,Box Cricket,2026-09-09,Kodai Box Cricket,Jaipur,7,13914529,Neuro strikers,13914721,Outliers,Neuro strikers,resulted,11 runs,1,13914529,Neuro strikers,62,2,9,7.0,0,8.86,,,,,,,,,,,,,,,,62,0,,,,,,,,7.0,,2,,,,,,,,,,,,,,,,,,CricHeroes scorecard v2
1646,INNINGS,3,27049931,2141686,JCC Season 3,Box Cricket,2026-09-09,Kodai Box Cricket,Jaipur,7,13914529,Neuro strikers,13914721,Outliers,Neuro strikers,resulted,11 runs,2,13914721,Outliers,51,4,6,7.0,0,7.29,,,,,,,,,,,,,,,,51,0,,,,,,,,7.0,,4,,,,,,,,,,,,,,,,,,CricHeroes scorecard v2
1647,INNINGS,3,26739667,2141686,JCC Season 3,Box Cricket,2026-08-21,Kodai Box Cricket,Jaipur,7,14263394,VIKINGS,13914529,Neuro strikers,VIKINGS,resulted,16 runs,1,14263394,VIKINGS,66,3,9,7.0,0,9.43,,,,,,,,,,,,,,,,66,0,,,,,,,,7.0,,3,,,,,,,,,,,,,,,,,,CricHeroes scorecard v2
1648,INNINGS,3,26739667,2141686,JCC Season 3,Box Cricket,2026-08-21,Kodai Box Cricket,Jaipur,7,14263394,VIKINGS,13914529,Neuro strikers,VIKINGS,resulted,16 runs,2,13914529,Neuro strikers,50,3,7,7.0,0,7.14,,,,,,,,,,,,,,,,50,0,,,,,,,,7.0,,3,,,,,,,,,,,,,,,,,,CricHeroes scorecard v2
1649,INNINGS,3,26738741,2141686,JCC Season 3,Box Cricket,2026-08-21,Kodai Box Cricket,Jaipur,7,14263394,VIKINGS,13914721,Outliers,VIKINGS,resulted,19 runs,1,14263394,VIKINGS,72,4,12,7.0,0,10.29,,,,,,,,,,,,,,,,72,0,,,,,,,,7.0,,4,,,,,,,,,,,,,,,,,,CricHeroes scorecard v2
1650,INNINGS,3,26738741,2141686,JCC Season 3,Box Cricket,2026-08-21,Kodai Box Cricket,Jaipur,7,14263394,VIKINGS,13914721,Outliers,VIKINGS,resulted,19 runs,2,13914721,Outliers,53,5,6,7.0,0,7.57,,,,,,,,,,,,,,,,53,0,,,,,,,,7.0,,5,,,,,,,,,,,,,,,,,,CricHeroes scorecard v2
1651,INNINGS,3,26738090,2141686,JCC Season 3,Box Cricket,2026-08-21,Kodai Box Cricket,Jaipur,7,13914777,Mavericks,13914529,Neuro strikers,Neuro strikers,resulted,5 wickets,1,13914777,Mavericks,40,3,6,7.0,0,5.71,,,,,,,,,,,,,,,,40,0,,,,,,,,7.0,,3,,,,,,,,,,,,,,,,,,CricHeroes scorecard v2
1652,INNINGS,3,26738090,2141686,JCC Season 3,Box Cricket,2026-08-21,Kodai Box Cricket,Jaipur,7,13914777,Mavericks,13914529,Neuro strikers,Neuro strikers,resulted,5 wickets,2,13914529,Neuro strikers,44,2,2,5.4,0,7.76,,,,,,,,,,,,,,,,44,0,,,,,,,,5.4,,2,,,,,,,,,,,,,,,,,,CricHeroes scorecard v2
1653,INNINGS,3,26737213,2141686,JCC Season 3,Box Cricket,2026-08-21,Kodai Box Cricket,Jaipur,7,13914777,Mavericks,13914721,Outliers,Mavericks,resulted,32 runs,1,13914777,Mavericks,83,1,4,7.0,0,11.86,,,,,,,,,,,,,,,,83,0,,,,,,,,7.0,,1,,,,,,,,,,,,,,,,,,CricHeroes scorecard v2
1654,INNINGS,3,26737213,2141686,JCC Season 3,Box Cricket,2026-08-21,Kodai Box Cricket,Jaipur,7,13914777,Mavericks,13914721,Outliers,Mavericks,resulted,32 runs,2,13914721,Outliers,51,1,8,7.0,0,7.29,,,,,,,,,,,,,,,,51,0,,,,,,,,7.0,,1,,,,,,,,,,,,,,,,,,CricHeroes scorecard v2
1655,INNINGS,3,26619577,2141686,JCC Season 3,Box Cricket,2026-08-14,Kodai Box Cricket,Jaipur,7,13914721,Outliers,13914529,Neuro strikers,Neuro strikers,resulted,7 wickets,1,13914721,Outliers,26,3,6,7.0,0,3.71,,,,,,,,,,,,,,,,26,0,,,,,,,,7.0,,3,,,,,,,,,,,,,,,,,,CricHeroes scorecard v2
1656,INNINGS,3,26619577,2141686,JCC Season 3,Box Cricket,2026-08-14,Kodai Box Cricket,Jaipur,7,13914721,Outliers,13914529,Neuro strikers,Neuro strikers,resulted,7 wickets,2,13914529,Neuro strikers,30,0,2,2.1,0,13.85,,,,,,,,,,,,,,,,30,0,,,,,,,,2.1,,0,,,,,,,,,,,,,,,,,,CricHeroes scorecard v2
1657,INNINGS,3,26618736,2141686,JCC Season 3,Box Cricket,2026-08-14,Kodai Box Cricket,Jaipur,7,14263394,VIKINGS,13914529,Neuro strikers,Neuro strikers,resulted,3 wickets,1,14263394,VIKINGS,49,4,5,7.0,0,7.0,,,,,,,,,,,,,,,,49,0,,,,,,,,7.0,,4,,,,,,,,,,,,,,,,,,CricHeroes scorecard v2
1658,INNINGS,3,26618736,2141686,JCC Season 3,Box Cricket,2026-08-14,Kodai Box Cricket,Jaipur,7,14263394,VIKINGS,13914529,Neuro strikers,Neuro strikers,resulted,3 wickets,2,13914529,Neuro strikers,50,4,11,6.5,0,7.32,,,,,,,,,,,,,,,,50,0,,,,,,,,6.5,,4,,,,,,,,,,,,,,,,,,CricHeroes scorecard v2
1659,INNINGS,3,26618296,2141686,JCC Season 3,Box Cricket,2026-08-14,Kodai Box Cricket,Jaipur,7,13914777,Mavericks,13914721,Outliers,Outliers,resulted,6 wickets,1,13914777,Mavericks,20,2,3,7.0,0,2.86,,,,,,,,,,,,,,,,20,0,,,,,,,,7.0,,2,,,,,,,,,,,,,,,,,,CricHeroes scorecard v2
1660,INNINGS,3,26618296,2141686,JCC Season 3,Box Cricket,2026-08-14,Kodai Box Cricket,Jaipur,7,13914777,Mavericks,13914721,Outliers,Outliers,resulted,6 wickets,2,13914721,Outliers,21,0,2,1.2,0,15.75,,,,,,,,,,,,,,,,21,0,,,,,,,,1.2,,0,,,,,,,,,,,,,,,,,,CricHeroes scorecard v2
1661,INNINGS,3,26617337,2141686,JCC Season 3,Box Cricket,2026-08-14,Kodai Box Cricket,Jaipur,7,13914777,Mavericks,14263394,VIKINGS,VIKINGS,resulted,6 wickets,1,13914777,Mavericks,49,4,12,7.0,0,7.0,,,,,,,,,,,,,,,,49,0,,,,,,,,7.0,,4,,,,,,,,,,,,,,,,,,CricHeroes scorecard v2
1662,INNINGS,3,26617337,2141686,JCC Season 3,Box Cricket,2026-08-14,Kodai Box Cricket,Jaipur,7,13914777,Mavericks,14263394,VIKINGS,VIKINGS,resulted,6 wickets,2,14263394,VIKINGS,52,0,5,4.3,0,11.56,,,,,,,,,,,,,,,,52,0,,,,,,,,4.3,,0,,,,,,,,,,,,,,,,,,CricHeroes scorecard v2
1663,INNINGS,3,26504462,2141686,JCC Season 3,Box Cricket,2026-08-07,Kodai Box Cricket,Jaipur,7,13914777,Mavericks,14263394,VIKINGS,Mavericks,resulted,11 runs,1,13914777,Mavericks,50,5,7,7.0,0,7.14,,,,,,,,,,,,,,,,50,0,,,,,,,,7.0,,5,,,,,,,,,,,,,,,,,,CricHeroes scorecard v2
1664,INNINGS,3,26504462,2141686,JCC Season 3,Box Cricket,2026-08-07,Kodai Box Cricket,Jaipur,7,13914777,Mavericks,14263394,VIKINGS,Mavericks,resulted,11 runs,2,14263394,VIKINGS,39,7,5,7.0,0,5.57,,,,,,,,,,,,,,,,39,0,,,,,,,,7.0,,7,,,,,,,,,,,,,,,,,,CricHeroes scorecard v2
1665,INNINGS,3,26503704,2141686,JCC Season 3,Box Cricket,2026-08-07,Kodai Box Cricket,Jaipur,7,13914529,Neuro strikers,13914777,Mavericks,Mavericks,resulted,3 wickets,1,13914529,Neuro strikers,46,3,12,7.0,0,6.57,,,,,,,,,,,,,,,,46,0,,,,,,,,7.0,,3,,,,,,,,,,,,,,,,,,CricHeroes scorecard v2
1666,INNINGS,3,26503704,2141686,JCC Season 3,Box Cricket,2026-08-07,Kodai Box Cricket,Jaipur,7,13914529,Neuro strikers,13914777,Mavericks,Mavericks,resulted,3 wickets,2,13914777,Mavericks,48,2,6,6.5,0,7.02,,,,,,,,,,,,,,,,48,0,,,,,,,,6.5,,2,,,,,,,,,,,,,,,,,,CricHeroes scorecard v2
1667,INNINGS,3,26502665,2141686,JCC Season 3,Box Cricket,2026-08-07,Kodai Box Cricket,Jaipur,7,14263394,VIKINGS,13914721,Outliers,VIKINGS,resulted,16 runs,1,14263394,VIKINGS,61,3,12,7.0,0,8.71,,,,,,,,,,,,,,,,61,0,,,,,,,,7.0,,3,,,,,,,,,,,,,,,,,,CricHeroes scorecard v2
1668,INNINGS,3,26502665,2141686,JCC Season 3,Box Cricket,2026-08-07,Kodai Box Cricket,Jaipur,7,14263394,VIKINGS,13914721,Outliers,VIKINGS,resulted,16 runs,2,13914721,Outliers,45,6,13,7.0,0,6.43,,,,,,,,,,,,,,,,45,0,,,,,,,,7.0,,6,,,,,,,,,,,,,,,,,,CricHeroes scorecard v2
1669,INNINGS,3,26501846,2141686,JCC Season 3,Box Cricket,2026-08-07,Kodai Box Cricket,Jaipur,7,13914721,Outliers,13914529,Neuro strikers,Neuro strikers,resulted,6 wickets,1,13914721,Outliers,45,4,5,7.0,0,6.43,,,,,,,,,,,,,,,,45,0,,,,,,,,7.0,,4,,,,,,,,,,,,,,,,,,CricHeroes scorecard v2
1670,INNINGS,3,26501846,2141686,JCC Season 3,Box Cricket,2026-08-07,Kodai Box Cricket,Jaipur,7,13914721,Outliers,13914529,Neuro strikers,Neuro strikers,resulted,6 wickets,2,13914529,Neuro strikers,48,1,6,5.3,0,8.73,,,,,,,,,,,,,,,,48,0,,,,,,,,5.3,,1,,,,,,,,,,,,,,,,,,CricHeroes scorecard v2
1671,INNINGS,3,26486511,2141686,JCC Season 3,Box Cricket,2026-08-06,Jai club box,Jaipur,7,13914529,Neuro strikers,14263394,VIKINGS,VIKINGS,Resulted,5 wickets,1,13914529,Neuro strikers,34,7,12,7.0,0,4.86,,,,,,,,,,,,,,,,34,0,,,,,,,,7.0,,7,,,,,,,,,,,,,,,,,,CricHeroes scorecard v2
1672,INNINGS,3,26486511,2141686,JCC Season 3,Box Cricket,2026-08-06,Jai club box,Jaipur,7,13914529,Neuro strikers,14263394,VIKINGS,VIKINGS,Resulted,5 wickets,2,14263394,VIKINGS,38,2,9,4.4,0,8.14,,,,,,,,,,,,,,,,38,0,,,,,,,,4.4,,2,,,,,,,,,,,,,,,,,,CricHeroes scorecard v2
1673,INNINGS,3,26486329,2141686,JCC Season 3,Box Cricket,2026-08-06,Jai club box,Jaipur,7,13914777,Mavericks,13914529,Neuro strikers,Neuro strikers,Resulted,4 wickets,1,13914777,Mavericks,33,8,5,7.0,0,4.71,,,,,,,,,,,,,,,,33,0,,,,,,,,7.0,,8,,,,,,,,,,,,,,,,,,CricHeroes scorecard v2
1674,INNINGS,3,26486329,2141686,JCC Season 3,Box Cricket,2026-08-06,Jai club box,Jaipur,7,13914777,Mavericks,13914529,Neuro strikers,Neuro strikers,Resulted,4 wickets,2,13914529,Neuro strikers,34,3,4,5.3,0,6.18,,,,,,,,,,,,,,,,34,0,,,,,,,,5.3,,3,,,,,,,,,,,,,,,,,,CricHeroes scorecard v2
1675,INNINGS,3,26397455,2141686,JCC Season 3,Limited Overs,2026-07-31,Jai club box,Jaipur,7,13914777,Mavericks,13914721,Outliers,Outliers,Resulted,5 wickets,1,13914777,Mavericks,43,4,2,7.0,0,6.14,,,,,,,,,,,,,,,,43,0,,,,,,,,7.0,,4,,,,,,,,,,,,,,,,,,CricHeroes scorecard v2
1676,INNINGS,3,26397455,2141686,JCC Season 3,Limited Overs,2026-07-31,Jai club box,Jaipur,7,13914777,Mavericks,13914721,Outliers,Outliers,Resulted,5 wickets,2,13914721,Outliers,44,2,2,6.4,0,6.6,,,,,,,,,,,,,,,,44,0,,,,,,,,6.4,,2,,,,,,,,,,,,,,,,,,CricHeroes scorecard v2
1677,INNINGS,3,26395983,2141686,JCC Season 3,Limited Overs,2026-07-31,Jai club box,Jaipur,7,13914721,Outliers,14263394,VIKINGS,Outliers,Resulted,20 runs,1,13914721,Outliers,68,3,6,7.0,0,9.71,,,,,,,,,,,,,,,,68,0,,,,,,,,7.0,,3,,,,,,,,,,,,,,,,,,CricHeroes scorecard v2
1678,INNINGS,3,26395983,2141686,JCC Season 3,Limited Overs,2026-07-31,Jai club box,Jaipur,7,13914721,Outliers,14263394,VIKINGS,Outliers,Resulted,20 runs,2,14263394,VIKINGS,48,3,15,7.0,0,6.86,,,,,,,,,,,,,,,,48,0,,,,,,,,7.0,,3,,,,,,,,,,,,,,,,,,CricHeroes scorecard v2
1679,INNINGS,3,26326478,2141686,JCC Season 3,Limited Overs,2026-07-26,Heera Box Cricket,Jaipur,7,13914529,Neuro strikers,14263394,VIKINGS,Neuro strikers,Resulted,9 runs,1,13914529,Neuro strikers,42,5,14,7.0,0,6.0,,,,,,,,,,,,,,,,42,0,,,,,,,,7.0,,5,,,,,,,,,,,,,,,,,,CricHeroes scorecard v2
1680,INNINGS,3,26326478,2141686,JCC Season 3,Limited Overs,2026-07-26,Heera Box Cricket,Jaipur,7,13914529,Neuro strikers,14263394,VIKINGS,Neuro strikers,Resulted,9 runs,2,14263394,VIKINGS,33,1,7,7.0,0,4.71,,,,,,,,,,,,,,,,33,0,,,,,,,,7.0,,1,,,,,,,,,,,,,,,,,,CricHeroes scorecard v2
1681,INNINGS,3,26286857,2141686,JCC Season 3,Limited Overs,2026-07-24,Heera Box Cricket,Jaipur,7,13914777,Mavericks,13914721,Outliers,Outliers,Resulted,5 wickets,1,13914777,Mavericks,54,3,4,7.0,0,7.71,,,,,,,,,,,,,,,,54,0,,,,,,,,7.0,,3,,,,,,,,,,,,,,,,,,CricHeroes scorecard v2
1682,INNINGS,3,26286857,2141686,JCC Season 3,Limited Overs,2026-07-24,Heera Box Cricket,Jaipur,7,13914777,Mavericks,13914721,Outliers,Outliers,Resulted,5 wickets,2,13914721,Outliers,55,1,1,6.5,0,8.05,,,,,,,,,,,,,,,,55,0,,,,,,,,6.5,,1,,,,,,,,,,,,,,,,,,CricHeroes scorecard v2
1683,INNINGS,3,26286162,2141686,JCC Season 3,Limited Overs,2026-07-24,Heera Box Cricket,Jaipur,7,14263394,VIKINGS,13914777,Mavericks,VIKINGS,Resulted,22 runs,1,14263394,VIKINGS,66,3,15,7.0,0,9.43,,,,,,,,,,,,,,,,66,0,,,,,,,,7.0,,3,,,,,,,,,,,,,,,,,,CricHeroes scorecard v2
1684,INNINGS,3,26286162,2141686,JCC Season 3,Limited Overs,2026-07-24,Heera Box Cricket,Jaipur,7,14263394,VIKINGS,13914777,Mavericks,VIKINGS,Resulted,22 runs,2,13914777,Mavericks,44,6,2,7.0,0,6.29,,,,,,,,,,,,,,,,44,0,,,,,,,,7.0,,6,,,,,,,,,,,,,,,,,,CricHeroes scorecard v2
1685,INNINGS,3,26285487,2141686,JCC Season 3,Limited Overs,2026-07-24,Heera Box Cricket,Jaipur,7,13914721,Outliers,13914529,Neuro strikers,Neuro strikers,Resulted,6 wickets,1,13914721,Outliers,45,2,4,7.0,0,6.43,,,,,,,,,,,,,,,,45,0,,,,,,,,7.0,,2,,,,,,,,,,,,,,,,,,CricHeroes scorecard v2
1686,INNINGS,3,26285487,2141686,JCC Season 3,Limited Overs,2026-07-24,Heera Box Cricket,Jaipur,7,13914721,Outliers,13914529,Neuro strikers,Neuro strikers,Resulted,6 wickets,2,13914529,Neuro strikers,48,0,4,4.0,0,12.0,,,,,,,,,,,,,,,,48,0,,,,,,,,4.0,,0,,,,,,,,,,,,,,,,,,CricHeroes scorecard v2
1687,MATCH,2,26175565,2092140,JCC Box Cricket League,Box Cricket,2026-07-17,Turf8teen10,Jaipur,7,13914529,Neuro strikers,13914777,Mavericks,Neuro strikers,Resulted,26 runs,,,,,,,,,,,,,,,,,,,,,,,,,,,,,,,,,,,,,,,,,,,,,,,,,,,,,,CricHeroes scorecard v2
1688,MATCH,2,26158057,2092140,JCC Box Cricket League,Box Cricket,2026-07-17,Heera Box Cricket,Jaipur,7,13914721,Outliers,13914529,Neuro strikers,Neuro strikers,Resulted,6 wickets,,,,,,,,,,,,,,,,,,,,,,,,,,,,,,,,,,,,,,,,,,,,,,,,,,,,,,CricHeroes scorecard v2
1689,MATCH,2,26158010,2092140,JCC Box Cricket League,Box Cricket,2026-07-17,Heera Box Cricket,Jaipur,7,13914777,Mavericks,13914721,Outliers,Mavericks,Resulted,20 runs,,,,,,,,,,,,,,,,,,,,,,,,,,,,,,,,,,,,,,,,,,,,,,,,,,,,,,CricHeroes scorecard v2
1690,MATCH,2,26158038,2092140,JCC Box Cricket League,Box Cricket,2026-07-17,Heera Box Cricket,Jaipur,7,13914777,Mavericks,13914529,Neuro strikers,Neuro strikers,Resulted,7 wickets,,,,,,,,,,,,,,,,,,,,,,,,,,,,,,,,,,,,,,,,,,,,,,,,,,,,,,CricHeroes scorecard v2
1691,MATCH,2,26088240,2092140,JCC Box Cricket League,Box Cricket,2026-07-12,Turf8teen10,Jaipur,7,13914529,Neuro strikers,13914777,Mavericks,Mavericks,Resulted,6 wickets,,,,,,,,,,,,,,,,,,,,,,,,,,,,,,,,,,,,,,,,,,,,,,,,,,,,,,CricHeroes scorecard v2
1692,MATCH,2,26085797,2092140,JCC Box Cricket League,Box Cricket,2026-07-12,Turf8teen10,Jaipur,7,13914721,Outliers,13914529,Neuro strikers,Neuro strikers,Resulted,5 wickets,,,,,,,,,,,,,,,,,,,,,,,,,,,,,,,,,,,,,,,,,,,,,,,,,,,,,,CricHeroes scorecard v2
1693,MATCH,2,26083705,2092140,JCC Box Cricket League,Box Cricket,2026-07-12,Turf8teen10,Jaipur,7,13914777,Mavericks,13914721,Outliers,Mavericks,Resulted,33 runs,,,,,,,,,,,,,,,,,,,,,,,,,,,,,,,,,,,,,,,,,,,,,,,,,,,,,,CricHeroes scorecard v2
1694,MATCH,2,25936004,2092140,JCC Box Cricket League,Box Cricket,2026-07-03,Turf8teen10,Jaipur,7,13914529,Neuro strikers,13914721,Outliers,Neuro strikers,Resulted,37 runs,,,,,,,,,,,,,,,,,,,,,,,,,,,,,,,,,,,,,,,,,,,,,,,,,,,,,,CricHeroes scorecard v2
1695,MATCH,2,25935138,2092140,JCC Box Cricket League,Box Cricket,2026-07-03,Turf8teen10,Jaipur,7,13914777,Mavericks,13914721,Outliers,Outliers,Resulted,1 wicket,,,,,,,,,,,,,,,,,,,,,,,,,,,,,,,,,,,,,,,,,,,,,,,,,,,,,,CricHeroes scorecard v2
1696,MATCH,2,25934291,2092140,JCC Box Cricket League,Box Cricket,2026-07-03,Turf8teen10,Jaipur,7,13914777,Mavericks,13914529,Neuro strikers,Neuro strikers,Resulted,6 wickets,,,,,,,,,,,,,,,,,,,,,,,,,,,,,,,,,,,,,,,,,,,,,,,,,,,,,,CricHeroes scorecard v2
1697,MATCH,2,25791542,2092140,JCC Box Cricket League,Box Cricket,2026-06-26,Turf8teen10,Jaipur,10,13914529,Neuro strikers,13914777,Mavericks,Mavericks,Resulted,7 wickets,,,,,,,,,,,,,,,,,,,,,,,,,,,,,,,,,,,,,,,,,,,,,,,,,,,,,,CricHeroes scorecard v2
1698,MATCH,2,25791580,2092140,JCC Box Cricket League,Box Cricket,2026-06-26,Turf8teen10,Jaipur,10,13914529,Neuro strikers,13914721,Outliers,Outliers,Resulted,7 wickets,,,,,,,,,,,,,,,,,,,,,,,,,,,,,,,,,,,,,,,,,,,,,,,,,,,,,,CricHeroes scorecard v2
1699,MATCH,2,25791561,2092140,JCC Box Cricket League,Box Cricket,2026-06-26,Turf8teen10,Jaipur,10,13914721,Outliers,13914777,Mavericks,Mavericks,Resulted,4 wickets,,,,,,,,,,,,,,,,,,,,,,,,,,,,,,,,,,,,,,,,,,,,,,,,,,,,,,CricHeroes scorecard v2
1700,MATCH,2,25625341,2092140,JCC Box Cricket League,Box Cricket,2026-06-19,Turf8teen10,Jaipur,7,13914777,Mavericks,13914721,Outliers,Outliers,Resulted,4 wickets,,,,,,,,,,,,,,,,,,,,,,,,,,,,,,,,,,,,,,,,,,,,,,,,,,,,,,CricHeroes scorecard v2
1701,MATCH,2,25625328,2092140,JCC Box Cricket League,Box Cricket,2026-06-19,Turf8teen10,Jaipur,7,13914529,Neuro strikers,13914721,Outliers,Outliers,Resulted,4 wickets,,,,,,,,,,,,,,,,,,,,,,,,,,,,,,,,,,,,,,,,,,,,,,,,,,,,,,CricHeroes scorecard v2
1702,MATCH,2,25625285,2092140,JCC Box Cricket League,Box Cricket,2026-06-19,Turf8teen10,Jaipur,7,13914777,Mavericks,13914529,Neuro strikers,Mavericks,Resulted,24 runs,,,,,,,,,,,,,,,,,,,,,,,,,,,,,,,,,,,,,,,,,,,,,,,,,,,,,,CricHeroes scorecard v2
1703,MATCH,2,25517051,2092140,JCC Box Cricket League,Box Cricket,2026-06-14,Turf8teen10,Jaipur,7,13914529,Neuro strikers,13914777,Mavericks,Neuro strikers,Resulted,42 runs,,,,,,,,,,,,,,,,,,,,,,,,,,,,,,,,,,,,,,,,,,,,,,,,,,,,,,CricHeroes scorecard v2
1704,MATCH,2,25499868,2092140,JCC Box Cricket League,Box Cricket,2026-06-14,Turf8teen10,Jaipur,7,13914777,Mavericks,13914721,Outliers,,Tie,Tie,,,,,,,,,,,,,,,,,,,,,,,,,,,,,,,,,,,,,,,,,,,,,,,,,,,,,,CricHeroes scorecard v2
1705,MATCH,2,25499900,2092140,JCC Box Cricket League,Box Cricket,2026-06-14,Turf8teen10,Jaipur,7,13914529,Neuro strikers,13914721,Outliers,Neuro strikers,Resulted,23 runs,,,,,,,,,,,,,,,,,,,,,,,,,,,,,,,,,,,,,,,,,,,,,,,,,,,,,,CricHeroes scorecard v2
1706,MATCH,2,25499848,2092140,JCC Box Cricket League,Box Cricket,2026-06-14,Turf8teen10,Jaipur,7,13914777,Mavericks,13914529,Neuro strikers,Mavericks,Resulted,36 runs,,,,,,,,,,,,,,,,,,,,,,,,,,,,,,,,,,,,,,,,,,,,,,,,,,,,,,CricHeroes scorecard v2
1707,MATCH,3,27439735,2141686,JCC Season 3,Box Cricket,2026-10-02,Kodai Box Cricket,Jaipur,7,13914721,Outliers,13914777,Mavericks,Outliers,resulted,7 runs,,,,,,,,,,,,,,,,,,,,,,,,,,,,,,,,,,,,,,,,,,,,,,,,,,,,,,CricHeroes scorecard v2
1708,MATCH,3,27438765,2141686,JCC Season 3,Box Cricket,2026-10-02,Kodai Box Cricket,Jaipur,7,14263394,VIKINGS,13914529,Neuro strikers,VIKINGS,resulted,10 runs,,,,,,,,,,,,,,,,,,,,,,,,,,,,,,,,,,,,,,,,,,,,,,,,,,,,,,CricHeroes scorecard v2
1709,MATCH,3,27437864,2141686,JCC Season 3,Box Cricket,2026-10-02,Kodai Box Cricket,Jaipur,7,13914777,Mavericks,14263394,VIKINGS,VIKINGS,resulted,7 wickets,,,,,,,,,,,,,,,,,,,,,,,,,,,,,,,,,,,,,,,,,,,,,,,,,,,,,,CricHeroes scorecard v2
1710,MATCH,3,27436899,2141686,JCC Season 3,Box Cricket,2026-10-02,Kodai Box Cricket,Jaipur,7,13914721,Outliers,13914529,Neuro strikers,Neuro strikers,resulted,5 wickets,,,,,,,,,,,,,,,,,,,,,,,,,,,,,,,,,,,,,,,,,,,,,,,,,,,,,,CricHeroes scorecard v2
1711,MATCH,3,27302684,2141686,JCC Season 3,Limited Overs,2026-09-25,Box Cricket Kodai,Jaipur,7,13914777,Mavericks,13914529,Neuro strikers,Neuro strikers,resulted,3 wickets,,,,,,,,,,,,,,,,,,,,,,,,,,,,,,,,,,,,,,,,,,,,,,,,,,,,,,CricHeroes scorecard v2
1712,MATCH,3,27301928,2141686,JCC Season 3,Limited Overs,2026-09-25,Kodai Box Cricket,Jaipur,7,13914721,Outliers,14263394,VIKINGS,VIKINGS,resulted,3 wickets,,,,,,,,,,,,,,,,,,,,,,,,,,,,,,,,,,,,,,,,,,,,,,,,,,,,,,CricHeroes scorecard v2
1713,MATCH,3,27301235,2141686,JCC Season 3,Limited Overs,2026-09-25,Kodai Box Cricket,Jaipur,7,13914529,Neuro strikers,13914721,Outliers,Outliers,resulted,5 wickets,,,,,,,,,,,,,,,,,,,,,,,,,,,,,,,,,,,,,,,,,,,,,,,,,,,,,,CricHeroes scorecard v2
1714,MATCH,3,27300331,2141686,JCC Season 3,Limited Overs,2026-09-25,Box Cricket Kodai,Jaipur,7,13914777,Mavericks,14263394,VIKINGS,Mavericks,resulted,8 runs,,,,,,,,,,,,,,,,,,,,,,,,,,,,,,,,,,,,,,,,,,,,,,,,,,,,,,CricHeroes scorecard v2
1715,MATCH,3,27186480,2141686,JCC Season 3,Box Cricket,2026-09-18,Kodai Box Cricket,Jaipur,7,13914529,Neuro strikers,14263394,VIKINGS,Neuro strikers,resulted,40 runs,,,,,,,,,,,,,,,,,,,,,,,,,,,,,,,,,,,,,,,,,,,,,,,,,,,,,,CricHeroes scorecard v2
1716,MATCH,3,27185697,2141686,JCC Season 3,Box Cricket,2026-09-18,Kodai Box Cricket,Jaipur,7,13914721,Outliers,13914777,Mavericks,Mavericks,resulted,7 wickets,,,,,,,,,,,,,,,,,,,,,,,,,,,,,,,,,,,,,,,,,,,,,,,,,,,,,,CricHeroes scorecard v2
1717,MATCH,3,27184789,2141686,JCC Season 3,Box Cricket,2026-09-18,Kodai Box Cricket,Jaipur,7,13914721,Outliers,14263394,VIKINGS,Outliers,resulted,5 runs,,,,,,,,,,,,,,,,,,,,,,,,,,,,,,,,,,,,,,,,,,,,,,,,,,,,,,CricHeroes scorecard v2
1718,MATCH,3,27184046,2141686,JCC Season 3,Box Cricket,2026-09-18,Kodai Box Cricket,Jaipur,7,13914529,Neuro strikers,13914777,Mavericks,Neuro strikers,resulted,6 runs,,,,,,,,,,,,,,,,,,,,,,,,,,,,,,,,,,,,,,,,,,,,,,,,,,,,,,CricHeroes scorecard v2
1719,MATCH,3,27075175,2141686,JCC Season 3,Limited Overs,2026-09-11,Kodai Box Cricket 2,Jaipur,7,13914529,Neuro strikers,13914721,Outliers,Outliers,resulted,5 wickets,,,,,,,,,,,,,,,,,,,,,,,,,,,,,,,,,,,,,,,,,,,,,,,,,,,,,,CricHeroes scorecard v2
1720,MATCH,3,27074232,2141686,JCC Season 3,Limited Overs,2026-09-11,Box Cricket Kodai,Jaipur,7,13914529,Neuro strikers,14263394,VIKINGS,VIKINGS,resulted,4 wickets,,,,,,,,,,,,,,,,,,,,,,,,,,,,,,,,,,,,,,,,,,,,,,,,,,,,,,CricHeroes scorecard v2
1721,MATCH,3,27051912,2141686,JCC Season 3,Box Cricket,2026-09-09,Kodai Box Cricket,Jaipur,7,14263394,VIKINGS,13914721,Outliers,Outliers,resulted,5 wickets,,,,,,,,,,,,,,,,,,,,,,,,,,,,,,,,,,,,,,,,,,,,,,,,,,,,,,CricHeroes scorecard v2
1722,MATCH,3,27051371,2141686,JCC Season 3,Box Cricket,2026-09-09,Kodai Box Cricket,Jaipur,7,13914777,Mavericks,13914529,Neuro strikers,Mavericks,resulted,21 runs,,,,,,,,,,,,,,,,,,,,,,,,,,,,,,,,,,,,,,,,,,,,,,,,,,,,,,CricHeroes scorecard v2
1723,MATCH,3,27050716,2141686,JCC Season 3,Box Cricket,2026-09-09,Kodai Box Cricket,Jaipur,7,13914777,Mavericks,14263394,VIKINGS,Mavericks,resulted,3 runs,,,,,,,,,,,,,,,,,,,,,,,,,,,,,,,,,,,,,,,,,,,,,,,,,,,,,,CricHeroes scorecard v2
1724,MATCH,3,27049931,2141686,JCC Season 3,Box Cricket,2026-09-09,Kodai Box Cricket,Jaipur,7,13914529,Neuro strikers,13914721,Outliers,Neuro strikers,resulted,11 runs,,,,,,,,,,,,,,,,,,,,,,,,,,,,,,,,,,,,,,,,,,,,,,,,,,,,,,CricHeroes scorecard v2
1725,MATCH,3,26739667,2141686,JCC Season 3,Box Cricket,2026-08-21,Kodai Box Cricket,Jaipur,7,14263394,VIKINGS,13914529,Neuro strikers,VIKINGS,resulted,16 runs,,,,,,,,,,,,,,,,,,,,,,,,,,,,,,,,,,,,,,,,,,,,,,,,,,,,,,CricHeroes scorecard v2
1726,MATCH,3,26738741,2141686,JCC Season 3,Box Cricket,2026-08-21,Kodai Box Cricket,Jaipur,7,14263394,VIKINGS,13914721,Outliers,VIKINGS,resulted,19 runs,,,,,,,,,,,,,,,,,,,,,,,,,,,,,,,,,,,,,,,,,,,,,,,,,,,,,,CricHeroes scorecard v2
1727,MATCH,3,26738090,2141686,JCC Season 3,Box Cricket,2026-08-21,Kodai Box Cricket,Jaipur,7,13914777,Mavericks,13914529,Neuro strikers,Neuro strikers,resulted,5 wickets,,,,,,,,,,,,,,,,,,,,,,,,,,,,,,,,,,,,,,,,,,,,,,,,,,,,,,CricHeroes scorecard v2
1728,MATCH,3,26737213,2141686,JCC Season 3,Box Cricket,2026-08-21,Kodai Box Cricket,Jaipur,7,13914777,Mavericks,13914721,Outliers,Mavericks,resulted,32 runs,,,,,,,,,,,,,,,,,,,,,,,,,,,,,,,,,,,,,,,,,,,,,,,,,,,,,,CricHeroes scorecard v2
1729,MATCH,3,26619577,2141686,JCC Season 3,Box Cricket,2026-08-14,Kodai Box Cricket,Jaipur,7,13914721,Outliers,13914529,Neuro strikers,Neuro strikers,resulted,7 wickets,,,,,,,,,,,,,,,,,,,,,,,,,,,,,,,,,,,,,,,,,,,,,,,,,,,,,,CricHeroes scorecard v2
1730,MATCH,3,26618736,2141686,JCC Season 3,Box Cricket,2026-08-14,Kodai Box Cricket,Jaipur,7,14263394,VIKINGS,13914529,Neuro strikers,Neuro strikers,resulted,3 wickets,,,,,,,,,,,,,,,,,,,,,,,,,,,,,,,,,,,,,,,,,,,,,,,,,,,,,,CricHeroes scorecard v2
1731,MATCH,3,26618296,2141686,JCC Season 3,Box Cricket,2026-08-14,Kodai Box Cricket,Jaipur,7,13914777,Mavericks,13914721,Outliers,Outliers,resulted,6 wickets,,,,,,,,,,,,,,,,,,,,,,,,,,,,,,,,,,,,,,,,,,,,,,,,,,,,,,CricHeroes scorecard v2
1732,MATCH,3,26617337,2141686,JCC Season 3,Box Cricket,2026-08-14,Kodai Box Cricket,Jaipur,7,13914777,Mavericks,14263394,VIKINGS,VIKINGS,resulted,6 wickets,,,,,,,,,,,,,,,,,,,,,,,,,,,,,,,,,,,,,,,,,,,,,,,,,,,,,,CricHeroes scorecard v2
1733,MATCH,3,26504462,2141686,JCC Season 3,Box Cricket,2026-08-07,Kodai Box Cricket,Jaipur,7,13914777,Mavericks,14263394,VIKINGS,Mavericks,resulted,11 runs,,,,,,,,,,,,,,,,,,,,,,,,,,,,,,,,,,,,,,,,,,,,,,,,,,,,,,CricHeroes scorecard v2
1734,MATCH,3,26503704,2141686,JCC Season 3,Box Cricket,2026-08-07,Kodai Box Cricket,Jaipur,7,13914529,Neuro strikers,13914777,Mavericks,Mavericks,resulted,3 wickets,,,,,,,,,,,,,,,,,,,,,,,,,,,,,,,,,,,,,,,,,,,,,,,,,,,,,,CricHeroes scorecard v2
1735,MATCH,3,26502665,2141686,JCC Season 3,Box Cricket,2026-08-07,Kodai Box Cricket,Jaipur,7,14263394,VIKINGS,13914721,Outliers,VIKINGS,resulted,16 runs,,,,,,,,,,,,,,,,,,,,,,,,,,,,,,,,,,,,,,,,,,,,,,,,,,,,,,CricHeroes scorecard v2
1736,MATCH,3,26501846,2141686,JCC Season 3,Box Cricket,2026-08-07,Kodai Box Cricket,Jaipur,7,13914721,Outliers,13914529,Neuro strikers,Neuro strikers,resulted,6 wickets,,,,,,,,,,,,,,,,,,,,,,,,,,,,,,,,,,,,,,,,,,,,,,,,,,,,,,CricHeroes scorecard v2
1737,MATCH,3,26486511,2141686,JCC Season 3,Box Cricket,2026-08-06,Jai club box,Jaipur,7,13914529,Neuro strikers,14263394,VIKINGS,VIKINGS,Resulted,5 wickets,,,,,,,,,,,,,,,,,,,,,,,,,,,,,,,,,,,,,,,,,,,,,,,,,,,,,,CricHeroes scorecard v2
1738,MATCH,3,26486329,2141686,JCC Season 3,Box Cricket,2026-08-06,Jai club box,Jaipur,7,13914777,Mavericks,13914529,Neuro strikers,Neuro strikers,Resulted,4 wickets,,,,,,,,,,,,,,,,,,,,,,,,,,,,,,,,,,,,,,,,,,,,,,,,,,,,,,CricHeroes scorecard v2
1739,MATCH,3,26397455,2141686,JCC Season 3,Limited Overs,2026-07-31,Jai club box,Jaipur,7,13914777,Mavericks,13914721,Outliers,Outliers,Resulted,5 wickets,,,,,,,,,,,,,,,,,,,,,,,,,,,,,,,,,,,,,,,,,,,,,,,,,,,,,,CricHeroes scorecard v2
1740,MATCH,3,26395983,2141686,JCC Season 3,Limited Overs,2026-07-31,Jai club box,Jaipur,7,13914721,Outliers,14263394,VIKINGS,Outliers,Resulted,20 runs,,,,,,,,,,,,,,,,,,,,,,,,,,,,,,,,,,,,,,,,,,,,,,,,,,,,,,CricHeroes scorecard v2
1741,MATCH,3,26326478,2141686,JCC Season 3,Limited Overs,2026-07-26,Heera Box Cricket,Jaipur,7,13914529,Neuro strikers,14263394,VIKINGS,Neuro strikers,Resulted,9 runs,,,,,,,,,,,,,,,,,,,,,,,,,,,,,,,,,,,,,,,,,,,,,,,,,,,,,,CricHeroes scorecard v2
1742,MATCH,3,26286857,2141686,JCC Season 3,Limited Overs,2026-07-24,Heera Box Cricket,Jaipur,7,13914777,Mavericks,13914721,Outliers,Outliers,Resulted,5 wickets,,,,,,,,,,,,,,,,,,,,,,,,,,,,,,,,,,,,,,,,,,,,,,,,,,,,,,CricHeroes scorecard v2
1743,MATCH,3,26286162,2141686,JCC Season 3,Limited Overs,2026-07-24,Heera Box Cricket,Jaipur,7,14263394,VIKINGS,13914777,Mavericks,VIKINGS,Resulted,22 runs,,,,,,,,,,,,,,,,,,,,,,,,,,,,,,,,,,,,,,,,,,,,,,,,,,,,,,CricHeroes scorecard v2
1744,MATCH,3,26285487,2141686,JCC Season 3,Limited Overs,2026-07-24,Heera Box Cricket,Jaipur,7,13914721,Outliers,13914529,Neuro strikers,Neuro strikers,Resulted,6 wickets,,,,,,,,,,,,,,,,,,,,,,,,,,,,,,,,,,,,,,,,,,,,,,,,,,,,,,CricHeroes scorecard v2
